datetime,wind_speed_kts,wind_direction_deg,air_temperature_c,water_temperature_c,relative_humidity_pct,air_pressure_hpa,station_name,latitude,longitude,risk_class,risk_label,wave_height_m,wave_period_s
2020-01-01 12:00:00,,,25.3,,66.6,1014.5,arabian_sea_15n65e,15.0,65.0,0,LOW,0.8433565497398376,6.377153396606445
2020-01-02 12:00:00,,,25.2,,66.3,1016.1,arabian_sea_15n65e,15.0,65.0,0,LOW,0.845298171043396,5.555953025817871
2020-01-03 12:00:00,,,25.2,,65.2,1015.8,arabian_sea_15n65e,15.0,65.0,0,LOW,1.238599419593811,5.3275604248046875
2020-01-04 12:00:00,,,25.1,,64.2,1014.3,arabian_sea_15n65e,15.0,65.0,0,LOW,1.2453449964523315,5.6901140213012695
2020-01-05 12:00:00,,,25.1,,59.8,1012.8,arabian_sea_15n65e,15.0,65.0,0,LOW,1.034001350402832,6.324389457702637
2020-01-06 12:00:00,,,26.0,,59.0,1013.4,arabian_sea_15n65e,15.0,65.0,0,LOW,0.8631929755210876,7.236398696899414
2020-01-07 12:00:00,,,25.7,,70.5,1013.8,arabian_sea_15n65e,15.0,65.0,0,LOW,0.7494236826896667,6.841229438781738
2020-01-08 12:00:00,,,25.1,,71.7,1014.1,arabian_sea_15n65e,15.0,65.0,0,LOW,0.9152985215187073,6.321733474731445
2020-01-09 12:00:00,,,25.3,,70.6,1013.7,arabian_sea_15n65e,15.0,65.0,0,LOW,1.105994462966919,5.937709808349609
2020-01-10 12:00:00,,,25.0,,71.3,1013.0,arabian_sea_15n65e,15.0,65.0,0,LOW,1.0751309394836426,6.468818664550781
2020-01-11 12:00:00,,,25.4,,75.9,1013.3,arabian_sea_15n65e,15.0,65.0,0,LOW,0.9281299114227295,6.983382225036621
2020-01-12 12:00:00,,,25.7,,70.9,1014.6,arabian_sea_15n65e,15.0,65.0,0,LOW,0.8336548209190369,6.891507148742676
2020-01-13 12:00:00,,,24.5,,70.3,1013.8,arabian_sea_15n65e,15.0,65.0,1,MODERATE,1.8636515140533447,6.925603866577148
2020-01-14 12:00:00,,,24.3,,64.9,1013.5,arabian_sea_15n65e,15.0,65.0,0,LOW,1.4149744510650635,7.0137739181518555
2020-01-15 12:00:00,,,24.2,,68.5,1014.3,arabian_sea_15n65e,15.0,65.0,0,LOW,1.1972095966339111,5.524960517883301
2020-01-16 12:00:00,,,24.4,,62.8,1014.8,arabian_sea_15n65e,15.0,65.0,0,LOW,1.4554311037063599,5.65934944152832
2020-01-17 12:00:00,,,23.8,,60.8,1015.1,arabian_sea_15n65e,15.0,65.0,1,MODERATE,1.6495004892349243,6.1275434494018555
2020-01-18 12:00:00,,,23.9,,61.5,1014.5,arabian_sea_15n65e,15.0,65.0,0,LOW,1.3726258277893066,5.752738952636719
2020-01-19 12:00:00,,,24.4,,62.2,1014.7,arabian_sea_15n65e,15.0,65.0,0,LOW,1.1718356609344482,5.911646842956543
2020-01-20 12:00:00,,,24.5,,61.3,1014.6,arabian_sea_15n65e,15.0,65.0,0,LOW,1.056849479675293,6.737669944763184
2020-01-21 12:00:00,,,24.8,,70.0,1014.5,arabian_sea_15n65e,15.0,65.0,0,LOW,0.8451992869377136,7.015311241149902
2020-01-22 12:00:00,,,24.9,,79.2,1014.9,arabian_sea_15n65e,15.0,65.0,0,LOW,0.9149360656738281,5.329852104187012
2020-01-23 12:00:00,,,25.1,,78.9,1014.8,arabian_sea_15n65e,15.0,65.0,0,LOW,1.1017661094665527,5.983220100402832
2020-01-24 12:00:00,,,25.0,,84.2,1014.3,arabian_sea_15n65e,15.0,65.0,0,LOW,1.2080329656600952,6.874906539916992
2020-01-25 12:00:00,,,25.1,,76.4,1014.4,arabian_sea_15n65e,15.0,65.0,0,LOW,1.0121345520019531,7.440656661987305
2020-01-26 12:00:00,,,24.7,,71.2,1013.9,arabian_sea_15n65e,15.0,65.0,0,LOW,0.8758059144020081,8.501077651977539
2020-01-27 12:00:00,,,24.2,,70.6,1014.3,arabian_sea_15n65e,15.0,65.0,0,LOW,1.1597119569778442,6.687132835388184
2020-01-28 12:00:00,,,24.0,,63.1,1015.0,arabian_sea_15n65e,15.0,65.0,1,MODERATE,1.946777105331421,7.356990814208984
2020-01-29 12:00:00,,,23.9,,57.9,1016.0,arabian_sea_15n65e,15.0,65.0,0,LOW,1.3909211158752441,6.395977973937988
2020-01-30 12:00:00,,,23.7,,61.4,1015.7,arabian_sea_15n65e,15.0,65.0,0,LOW,1.0727555751800537,6.571955680847168
2020-01-31 12:00:00,,,23.6,,61.2,1014.2,arabian_sea_15n65e,15.0,65.0,0,LOW,1.4931490421295166,7.398625373840332
2020-02-01 12:00:00,,,23.9,,60.2,1014.5,arabian_sea_15n65e,15.0,65.0,0,LOW,1.3428360223770142,8.374135971069336
2020-02-02 12:00:00,,,24.3,,62.2,1015.7,arabian_sea_15n65e,15.0,65.0,0,LOW,1.2174599170684814,8.336191177368164
2020-02-03 12:00:00,,,24.3,,60.0,1015.4,arabian_sea_15n65e,15.0,65.0,0,LOW,1.0053415298461914,6.934203147888184
2020-02-04 12:00:00,,,24.6,,67.7,1014.3,arabian_sea_15n65e,15.0,65.0,0,LOW,1.1486797332763672,5.908044815063477
2020-02-05 12:00:00,,,24.5,,63.3,1015.1,arabian_sea_15n65e,15.0,65.0,0,LOW,1.1718907356262207,5.904291152954102
2020-02-06 12:00:00,,,24.1,,60.1,1015.4,arabian_sea_15n65e,15.0,65.0,0,LOW,1.1544673442840576,5.672411918640137
2020-02-07 12:00:00,,,24.4,,59.7,1015.7,arabian_sea_15n65e,15.0,65.0,0,LOW,0.9002088904380798,5.913328170776367
2020-02-08 12:00:00,,,24.2,,62.3,1015.8,arabian_sea_15n65e,15.0,65.0,0,LOW,1.0177308320999146,5.380899429321289
2020-02-09 12:00:00,,,24.7,,66.5,1014.4,arabian_sea_15n65e,15.0,65.0,0,LOW,1.0895476341247559,5.923813819885254
2020-02-10 12:00:00,,,24.7,,76.9,1012.9,arabian_sea_15n65e,15.0,65.0,0,LOW,1.2135589122772217,6.19989013671875
2020-02-11 12:00:00,,,24.9,,79.8,1013.2,arabian_sea_15n65e,15.0,65.0,0,LOW,1.0681697130203247,6.537782669067383
2020-02-12 12:00:00,,,25.0,,82.5,1015.6,arabian_sea_15n65e,15.0,65.0,0,LOW,0.7995754480361938,7.417788505554199
2020-02-13 12:00:00,,,24.9,,78.3,1015.8,arabian_sea_15n65e,15.0,65.0,0,LOW,0.9523471593856812,5.939800262451172
2020-02-14 12:00:00,,,25.1,,83.6,1014.5,arabian_sea_15n65e,15.0,65.0,0,LOW,1.0868442058563232,6.277880668640137
2020-02-15 12:00:00,,,25.2,,83.1,1014.2,arabian_sea_15n65e,15.0,65.0,0,LOW,1.0356621742248535,6.539379119873047
2020-02-16 12:00:00,,,25.0,,78.3,1014.6,arabian_sea_15n65e,15.0,65.0,0,LOW,1.0648144483566284,5.60159969329834
2020-02-17 12:00:00,,,24.9,,73.9,1014.8,arabian_sea_15n65e,15.0,65.0,0,LOW,0.8760200142860413,5.8020477294921875
2020-02-18 12:00:00,,,25.0,,76.9,1014.8,arabian_sea_15n65e,15.0,65.0,0,LOW,0.6903880834579468,6.352557182312012
2020-02-19 12:00:00,,,24.9,,81.8,1013.1,arabian_sea_15n65e,15.0,65.0,0,LOW,0.6600589752197266,7.4228010177612305
2020-02-20 12:00:00,,,25.4,,78.4,1012.8,arabian_sea_15n65e,15.0,65.0,0,LOW,0.6543051600456238,9.664769172668457
2020-02-21 12:00:00,,,25.9,,76.8,1015.1,arabian_sea_15n65e,15.0,65.0,0,LOW,0.6896752715110779,10.041692733764648
2020-02-22 12:00:00,,,25.3,,80.4,1015.8,arabian_sea_15n65e,15.0,65.0,0,LOW,0.8754016160964966,6.342020034790039
2020-02-23 12:00:00,,,25.2,,80.0,1014.3,arabian_sea_15n65e,15.0,65.0,0,LOW,0.9621180891990662,5.201057434082031
2020-02-24 12:00:00,,,25.2,,82.3,1012.8,arabian_sea_15n65e,15.0,65.0,0,LOW,0.9346320629119873,5.023158073425293
2020-02-25 12:00:00,,,25.5,,79.6,1012.4,arabian_sea_15n65e,15.0,65.0,0,LOW,0.8701223731040955,5.528251647949219
2020-02-26 12:00:00,,,25.7,,77.8,1012.6,arabian_sea_15n65e,15.0,65.0,0,LOW,0.8781566023826599,6.591531753540039
2020-02-27 12:00:00,,,25.5,,73.5,1012.5,arabian_sea_15n65e,15.0,65.0,0,LOW,0.9419617056846619,7.890207290649414
2020-02-28 12:00:00,,,25.4,,66.6,1011.5,arabian_sea_15n65e,15.0,65.0,0,LOW,0.8990075588226318,8.560257911682129
2020-02-29 12:00:00,,,25.2,,65.4,1011.0,arabian_sea_15n65e,15.0,65.0,0,LOW,0.8093984127044678,8.352742195129395
2020-03-01 12:00:00,,,25.5,,68.5,1011.9,arabian_sea_15n65e,15.0,65.0,0,LOW,0.6917641162872314,7.828442573547363
2020-03-02 12:00:00,,,25.7,,71.1,1013.0,arabian_sea_15n65e,15.0,65.0,0,LOW,0.6866636872291565,8.395990371704102
2020-03-03 12:00:00,,,25.6,,71.9,1013.7,arabian_sea_15n65e,15.0,65.0,0,LOW,0.6394076943397522,8.109338760375977
2020-03-04 12:00:00,,,25.4,,68.3,1012.8,arabian_sea_15n65e,15.0,65.0,0,LOW,0.6709357500076294,8.21829605102539
2020-03-05 12:00:00,,,25.4,,66.8,1011.8,arabian_sea_15n65e,15.0,65.0,0,LOW,0.6672666072845459,8.044137001037598
2020-03-06 12:00:00,,,25.2,,58.8,1012.1,arabian_sea_15n65e,15.0,65.0,0,LOW,0.9258477687835693,8.54438304901123
2020-03-07 12:00:00,,,25.1,,56.6,1013.1,arabian_sea_15n65e,15.0,65.0,0,LOW,0.9067208170890808,7.438933372497559
2020-03-08 12:00:00,,,25.0,,63.2,1012.7,arabian_sea_15n65e,15.0,65.0,0,LOW,0.8623623251914978,8.173250198364258
2020-03-09 12:00:00,,,24.9,,67.4,1012.0,arabian_sea_15n65e,15.0,65.0,0,LOW,0.8670935034751892,6.212094306945801
2020-03-10 12:00:00,,,24.6,,65.6,1012.4,arabian_sea_15n65e,15.0,65.0,0,LOW,0.8064368963241577,6.328524589538574
2020-03-11 12:00:00,,,25.0,,65.1,1013.6,arabian_sea_15n65e,15.0,65.0,0,LOW,0.9136537313461304,5.812552452087402
2020-03-12 12:00:00,,,24.6,,56.1,1014.7,arabian_sea_15n65e,15.0,65.0,0,LOW,1.032170057296753,8.71822738647461
2020-03-13 12:00:00,,,24.6,,61.6,1014.9,arabian_sea_15n65e,15.0,65.0,0,LOW,1.2988349199295044,7.011194229125977
2020-03-14 12:00:00,,,25.2,,60.3,1013.6,arabian_sea_15n65e,15.0,65.0,0,LOW,1.3032233715057373,6.683566093444824
2020-03-15 12:00:00,,,25.4,,61.6,1012.6,arabian_sea_15n65e,15.0,65.0,0,LOW,1.0749940872192383,7.496628761291504
2020-03-16 12:00:00,,,25.6,,68.1,1012.6,arabian_sea_15n65e,15.0,65.0,0,LOW,1.0254783630371094,8.203845977783203
2020-03-17 12:00:00,,,25.6,,70.6,1013.5,arabian_sea_15n65e,15.0,65.0,0,LOW,0.8823569416999817,8.17770004272461
2020-03-18 12:00:00,,,26.1,,77.3,1013.7,arabian_sea_15n65e,15.0,65.0,0,LOW,0.7112510800361633,7.953066825866699
2020-03-19 12:00:00,,,25.9,,82.5,1013.5,arabian_sea_15n65e,15.0,65.0,0,LOW,0.5629348158836365,7.489831924438477
2020-03-20 12:00:00,,,26.5,,78.7,1012.8,arabian_sea_15n65e,15.0,65.0,0,LOW,0.5149691700935364,7.857851982116699
2020-03-21 12:00:00,,,27.0,,75.4,1012.8,arabian_sea_15n65e,15.0,65.0,0,LOW,0.7094589471817017,8.925776481628418
2020-03-22 12:00:00,,,27.3,,74.1,1012.9,arabian_sea_15n65e,15.0,65.0,0,LOW,0.6768364310264587,8.580242156982422
2020-03-23 12:00:00,,,26.7,,74.8,1012.2,arabian_sea_15n65e,15.0,65.0,0,LOW,0.7252237200737,7.956963539123535
2020-03-24 12:00:00,,,26.4,,74.8,1010.4,arabian_sea_15n65e,15.0,65.0,0,LOW,0.7092495560646057,7.988068580627441
2020-03-25 12:00:00,,,26.5,,73.1,1010.4,arabian_sea_15n65e,15.0,65.0,0,LOW,0.7173682451248169,8.126703262329102
2020-03-26 12:00:00,,,27.1,,73.8,1011.3,arabian_sea_15n65e,15.0,65.0,0,LOW,0.6516159176826477,7.350164413452148
2020-03-27 12:00:00,,,27.3,,75.9,1013.2,arabian_sea_15n65e,15.0,65.0,0,LOW,1.04425048828125,5.510082244873047
2020-03-28 12:00:00,,,26.7,,74.5,1013.0,arabian_sea_15n65e,15.0,65.0,0,LOW,1.1681112051010132,5.147777557373047
2020-03-29 12:00:00,,,26.4,,71.0,1011.6,arabian_sea_15n65e,15.0,65.0,0,LOW,0.9332466721534729,5.870643615722656
2020-03-30 12:00:00,,,26.7,,74.3,1011.8,arabian_sea_15n65e,15.0,65.0,0,LOW,0.6877048015594482,7.080351829528809
2020-03-31 12:00:00,,,26.8,,75.3,1012.7,arabian_sea_15n65e,15.0,65.0,0,LOW,0.6161385178565979,7.605978012084961
2020-04-01 12:00:00,,,26.9,,77.8,1012.2,arabian_sea_15n65e,15.0,65.0,0,LOW,0.8518009185791016,5.990694999694824
2020-04-02 12:00:00,,,27.0,,76.7,1011.3,arabian_sea_15n65e,15.0,65.0,0,LOW,1.0014598369598389,7.3083295822143555
2020-04-03 12:00:00,,,26.9,,75.3,1011.7,arabian_sea_15n65e,15.0,65.0,0,LOW,0.8989983797073364,7.447604179382324
2020-04-04 12:00:00,,,26.4,,73.7,1012.6,arabian_sea_15n65e,15.0,65.0,0,LOW,0.9748972058296204,6.745482444763184
2020-04-05 12:00:00,,,26.5,,75.9,1013.3,arabian_sea_15n65e,15.0,65.0,0,LOW,0.8271758556365967,7.097322463989258
2020-04-06 12:00:00,,,26.9,,74.6,1013.0,arabian_sea_15n65e,15.0,65.0,0,LOW,0.7757810950279236,9.356340408325195
2020-04-07 12:00:00,,,27.4,,70.2,1012.3,arabian_sea_15n65e,15.0,65.0,0,LOW,0.7019347548484802,10.079291343688965
2020-04-08 12:00:00,,,28.1,,69.5,1013.0,arabian_sea_15n65e,15.0,65.0,0,LOW,0.8952676653862,12.14756965637207
2020-04-09 12:00:00,,,28.0,,69.6,1012.4,arabian_sea_15n65e,15.0,65.0,0,LOW,1.0891000032424927,11.870739936828613
2020-04-10 12:00:00,,,27.7,,71.3,1012.6,arabian_sea_15n65e,15.0,65.0,0,LOW,1.0409014225006104,10.416314125061035
2020-04-11 12:00:00,,,27.2,,73.9,1013.2,arabian_sea_15n65e,15.0,65.0,0,LOW,0.9678823947906494,9.378995895385742
2020-04-12 12:00:00,,,27.2,,76.5,1012.5,arabian_sea_15n65e,15.0,65.0,0,LOW,0.9254276156425476,9.245085716247559
2020-04-13 12:00:00,,,27.6,,79.6,1011.3,arabian_sea_15n65e,15.0,65.0,0,LOW,1.2270151376724243,10.065828323364258
2020-04-14 12:00:00,,,28.1,,81.3,1011.5,arabian_sea_15n65e,15.0,65.0,0,LOW,1.361449956893921,9.71224308013916
2020-04-15 12:00:00,,,28.0,,81.3,1011.4,arabian_sea_15n65e,15.0,65.0,0,LOW,1.2427282333374023,9.104663848876953
2020-04-16 12:00:00,,,28.1,,78.9,1010.7,arabian_sea_15n65e,15.0,65.0,0,LOW,1.0740158557891846,9.073610305786133
2020-04-17 12:00:00,,,28.3,,75.8,1010.2,arabian_sea_15n65e,15.0,65.0,0,LOW,0.9543483257293701,9.06527042388916
2020-04-18 12:00:00,,,28.6,,74.5,1011.1,arabian_sea_15n65e,15.0,65.0,0,LOW,0.946276843547821,8.974198341369629
2020-04-19 12:00:00,,,28.6,,76.2,1010.2,arabian_sea_15n65e,15.0,65.0,0,LOW,1.0286388397216797,8.614413261413574
2020-04-20 12:00:00,,,28.5,,78.9,1010.0,arabian_sea_15n65e,15.0,65.0,0,LOW,1.0791049003601074,8.618208885192871
2020-04-21 12:00:00,,,28.8,,76.4,1011.2,arabian_sea_15n65e,15.0,65.0,0,LOW,0.8670544624328613,8.533885955810547
2020-04-22 12:00:00,,,28.6,,76.2,1010.8,arabian_sea_15n65e,15.0,65.0,0,LOW,0.8148022890090942,9.070942878723145
2020-04-23 12:00:00,,,28.8,,76.2,1010.6,arabian_sea_15n65e,15.0,65.0,0,LOW,0.8577382564544678,8.98254108428955
2020-04-24 12:00:00,,,28.9,,73.5,1010.1,arabian_sea_15n65e,15.0,65.0,0,LOW,0.8678132891654968,8.79172134399414
2020-04-25 12:00:00,,,28.5,,76.7,1010.0,arabian_sea_15n65e,15.0,65.0,0,LOW,0.7933679223060608,8.762927055358887
2020-04-26 12:00:00,,,29.0,,73.9,1011.2,arabian_sea_15n65e,15.0,65.0,0,LOW,0.8208853006362915,8.969759941101074
2020-04-27 12:00:00,,,28.8,,73.8,1011.9,arabian_sea_15n65e,15.0,65.0,0,LOW,0.8375944495201111,9.27844524383545
2020-04-28 12:00:00,,,28.8,,74.0,1011.5,arabian_sea_15n65e,15.0,65.0,0,LOW,0.8924858570098877,9.099037170410156
2020-04-29 12:00:00,,,28.8,,73.3,1010.8,arabian_sea_15n65e,15.0,65.0,0,LOW,0.9227165579795837,9.03696060180664
2020-04-30 12:00:00,,,29.1,,68.3,1011.5,arabian_sea_15n65e,15.0,65.0,0,LOW,0.7889512181282043,8.517024040222168
2020-05-01 12:00:00,,,29.1,,69.0,1011.0,arabian_sea_15n65e,15.0,65.0,0,LOW,0.6830122470855713,8.167343139648438
2020-05-02 12:00:00,,,29.1,,68.3,1010.2,arabian_sea_15n65e,15.0,65.0,0,LOW,0.68229079246521,9.487857818603516
2020-05-03 12:00:00,,,29.3,,71.2,1010.2,arabian_sea_15n65e,15.0,65.0,0,LOW,1.0716527700424194,12.117669105529785
2020-05-04 12:00:00,,,29.3,,73.2,1011.5,arabian_sea_15n65e,15.0,65.0,0,LOW,1.1934776306152344,11.504626274108887
2020-05-05 12:00:00,,,29.3,,76.8,1010.9,arabian_sea_15n65e,15.0,65.0,0,LOW,1.2751487493515015,9.770692825317383
2020-05-06 12:00:00,,,29.2,,76.7,1009.6,arabian_sea_15n65e,15.0,65.0,0,LOW,1.246775507926941,9.259510040283203
2020-05-07 12:00:00,,,29.4,,74.4,1009.7,arabian_sea_15n65e,15.0,65.0,0,LOW,1.1589224338531494,9.132950782775879
2020-05-08 12:00:00,,,29.6,,71.9,1009.6,arabian_sea_15n65e,15.0,65.0,0,LOW,1.0485084056854248,9.053674697875977
2020-05-09 12:00:00,,,29.5,,69.8,1009.6,arabian_sea_15n65e,15.0,65.0,0,LOW,0.9756291508674622,9.116558074951172
2020-05-10 12:00:00,,,29.4,,68.6,1009.5,arabian_sea_15n65e,15.0,65.0,0,LOW,1.0204017162322998,9.341446876525879
2020-05-11 12:00:00,,,29.3,,67.9,1009.3,arabian_sea_15n65e,15.0,65.0,0,LOW,1.0105085372924805,9.074901580810547
2020-05-12 12:00:00,,,29.1,,70.3,1009.0,arabian_sea_15n65e,15.0,65.0,0,LOW,0.9916797280311584,8.604665756225586
2020-05-13 12:00:00,,,29.4,,68.9,1008.4,arabian_sea_15n65e,15.0,65.0,0,LOW,0.9184412956237793,8.527196884155273
2020-05-14 12:00:00,,,29.8,,70.6,1008.3,arabian_sea_15n65e,15.0,65.0,0,LOW,1.0321348905563354,8.34649658203125
2020-05-15 12:00:00,,,30.1,,71.6,1008.4,arabian_sea_15n65e,15.0,65.0,0,LOW,1.0955804586410522,8.159971237182617
2020-05-16 12:00:00,,,30.0,,69.8,1008.6,arabian_sea_15n65e,15.0,65.0,0,LOW,1.095729112625122,8.544666290283203
2020-05-17 12:00:00,,,30.0,,69.5,1008.8,arabian_sea_15n65e,15.0,65.0,0,LOW,1.1847951412200928,8.512788772583008
2020-05-18 12:00:00,,,29.6,,75.5,1007.3,arabian_sea_15n65e,15.0,65.0,1,MODERATE,1.4125361442565918,8.799202919006348
2020-05-19 12:00:00,,,29.7,,70.5,1006.2,arabian_sea_15n65e,15.0,65.0,1,MODERATE,1.4740395545959473,8.860719680786133
2020-05-20 12:00:00,,,29.9,,68.0,1006.3,arabian_sea_15n65e,15.0,65.0,1,MODERATE,1.4250702857971191,8.655591011047363
2020-05-21 12:00:00,,,30.2,,67.4,1007.7,arabian_sea_15n65e,15.0,65.0,1,MODERATE,1.3324182033538818,8.198416709899902
2020-05-22 12:00:00,,,30.3,,67.6,1008.4,arabian_sea_15n65e,15.0,65.0,0,LOW,1.43217134475708,8.564208030700684
2020-05-23 12:00:00,,,29.9,,69.1,1008.9,arabian_sea_15n65e,15.0,65.0,1,MODERATE,1.7175215482711792,9.685131072998047
2020-05-24 12:00:00,,,30.2,,69.9,1009.4,arabian_sea_15n65e,15.0,65.0,1,MODERATE,1.8005925416946411,9.743596076965332
2020-05-25 12:00:00,,,30.8,,68.1,1009.9,arabian_sea_15n65e,15.0,65.0,1,MODERATE,1.7651000022888184,9.963663101196289
2020-05-26 12:00:00,,,30.4,,72.3,1010.1,arabian_sea_15n65e,15.0,65.0,1,MODERATE,1.5803577899932861,9.855254173278809
2020-05-27 12:00:00,,,30.5,,75.1,1009.4,arabian_sea_15n65e,15.0,65.0,1,MODERATE,1.7992873191833496,10.385161399841309
2020-05-28 12:00:00,,,30.6,,77.1,1008.2,arabian_sea_15n65e,15.0,65.0,1,MODERATE,1.6677541732788086,7.919350624084473
2020-05-29 12:00:00,,,30.7,,78.2,1008.1,arabian_sea_15n65e,15.0,65.0,1,MODERATE,1.7597732543945312,7.670581817626953
2020-05-30 12:00:00,,,30.6,,78.6,1008.5,arabian_sea_15n65e,15.0,65.0,1,MODERATE,1.8087031841278076,7.970685005187988
2020-05-31 12:00:00,,,30.6,,78.0,1008.7,arabian_sea_15n65e,15.0,65.0,1,MODERATE,1.7801225185394287,7.9390058517456055
2020-06-01 12:00:00,,,29.9,,78.8,1008.1,arabian_sea_15n65e,15.0,65.0,1,MODERATE,1.9145631790161133,7.855621337890625
2020-06-02 12:00:00,,,30.5,,79.7,1006.0,arabian_sea_15n65e,15.0,65.0,1,MODERATE,2.0142970085144043,7.1547956466674805
2020-06-03 12:00:00,,,30.7,,78.6,1005.4,arabian_sea_15n65e,15.0,65.0,1,MODERATE,2.405212879180908,7.257809638977051
2020-06-04 12:00:00,,,30.6,,79.4,1005.8,arabian_sea_15n65e,15.0,65.0,1,MODERATE,2.348987102508545,7.6835784912109375
2020-06-05 12:00:00,,,30.4,,79.8,1005.5,arabian_sea_15n65e,15.0,65.0,1,MODERATE,2.3788559436798096,7.624706268310547
2020-06-06 12:00:00,,,30.4,,79.8,1004.8,arabian_sea_15n65e,15.0,65.0,1,MODERATE,2.7517266273498535,7.909926414489746
2020-06-07 12:00:00,,,30.3,,80.3,1004.7,arabian_sea_15n65e,15.0,65.0,1,MODERATE,2.753754138946533,8.015884399414062
2020-06-08 12:00:00,,,30.2,,80.8,1005.4,arabian_sea_15n65e,15.0,65.0,1,MODERATE,2.631807565689087,7.927770614624023
2020-06-09 12:00:00,,,29.4,,80.9,1005.9,arabian_sea_15n65e,15.0,65.0,1,MODERATE,2.498361587524414,7.85441780090332
2020-06-10 12:00:00,,,29.5,,81.1,1005.2,arabian_sea_15n65e,15.0,65.0,1,MODERATE,2.2912211418151855,7.723130226135254
2020-06-11 12:00:00,,,30.0,,79.7,1003.5,arabian_sea_15n65e,15.0,65.0,1,MODERATE,2.546060085296631,8.120512008666992
2020-06-12 12:00:00,,,29.6,,81.3,1001.8,arabian_sea_15n65e,15.0,65.0,2,HIGH,3.2507283687591553,8.363274574279785
2020-06-13 12:00:00,,,29.6,,81.4,1002.1,arabian_sea_15n65e,15.0,65.0,2,HIGH,3.576322555541992,8.809353828430176
2020-06-14 12:00:00,,,28.2,,86.0,1003.9,arabian_sea_15n65e,15.0,65.0,2,HIGH,3.7932093143463135,8.916960716247559
2020-06-15 12:00:00,,,29.1,,82.5,1003.4,arabian_sea_15n65e,15.0,65.0,2,HIGH,3.422079563140869,8.478752136230469
2020-06-16 12:00:00,,,29.4,,82.1,1001.9,arabian_sea_15n65e,15.0,65.0,2,HIGH,3.458779811859131,8.730171203613281
2020-06-17 12:00:00,,,29.5,,80.8,1001.3,arabian_sea_15n65e,15.0,65.0,3,EXTREME,4.180376052856445,8.790837287902832
2020-06-18 12:00:00,,,29.4,,79.8,1003.0,arabian_sea_15n65e,15.0,65.0,3,EXTREME,4.759768486022949,9.389859199523926
2020-06-19 12:00:00,,,29.2,,80.3,1004.4,arabian_sea_15n65e,15.0,65.0,3,EXTREME,4.110085487365723,9.402911186218262
2020-06-20 12:00:00,,,29.1,,81.6,1004.8,arabian_sea_15n65e,15.0,65.0,2,HIGH,3.317168712615967,8.810911178588867
2020-06-21 12:00:00,,,29.0,,81.0,1004.1,arabian_sea_15n65e,15.0,65.0,2,HIGH,3.374946355819702,8.703128814697266
2020-06-22 12:00:00,,,29.0,,81.9,1002.3,arabian_sea_15n65e,15.0,65.0,2,HIGH,3.5455033779144287,8.727015495300293
2020-06-23 12:00:00,,,28.9,,83.2,1003.2,arabian_sea_15n65e,15.0,65.0,2,HIGH,3.31929349899292,8.845606803894043
2020-06-24 12:00:00,,,28.9,,82.7,1004.0,arabian_sea_15n65e,15.0,65.0,2,HIGH,3.0628345012664795,8.410686492919922
2020-06-25 12:00:00,,,28.9,,83.2,1003.4,arabian_sea_15n65e,15.0,65.0,1,MODERATE,2.7337255477905273,8.339597702026367
2020-06-26 12:00:00,,,29.0,,82.8,1003.9,arabian_sea_15n65e,15.0,65.0,1,MODERATE,2.7156519889831543,8.509594917297363
2020-06-27 12:00:00,,,28.8,,83.8,1005.1,arabian_sea_15n65e,15.0,65.0,1,MODERATE,2.642758846282959,8.364411354064941
2020-06-28 12:00:00,,,28.8,,83.3,1005.3,arabian_sea_15n65e,15.0,65.0,1,MODERATE,2.765510320663452,8.080015182495117
2020-06-29 12:00:00,,,28.7,,82.8,1004.4,arabian_sea_15n65e,15.0,65.0,1,MODERATE,2.70359468460083,8.092926025390625
2020-06-30 12:00:00,,,28.8,,82.6,1002.8,arabian_sea_15n65e,15.0,65.0,2,HIGH,3.1763253211975098,8.509360313415527
2020-07-01 12:00:00,,,28.5,,83.0,1002.2,arabian_sea_15n65e,15.0,65.0,2,HIGH,3.636420726776123,8.377215385437012
2020-07-02 12:00:00,,,28.9,,79.4,1003.2,arabian_sea_15n65e,15.0,65.0,3,EXTREME,4.095243453979492,9.170344352722168
2020-07-03 12:00:00,,,28.8,,78.2,1004.2,arabian_sea_15n65e,15.0,65.0,2,HIGH,3.6145966053009033,9.033602714538574
2020-07-04 12:00:00,,,28.8,,78.7,1003.3,arabian_sea_15n65e,15.0,65.0,2,HIGH,3.761806011199951,8.921334266662598
2020-07-05 12:00:00,,,28.8,,78.0,1002.1,arabian_sea_15n65e,15.0,65.0,2,HIGH,3.7425997257232666,8.816938400268555
2020-07-06 12:00:00,,,28.8,,79.6,1002.2,arabian_sea_15n65e,15.0,65.0,2,HIGH,3.811966896057129,8.823295593261719
2020-07-07 12:00:00,,,28.8,,79.5,1003.7,arabian_sea_15n65e,15.0,65.0,2,HIGH,3.609926700592041,8.666825294494629
2020-07-08 12:00:00,,,28.7,,80.0,1004.6,arabian_sea_15n65e,15.0,65.0,2,HIGH,3.3742623329162598,8.278334617614746
2020-07-09 12:00:00,,,28.6,,81.2,1003.7,arabian_sea_15n65e,15.0,65.0,2,HIGH,3.054152727127075,8.8290376663208
2020-07-10 12:00:00,,,28.5,,82.7,1004.2,arabian_sea_15n65e,15.0,65.0,2,HIGH,3.146953582763672,8.615313529968262
2020-07-11 12:00:00,,,28.4,,81.8,1004.3,arabian_sea_15n65e,15.0,65.0,2,HIGH,3.3280434608459473,9.011863708496094
2020-07-12 12:00:00,,,28.5,,83.0,1004.6,arabian_sea_15n65e,15.0,65.0,2,HIGH,3.051319122314453,8.721147537231445
2020-07-13 12:00:00,,,28.5,,82.9,1004.0,arabian_sea_15n65e,15.0,65.0,2,HIGH,3.214327335357666,9.29969310760498
2020-07-14 12:00:00,,,28.4,,82.0,1004.5,arabian_sea_15n65e,15.0,65.0,2,HIGH,3.1849191188812256,9.147429466247559
2020-07-15 12:00:00,,,28.2,,82.7,1003.7,arabian_sea_15n65e,15.0,65.0,2,HIGH,3.4279561042785645,8.433759689331055
2020-07-16 12:00:00,,,28.4,,81.4,1001.0,arabian_sea_15n65e,15.0,65.0,2,HIGH,3.648885726928711,8.553434371948242
2020-07-17 12:00:00,,,28.4,,80.2,999.9,arabian_sea_15n65e,15.0,65.0,3,EXTREME,4.210572242736816,9.244364738464355
2020-07-18 12:00:00,,,28.1,,80.0,1002.2,arabian_sea_15n65e,15.0,65.0,3,EXTREME,4.445312976837158,9.424675941467285
2020-07-19 12:00:00,,,28.0,,79.1,1005.0,arabian_sea_15n65e,15.0,65.0,3,EXTREME,4.468151092529297,9.994194984436035
2020-07-20 12:00:00,,,27.7,,81.0,1004.2,arabian_sea_15n65e,15.0,65.0,2,HIGH,3.8024208545684814,9.561279296875
2020-07-21 12:00:00,,,27.8,,81.1,1004.8,arabian_sea_15n65e,15.0,65.0,2,HIGH,3.1824209690093994,9.532365798950195
2020-07-22 12:00:00,,,27.9,,81.5,1006.4,arabian_sea_15n65e,15.0,65.0,1,MODERATE,2.779085636138916,9.925127029418945
2020-07-23 12:00:00,,,27.7,,82.2,1006.2,arabian_sea_15n65e,15.0,65.0,1,MODERATE,2.7709579467773438,9.484854698181152
2020-07-24 12:00:00,,,27.4,,82.9,1006.5,arabian_sea_15n65e,15.0,65.0,1,MODERATE,2.490171194076538,8.87485122680664
2020-07-25 12:00:00,,,26.8,,84.5,1007.2,arabian_sea_15n65e,15.0,65.0,1,MODERATE,2.3867363929748535,8.659406661987305
2020-07-26 12:00:00,,,27.3,,83.1,1008.2,arabian_sea_15n65e,15.0,65.0,1,MODERATE,2.3094396591186523,9.662931442260742
2020-07-27 12:00:00,,,27.5,,82.8,1008.5,arabian_sea_15n65e,15.0,65.0,1,MODERATE,2.5280351638793945,10.740218162536621
2020-07-28 12:00:00,,,27.6,,83.2,1007.9,arabian_sea_15n65e,15.0,65.0,1,MODERATE,2.562418222427368,10.6244478225708
2020-07-29 12:00:00,,,27.8,,83.1,1006.2,arabian_sea_15n65e,15.0,65.0,1,MODERATE,2.5517044067382812,8.626445770263672
2020-07-30 12:00:00,,,27.9,,83.5,1005.1,arabian_sea_15n65e,15.0,65.0,2,HIGH,3.044208526611328,8.873700141906738
2020-07-31 12:00:00,,,27.9,,84.3,1004.4,arabian_sea_15n65e,15.0,65.0,2,HIGH,3.0684967041015625,8.589706420898438
2020-08-01 12:00:00,,,27.7,,84.9,1004.0,arabian_sea_15n65e,15.0,65.0,2,HIGH,3.395920753479004,8.295007705688477
2020-08-02 12:00:00,,,27.7,,83.6,1003.5,arabian_sea_15n65e,15.0,65.0,2,HIGH,3.5133023262023926,9.111886978149414
2020-08-03 12:00:00,,,27.9,,81.2,1002.4,arabian_sea_15n65e,15.0,65.0,3,EXTREME,4.185428142547607,8.877415657043457
2020-08-04 12:00:00,,,27.8,,81.9,1000.2,arabian_sea_15n65e,15.0,65.0,3,EXTREME,4.824256420135498,9.373573303222656
2020-08-05 12:00:00,,,27.8,,81.6,999.4,arabian_sea_15n65e,15.0,65.0,3,EXTREME,4.6601033210754395,9.492782592773438
2020-08-06 12:00:00,,,27.6,,,1000.7,arabian_sea_15n65e,15.0,65.0,3,EXTREME,4.628721714019775,9.937267303466797
2020-08-07 12:00:00,,,27.4,,,1003.0,arabian_sea_15n65e,15.0,65.0,3,EXTREME,4.308040142059326,9.6939058303833
2020-08-08 12:00:00,,,27.1,,,1004.8,arabian_sea_15n65e,15.0,65.0,3,EXTREME,4.580069541931152,9.660135269165039
2020-08-09 12:00:00,,,27.1,,,1004.4,arabian_sea_15n65e,15.0,65.0,3,EXTREME,4.561471939086914,9.657047271728516
2020-08-10 12:00:00,,,27.1,,,1004.7,arabian_sea_15n65e,15.0,65.0,3,EXTREME,4.1823625564575195,9.618414878845215
2020-08-11 12:00:00,,,27.0,,,1006.7,arabian_sea_15n65e,15.0,65.0,2,HIGH,3.298839807510376,8.73366928100586
2020-08-12 12:00:00,,,27.0,,,1007.9,arabian_sea_15n65e,15.0,65.0,2,HIGH,3.1904819011688232,8.087949752807617
2020-08-13 12:00:00,,,27.0,,,1005.0,arabian_sea_15n65e,15.0,65.0,2,HIGH,3.46653413772583,8.274271011352539
2020-08-14 12:00:00,,,26.9,,,1002.9,arabian_sea_15n65e,15.0,65.0,2,HIGH,3.613461494445801,8.185131072998047
2020-08-15 12:00:00,,,26.8,,,1003.4,arabian_sea_15n65e,15.0,65.0,2,HIGH,3.7375922203063965,8.769674301147461
2020-08-16 12:00:00,,,26.9,,,1004.6,arabian_sea_15n65e,15.0,65.0,2,HIGH,3.473842144012451,8.976556777954102
2020-08-17 12:00:00,,,26.8,,,1004.1,arabian_sea_15n65e,15.0,65.0,2,HIGH,3.366034507751465,9.009395599365234
2020-08-18 12:00:00,,,26.7,,,1005.1,arabian_sea_15n65e,15.0,65.0,2,HIGH,2.989269971847534,8.48356819152832
2020-08-19 12:00:00,,,26.8,,,1004.7,arabian_sea_15n65e,15.0,65.0,2,HIGH,2.8246352672576904,8.870794296264648
2020-08-20 12:00:00,,,26.9,,,1003.9,arabian_sea_15n65e,15.0,65.0,2,HIGH,2.9347965717315674,8.39211654663086
2020-08-21 12:00:00,,,26.9,,,1005.1,arabian_sea_15n65e,15.0,65.0,2,HIGH,3.100362539291382,8.592086791992188
2020-08-22 12:00:00,,,26.8,,,1006.2,arabian_sea_15n65e,15.0,65.0,1,MODERATE,2.778522253036499,8.560863494873047
2020-08-23 12:00:00,,,26.6,,,1006.7,arabian_sea_15n65e,15.0,65.0,2,HIGH,2.904691219329834,8.493818283081055
2020-08-24 12:00:00,,,26.7,,,1007.1,arabian_sea_15n65e,15.0,65.0,2,HIGH,2.919304847717285,8.850558280944824
2020-08-25 12:00:00,,,26.7,,,1008.5,arabian_sea_15n65e,15.0,65.0,1,MODERATE,2.7037975788116455,8.55938720703125
2020-08-26 12:00:00,,,26.6,,,1008.6,arabian_sea_15n65e,15.0,65.0,1,MODERATE,2.4611425399780273,8.244892120361328
2020-08-27 12:00:00,,,26.6,,,1007.4,arabian_sea_15n65e,15.0,65.0,1,MODERATE,2.4262778759002686,7.7827043533325195
2020-08-28 12:00:00,,,26.7,,,1006.4,arabian_sea_15n65e,15.0,65.0,1,MODERATE,2.4146533012390137,7.853675842285156
2020-08-29 12:00:00,,,26.6,,,1006.6,arabian_sea_15n65e,15.0,65.0,1,MODERATE,2.4025628566741943,8.22585391998291
2020-08-30 12:00:00,,,26.6,,,1006.9,arabian_sea_15n65e,15.0,65.0,1,MODERATE,2.33253812789917,7.687524795532227
2020-08-31 12:00:00,,,26.6,,,1008.4,arabian_sea_15n65e,15.0,65.0,1,MODERATE,2.027599334716797,7.91994571685791
2020-09-01 12:00:00,,,26.9,,,1010.0,arabian_sea_15n65e,15.0,65.0,1,MODERATE,1.7926392555236816,8.377495765686035
2020-09-02 12:00:00,,,26.8,,,1009.6,arabian_sea_15n65e,15.0,65.0,1,MODERATE,1.6336965560913086,8.479652404785156
2020-09-03 12:00:00,,,26.5,,,1008.5,arabian_sea_15n65e,15.0,65.0,1,MODERATE,1.5418968200683594,8.484256744384766
2020-09-04 12:00:00,,,26.9,,,1007.7,arabian_sea_15n65e,15.0,65.0,1,MODERATE,1.3619358539581299,8.93143367767334
2020-09-05 12:00:00,,,27.3,,,1006.6,arabian_sea_15n65e,15.0,65.0,1,MODERATE,1.4968022108078003,9.154970169067383
2020-09-06 12:00:00,,,26.9,,,1006.6,arabian_sea_15n65e,15.0,65.0,1,MODERATE,1.6446168422698975,9.116345405578613
2020-09-07 12:00:00,,,27.0,,,1008.4,arabian_sea_15n65e,15.0,65.0,1,MODERATE,1.8268213272094727,8.713569641113281
2020-09-08 12:00:00,,,26.4,,,1009.3,arabian_sea_15n65e,15.0,65.0,1,MODERATE,1.91676926612854,8.388432502746582
2020-09-09 12:00:00,,,26.4,,,1007.4,arabian_sea_15n65e,15.0,65.0,1,MODERATE,2.0297765731811523,8.387358665466309
2020-09-10 12:00:00,,,26.3,,,1005.6,arabian_sea_15n65e,15.0,65.0,1,MODERATE,1.9926626682281494,8.676050186157227
2020-09-11 12:00:00,,,26.3,,,1005.6,arabian_sea_15n65e,15.0,65.0,1,MODERATE,2.0248353481292725,8.275064468383789
2020-09-12 12:00:00,,,26.1,,,1007.4,arabian_sea_15n65e,15.0,65.0,1,MODERATE,1.9924530982971191,8.466548919677734
2020-09-13 12:00:00,,,26.2,,,1007.7,arabian_sea_15n65e,15.0,65.0,1,MODERATE,2.242436408996582,8.861472129821777
2020-09-14 12:00:00,,,25.8,,,1006.9,arabian_sea_15n65e,15.0,65.0,1,MODERATE,2.507735252380371,8.309268951416016
2020-09-15 12:00:00,,,26.1,,,1006.6,arabian_sea_15n65e,15.0,65.0,1,MODERATE,2.3505046367645264,8.01150894165039
2020-09-16 12:00:00,,,25.5,,,1007.1,arabian_sea_15n65e,15.0,65.0,1,MODERATE,2.4108378887176514,7.841391563415527
2020-09-17 12:00:00,,,26.2,,,1008.2,arabian_sea_15n65e,15.0,65.0,1,MODERATE,2.227485179901123,7.655517578125
2020-09-18 12:00:00,,,26.1,,,1007.3,arabian_sea_15n65e,15.0,65.0,1,MODERATE,2.253782033920288,7.242959022521973
2020-09-19 12:00:00,,,26.1,,,1005.5,arabian_sea_15n65e,15.0,65.0,1,MODERATE,2.4431838989257812,7.552762985229492
2020-09-20 12:00:00,,,26.1,,,1004.8,arabian_sea_15n65e,15.0,65.0,1,MODERATE,2.6485843658447266,7.728097915649414
2020-09-21 12:00:00,,,26.6,,,1005.2,arabian_sea_15n65e,15.0,65.0,1,MODERATE,2.7828409671783447,7.584628105163574
2020-09-22 12:00:00,,,26.5,,,1005.7,arabian_sea_15n65e,15.0,65.0,1,MODERATE,2.569437026977539,7.306417465209961
2020-09-23 12:00:00,,,26.6,,,1006.6,arabian_sea_15n65e,15.0,65.0,1,MODERATE,2.6354544162750244,7.317045211791992
2020-09-24 12:00:00,,,26.7,,,1008.7,arabian_sea_15n65e,15.0,65.0,1,MODERATE,2.1301331520080566,7.6084489822387695
2020-09-25 12:00:00,,,26.6,,,1009.0,arabian_sea_15n65e,15.0,65.0,1,MODERATE,1.9401854276657104,8.08157730102539
2020-09-26 12:00:00,,,26.9,,,1008.9,arabian_sea_15n65e,15.0,65.0,1,MODERATE,1.7785855531692505,8.070335388183594
2020-09-27 12:00:00,,,26.8,,,1009.6,arabian_sea_15n65e,15.0,65.0,1,MODERATE,1.6539034843444824,8.32294750213623
2020-09-28 12:00:00,,,26.7,,,1010.0,arabian_sea_15n65e,15.0,65.0,0,LOW,1.468363642692566,8.392416000366211
2020-09-29 12:00:00,,,26.3,,,1009.4,arabian_sea_15n65e,15.0,65.0,0,LOW,1.3437039852142334,8.712571144104004
2020-09-30 12:00:00,,,27.0,,,1009.7,arabian_sea_15n65e,15.0,65.0,0,LOW,1.26954185962677,9.169929504394531
2020-10-01 12:00:00,,,27.0,,,1010.1,arabian_sea_15n65e,15.0,65.0,0,LOW,1.1150407791137695,8.388089179992676
2020-10-02 12:00:00,,,27.0,,,1010.0,arabian_sea_15n65e,15.0,65.0,0,LOW,1.0621521472930908,7.851269721984863
2020-10-03 12:00:00,,,27.1,,,1010.3,arabian_sea_15n65e,15.0,65.0,0,LOW,0.8978744745254517,7.484916687011719
2020-10-04 12:00:00,,,27.1,,,1011.0,arabian_sea_15n65e,15.0,65.0,0,LOW,0.8420317769050598,7.388360977172852
2020-10-05 12:00:00,,,27.2,,,1010.2,arabian_sea_15n65e,15.0,65.0,0,LOW,0.8018839359283447,7.4854326248168945
2020-10-06 12:00:00,,,27.2,,,1010.2,arabian_sea_15n65e,15.0,65.0,0,LOW,0.7625588774681091,8.037593841552734
2020-10-07 12:00:00,,,27.5,,,1010.9,arabian_sea_15n65e,15.0,65.0,0,LOW,0.7606123685836792,8.924507141113281
2020-10-08 12:00:00,,,27.4,,,1010.3,arabian_sea_15n65e,15.0,65.0,0,LOW,0.8145502805709839,9.694130897521973
2020-10-09 12:00:00,,,27.8,,,1009.9,arabian_sea_15n65e,15.0,65.0,0,LOW,0.978704035282135,10.218918800354004
2020-10-10 12:00:00,,,28.1,,,1009.7,arabian_sea_15n65e,15.0,65.0,0,LOW,1.0542269945144653,9.844721794128418
2020-10-11 12:00:00,,,27.9,,,1008.6,arabian_sea_15n65e,15.0,65.0,0,LOW,1.1946871280670166,10.007070541381836
2020-10-12 12:00:00,,,27.7,,,1006.9,arabian_sea_15n65e,15.0,65.0,1,MODERATE,1.3102707862854004,7.76957893371582
2020-10-13 12:00:00,,,27.9,,,1006.3,arabian_sea_15n65e,15.0,65.0,1,MODERATE,1.1795709133148193,7.303003311157227
2020-10-14 12:00:00,,,27.7,,,1007.1,arabian_sea_15n65e,15.0,65.0,1,MODERATE,1.2438603639602661,6.643153190612793
2020-10-15 12:00:00,,,27.6,,,1006.8,arabian_sea_15n65e,15.0,65.0,1,MODERATE,1.1749286651611328,5.724982261657715
2020-10-16 12:00:00,,,27.6,,,1005.0,arabian_sea_15n65e,15.0,65.0,1,MODERATE,1.1811585426330566,5.363062858581543
2020-10-17 12:00:00,,,27.5,,,1004.5,arabian_sea_15n65e,15.0,65.0,1,MODERATE,1.4824252128601074,5.610705375671387
2020-10-18 12:00:00,,,27.5,,,1005.4,arabian_sea_15n65e,15.0,65.0,1,MODERATE,1.49761164188385,6.309995651245117
2020-10-19 12:00:00,,,27.5,,,1007.3,arabian_sea_15n65e,15.0,65.0,1,MODERATE,1.3459219932556152,7.145979881286621
2020-10-20 12:00:00,,,27.2,,,1008.5,arabian_sea_15n65e,15.0,65.0,0,LOW,1.2001965045928955,9.279613494873047
2020-01-01 12:00:00,11.0799136044,272.6,29.11,29.43,74.4,,arabian_sea_4n67e,4.0,67.0,0,LOW,1.0760226249694824,6.202348709106445
2020-01-02 12:00:00,11.8574514012,258.9,29.0,29.46,74.4,,arabian_sea_4n67e,4.0,67.0,0,LOW,1.166831374168396,6.918013572692871
2020-01-03 12:00:00,7.969762417199999,251.8,28.95,29.55,75.2,,arabian_sea_4n67e,4.0,67.0,0,LOW,1.098950982093811,7.4349822998046875
2020-01-04 12:00:00,5.2483801284,242.1,25.9,28.83,89.6,,arabian_sea_4n67e,4.0,67.0,0,LOW,1.2299641370773315,6.9281511306762695
2020-01-05 12:00:00,10.1079913584,232.8,27.93,29.04,82.8,,arabian_sea_4n67e,4.0,67.0,0,LOW,1.204167366027832,7.026537895202637
2020-01-06 12:00:00,12.0518358504,230.8,28.14,29.24,82.0,,arabian_sea_4n67e,4.0,67.0,0,LOW,1.2821383476257324,7.002756118774414
2020-01-07 12:00:00,11.8574514012,251.1,28.87,29.23,78.8,,arabian_sea_4n67e,4.0,67.0,0,LOW,1.3456151485443115,7.569500923156738
2020-01-08 12:00:00,8.1641468664,239.9,28.5,29.27,78.4,,arabian_sea_4n67e,4.0,67.0,0,LOW,1.3281402587890625,7.760698318481445
2020-01-09 12:00:00,10.4967602568,237.0,28.93,29.35,75.2,,arabian_sea_4n67e,4.0,67.0,0,LOW,1.233191728591919,7.155483245849609
2020-01-10 12:00:00,12.4406047488,231.8,28.88,29.36,76.4,,arabian_sea_4n67e,4.0,67.0,0,LOW,1.2633633613586426,6.349189758300781
2020-01-11 12:00:00,13.0237580964,243.8,28.96,29.46,71.3,,arabian_sea_4n67e,4.0,67.0,0,LOW,1.2308642864227295,6.037825584411621
2020-01-12 12:00:00,12.0518358504,230.8,28.92,29.51,66.5,,arabian_sea_4n67e,4.0,67.0,0,LOW,1.2731080055236816,6.163479804992676
2020-01-13 12:00:00,9.3304535616,210.9,28.73,29.42,68.1,,arabian_sea_4n67e,4.0,67.0,0,LOW,1.0487101078033447,7.175115585327148
2020-01-14 12:00:00,11.663066952,209.1,28.57,29.1,74.0,,arabian_sea_4n67e,4.0,67.0,0,LOW,1.2743494510650635,6.9957075119018555
2020-01-15 12:00:00,12.0518358504,199.7,28.15,28.99,78.4,,arabian_sea_4n67e,4.0,67.0,1,MODERATE,1.6552174091339111,8.4263277053833
2020-01-16 12:00:00,12.8293736472,214.1,28.31,29.04,76.8,,arabian_sea_4n67e,4.0,67.0,0,LOW,1.4263783693313599,7.11076545715332
2020-01-17 12:00:00,13.2181425456,216.7,28.74,29.03,75.6,,arabian_sea_4n67e,4.0,67.0,1,MODERATE,1.6028696298599243,6.4979047775268555
2020-01-18 12:00:00,11.663066952,231.2,28.88,29.21,76.4,,arabian_sea_4n67e,4.0,67.0,1,MODERATE,1.6799988746643066,7.126274108886719
2020-01-19 12:00:00,11.0799136044,243.6,28.76,29.23,78.8,,arabian_sea_4n67e,4.0,67.0,1,MODERATE,1.5363376140594482,7.660670280456543
2020-01-20 12:00:00,11.2742980536,254.4,28.76,29.25,80.0,,arabian_sea_4n67e,4.0,67.0,0,LOW,1.348841667175293,7.109496116638184
2020-01-21 12:00:00,15.7451403852,255.2,29.18,29.31,77.2,,arabian_sea_4n67e,4.0,67.0,0,LOW,1.4875333309173584,6.252127647399902
2020-01-22 12:00:00,16.1339092836,249.8,29.18,29.14,77.2,,arabian_sea_4n67e,4.0,67.0,1,MODERATE,1.7904243469238281,6.648943901062012
2020-01-23 12:00:00,12.8293736472,231.4,28.82,29.12,82.4,,arabian_sea_4n67e,4.0,67.0,1,MODERATE,1.6566977500915527,7.324284553527832
2020-01-24 12:00:00,12.4406047488,264.7,27.37,29.21,84.4,,arabian_sea_4n67e,4.0,67.0,1,MODERATE,1.6513923406600952,7.186918258666992
2020-01-25 12:00:00,7.969762417199999,254.6,28.68,29.38,79.6,,arabian_sea_4n67e,4.0,67.0,1,MODERATE,1.5599861145019531,9.121320724487305
2020-01-26 12:00:00,8.747300214,223.3,28.85,29.36,74.8,,arabian_sea_4n67e,4.0,67.0,0,LOW,1.2576417922973633,8.161233901977539
2020-01-27 12:00:00,11.8574514012,202.2,28.65,29.3,68.5,,arabian_sea_4n67e,4.0,67.0,0,LOW,1.3293896913528442,7.789183616638184
2020-01-28 12:00:00,12.2462202996,213.7,28.74,29.19,71.3,,arabian_sea_4n67e,4.0,67.0,0,LOW,1.246825933456421,7.255184173583984
2020-01-29 12:00:00,13.2181425456,226.3,28.89,29.09,74.8,,arabian_sea_4n67e,4.0,67.0,1,MODERATE,1.5501008033752441,8.134259223937988
2020-01-30 12:00:00,13.8012958932,241.4,28.8,29.18,76.4,,arabian_sea_4n67e,4.0,67.0,1,MODERATE,2.0419938564300537,8.772883415222168
2020-01-31 12:00:00,12.4406047488,242.3,28.72,29.29,71.7,,arabian_sea_4n67e,4.0,67.0,1,MODERATE,1.8439791202545166,8.733830451965332
2020-02-01 12:00:00,11.8574514012,245.1,28.77,29.42,73.7,,arabian_sea_4n67e,4.0,67.0,1,MODERATE,1.5293594598770142,7.685659408569336
2020-02-02 12:00:00,11.2742980536,227.2,28.49,29.41,75.6,,arabian_sea_4n67e,4.0,67.0,0,LOW,1.3422157764434814,6.917978286743164
2020-02-03 12:00:00,11.8574514012,220.2,28.61,29.23,74.8,,arabian_sea_4n67e,4.0,67.0,0,LOW,1.1188669204711914,6.610228538513184
2020-02-04 12:00:00,11.2742980536,205.8,28.13,29.05,79.6,,arabian_sea_4n67e,4.0,67.0,0,LOW,1.2509746551513672,7.193201065063477
2020-02-05 12:00:00,9.9136069092,234.7,28.7,29.1,76.4,,arabian_sea_4n67e,4.0,67.0,0,LOW,1.1181797981262207,7.486322402954102
2020-02-06 12:00:00,9.5248380108,251.9,28.87,29.26,76.4,,arabian_sea_4n67e,4.0,67.0,0,LOW,1.2296626567840576,7.066943168640137
2020-02-07 12:00:00,8.1641468664,272.2,28.97,29.43,76.0,,arabian_sea_4n67e,4.0,67.0,0,LOW,1.0291152000427246,7.349851608276367
2020-02-08 12:00:00,6.414686823599999,262.7,28.86,29.46,75.2,,arabian_sea_4n67e,4.0,67.0,0,LOW,1.1004945039749146,7.942422866821289
2020-02-09 12:00:00,7.5809935188,288.9,28.6,29.36,78.8,,arabian_sea_4n67e,4.0,67.0,0,LOW,1.2162566184997559,8.352280616760254
2020-02-10 12:00:00,6.414686823599999,243.3,26.45,29.01,88.4,,arabian_sea_4n67e,4.0,67.0,0,LOW,1.2499358654022217,7.29559326171875
2020-02-11 12:00:00,5.831533476,329.9,26.79,28.99,84.4,,arabian_sea_4n67e,4.0,67.0,0,LOW,1.3892146348953247,6.990419387817383
2020-02-12 12:00:00,9.3304535616,256.6,28.45,29.03,76.4,,arabian_sea_4n67e,4.0,67.0,0,LOW,1.3342434167861938,7.115054130554199
2020-02-13 12:00:00,11.4686825028,228.4,28.99,29.22,76.4,,arabian_sea_4n67e,4.0,67.0,0,LOW,1.3017123937606812,7.243755340576172
2020-02-14 12:00:00,11.663066952,190.1,28.71,29.23,79.2,,arabian_sea_4n67e,4.0,67.0,0,LOW,1.1735141277313232,6.924853324890137
2020-02-15 12:00:00,10.3023758076,199.1,28.21,29.14,78.4,,arabian_sea_4n67e,4.0,67.0,0,LOW,1.2270684242248535,6.787425994873047
2020-02-16 12:00:00,11.4686825028,184.3,28.74,29.24,74.8,,arabian_sea_4n67e,4.0,67.0,0,LOW,1.2537792921066284,6.74368953704834
2020-02-17 12:00:00,8.747300214,232.8,28.59,29.42,77.6,,arabian_sea_4n67e,4.0,67.0,0,LOW,1.0688910484313965,7.1045379638671875
2020-02-18 12:00:00,11.4686825028,235.5,29.11,29.4,76.4,,arabian_sea_4n67e,4.0,67.0,0,LOW,1.1828197240829468,7.171893119812012
2020-02-19 12:00:00,13.8012958932,223.8,29.03,29.33,75.6,,arabian_sea_4n67e,4.0,67.0,0,LOW,1.4327640533447266,7.6952619552612305
2020-02-20 12:00:00,13.9956803424,242.1,28.88,29.25,71.7,,arabian_sea_4n67e,4.0,67.0,1,MODERATE,1.6137778759002686,7.053196907043457
2020-02-21 12:00:00,12.634989198,248.6,28.96,29.33,73.3,,arabian_sea_4n67e,4.0,67.0,0,LOW,1.3222436904907227,6.941106796264648
2020-02-22 12:00:00,11.8574514012,258.9,28.54,29.43,79.6,,arabian_sea_4n67e,4.0,67.0,0,LOW,1.2555285692214966,6.194070816040039
2020-02-23 12:00:00,15.1619870376,239.3,29.14,29.38,78.8,,arabian_sea_4n67e,4.0,67.0,0,LOW,1.415243148803711,5.639533996582031
2020-02-24 12:00:00,13.9956803424,247.1,29.07,29.26,77.6,,arabian_sea_4n67e,4.0,67.0,0,LOW,1.3840949535369873,6.320521354675293
2020-02-25 12:00:00,13.8012958932,237.8,29.1,29.21,76.8,,arabian_sea_4n67e,4.0,67.0,0,LOW,1.4746146202087402,6.740653991699219
2020-02-26 12:00:00,12.2462202996,224.1,28.94,29.26,74.4,,arabian_sea_4n67e,4.0,67.0,0,LOW,1.4764232635498047,7.972879409790039
2020-02-27 12:00:00,10.1079913584,207.1,28.87,29.27,72.1,,arabian_sea_4n67e,4.0,67.0,0,LOW,1.3777527809143066,8.064767837524414
2020-02-28 12:00:00,8.5529157648,184.6,28.87,29.33,72.1,,arabian_sea_4n67e,4.0,67.0,0,LOW,1.0225427150726318,7.626908302307129
2020-02-29 12:00:00,8.941684663199998,206.6,28.68,29.36,72.5,,arabian_sea_4n67e,4.0,67.0,0,LOW,1.0293691158294678,7.9418535232543945
2020-03-01 12:00:00,6.9978401712,238.4,28.74,29.56,71.3,,arabian_sea_4n67e,4.0,67.0,0,LOW,1.1048500537872314,8.346753120422363
2020-03-02 12:00:00,8.1641468664,246.3,28.82,29.47,72.5,,arabian_sea_4n67e,4.0,67.0,0,LOW,1.2530698776245117,8.275140762329102
2020-03-03 12:00:00,7.5809935188,205.9,28.94,29.49,72.5,,arabian_sea_4n67e,4.0,67.0,0,LOW,1.0813021659851074,8.559289932250977
2020-03-04 12:00:00,8.5529157648,181.9,28.85,29.51,71.7,,arabian_sea_4n67e,4.0,67.0,0,LOW,1.1653205156326294,8.85062026977539
2020-03-05 12:00:00,7.1922246204,200.1,28.91,29.72,70.1,,arabian_sea_4n67e,4.0,67.0,0,LOW,1.114043951034546,10.127877235412598
2020-03-06 12:00:00,6.414686823599999,168.9,28.8,29.72,68.5,,arabian_sea_4n67e,4.0,67.0,0,LOW,1.0869805812835693,9.44623851776123
2020-03-07 12:00:00,3.4989200856,168.4,28.9,29.9,60.9,,arabian_sea_4n67e,4.0,67.0,0,LOW,1.0566232204437256,9.490447044372559
2020-03-08 12:00:00,2.7213822887999997,229.6,28.87,30.03,58.9,,arabian_sea_4n67e,4.0,67.0,0,LOW,1.0408291816711426,9.149080276489258
2020-03-09 12:00:00,5.831533476,224.5,28.66,29.87,66.1,,arabian_sea_4n67e,4.0,67.0,0,LOW,0.9444860816001892,8.2489595413208
2020-03-10 12:00:00,6.803455722,214.1,29.08,29.83,70.5,,arabian_sea_4n67e,4.0,67.0,0,LOW,0.9238685369491577,9.049471855163574
2020-03-11 12:00:00,10.3023758076,243.9,29.35,29.89,72.9,,arabian_sea_4n67e,4.0,67.0,0,LOW,1.2666810750961304,11.388236045837402
2020-03-12 12:00:00,11.663066952,233.9,29.21,29.82,76.4,,arabian_sea_4n67e,4.0,67.0,1,MODERATE,1.564396619796753,10.26388168334961
2020-03-13 12:00:00,13.4125269948,222.7,29.25,29.55,75.2,,arabian_sea_4n67e,4.0,67.0,1,MODERATE,1.6777411699295044,7.787073135375977
2020-03-14 12:00:00,9.3304535616,210.9,28.82,29.39,76.8,,arabian_sea_4n67e,4.0,67.0,0,LOW,1.4064948558807373,7.819552421569824
2020-03-15 12:00:00,6.6090712728,194.9,28.39,29.51,79.2,,arabian_sea_4n67e,4.0,67.0,0,LOW,1.2854433059692383,8.175583839416504
2020-03-16 12:00:00,10.4967602568,229.2,29.16,29.64,77.6,,arabian_sea_4n67e,4.0,67.0,0,LOW,1.1704978942871094,7.607166290283203
2020-03-17 12:00:00,13.4125269948,244.4,29.64,29.72,76.4,,arabian_sea_4n67e,4.0,67.0,0,LOW,1.300081491470337,6.466762542724609
2020-03-18 12:00:00,11.2742980536,256.4,29.56,29.85,78.4,,arabian_sea_4n67e,4.0,67.0,0,LOW,1.1055381298065186,6.324404716491699
2020-03-19 12:00:00,6.414686823599999,258.9,28.93,30.08,78.4,,arabian_sea_4n67e,4.0,67.0,0,LOW,1.0409622192382812,7.506921768188477
2020-03-20 12:00:00,5.831533476,239.9,29.22,30.24,74.8,,arabian_sea_4n67e,4.0,67.0,0,LOW,1.1331331729888916,8.3832426071167
2020-03-21 12:00:00,6.2203023744,266.5,28.82,30.31,77.2,,arabian_sea_4n67e,4.0,67.0,0,LOW,1.0305038690567017,8.319087028503418
2020-03-22 12:00:00,8.941684663199998,236.4,28.65,29.96,77.2,,arabian_sea_4n67e,4.0,67.0,0,LOW,0.9510063529014587,7.321208953857422
2020-03-23 12:00:00,10.691144706,224.5,29.31,29.96,70.5,,arabian_sea_4n67e,4.0,67.0,0,LOW,1.1956827640533447,8.088311195373535
2020-03-24 12:00:00,8.358531315599999,205.6,29.24,30.05,71.3,,arabian_sea_4n67e,4.0,67.0,0,LOW,1.055196762084961,7.660187721252441
2020-03-25 12:00:00,7.5809935188,225.9,29.3,30.12,72.5,,arabian_sea_4n67e,4.0,67.0,0,LOW,0.9041358232498169,7.890375137329102
2020-03-26 12:00:00,8.358531315599999,237.4,29.56,30.03,72.5,,arabian_sea_4n67e,4.0,67.0,0,LOW,0.8034713864326477,6.907781600952148
2020-03-27 12:00:00,8.747300214,250.6,29.79,30.07,74.0,,arabian_sea_4n67e,4.0,67.0,0,LOW,0.8987427353858948,6.735912322998047
2020-03-28 12:00:00,6.9978401712,263.1,29.74,30.25,74.4,,arabian_sea_4n67e,4.0,67.0,0,LOW,0.8294881582260132,7.082592010498047
2020-03-29 12:00:00,5.442764577599999,248.1,29.55,30.35,72.9,,arabian_sea_4n67e,4.0,67.0,0,LOW,0.9156685471534729,8.004920959472656
2020-03-30 12:00:00,4.0820734332,239.9,29.74,30.56,71.7,,arabian_sea_4n67e,4.0,67.0,0,LOW,1.0360934734344482,7.993681907653809
2020-03-31 12:00:00,6.803455722,236.8,29.91,30.57,73.3,,arabian_sea_4n67e,4.0,67.0,0,LOW,1.1229743957519531,8.650411605834961
2020-04-01 12:00:00,9.5248380108,209.5,29.81,30.45,71.7,,arabian_sea_4n67e,4.0,67.0,0,LOW,1.2717227935791016,9.230685234069824
2020-04-02 12:00:00,9.1360691124,208.8,29.73,30.33,72.5,,arabian_sea_4n67e,4.0,67.0,0,LOW,1.1608836650848389,8.458231925964355
2020-04-03 12:00:00,10.3023758076,223.1,29.86,30.34,69.3,,arabian_sea_4n67e,4.0,67.0,0,LOW,1.1631585359573364,8.221285820007324
2020-04-04 12:00:00,7.5809935188,237.1,29.78,30.46,67.3,,arabian_sea_4n67e,4.0,67.0,0,LOW,1.1352975368499756,9.550902366638184
2020-04-05 12:00:00,4.665226780799999,237.4,29.73,30.56,65.3,,arabian_sea_4n67e,4.0,67.0,0,LOW,1.1106231212615967,10.327302932739258
2020-04-06 12:00:00,2.5269978396,239.9,29.3,30.63,70.9,,arabian_sea_4n67e,4.0,67.0,0,LOW,1.2118163108825684,11.218889236450195
2020-04-07 12:00:00,2.3326133903999997,266.5,30.02,30.95,68.9,,arabian_sea_4n67e,4.0,67.0,1,MODERATE,1.532012939453125,12.440863609313965
2020-04-08 12:00:00,3.887688984,231.0,29.85,30.87,70.9,,arabian_sea_4n67e,4.0,67.0,0,LOW,1.4851114749908447,11.32505989074707
2020-04-09 12:00:00,3.887688984,252.5,29.78,30.83,70.9,,arabian_sea_4n67e,4.0,67.0,0,LOW,1.3664437532424927,10.849499702453613
2020-04-10 12:00:00,3.6933045348,243.3,29.99,31.06,72.1,,arabian_sea_4n67e,4.0,67.0,0,LOW,1.2442705631256104,10.294487953186035
2020-04-11 12:00:00,5.0539956792,281.8,28.82,30.71,74.0,,arabian_sea_4n67e,4.0,67.0,1,MODERATE,1.5230581760406494,10.195402145385742
2020-04-12 12:00:00,3.1101511872,276.0,30.01,31.02,68.1,,arabian_sea_4n67e,4.0,67.0,1,MODERATE,1.6544315814971924,10.597380638122559
2020-04-13 12:00:00,4.85961123,239.9,29.94,30.83,72.9,,arabian_sea_4n67e,4.0,67.0,1,MODERATE,1.6171518564224243,10.643953323364258
2020-04-14 12:00:00,3.1101511872,248.1,29.64,30.91,75.2,,arabian_sea_4n67e,4.0,67.0,0,LOW,1.360229253768921,9.74227237701416
2020-04-15 12:00:00,5.442764577599999,227.8,30.06,31.05,73.7,,arabian_sea_4n67e,4.0,67.0,0,LOW,1.3140172958374023,9.524829864501953
2020-04-16 12:00:00,7.969762417199999,232.0,30.36,30.86,71.7,,arabian_sea_4n67e,4.0,67.0,0,LOW,1.2837326526641846,9.448366165161133
2020-04-17 12:00:00,7.1922246204,242.9,30.32,30.9,73.3,,arabian_sea_4n67e,4.0,67.0,0,LOW,1.3620631694793701,9.33553409576416
2020-04-18 12:00:00,9.71922246,239.9,29.5,30.81,77.6,,arabian_sea_4n67e,4.0,67.0,0,LOW,1.4194214344024658,8.835282325744629
2020-04-19 12:00:00,11.663066952,252.9,29.47,30.9,79.2,,arabian_sea_4n67e,4.0,67.0,0,LOW,1.4964122772216797,8.445956230163574
2020-04-20 12:00:00,6.803455722,309.0,30.05,30.81,74.0,,arabian_sea_4n67e,4.0,67.0,0,LOW,1.3239779472351074,7.710249900817871
2020-04-21 12:00:00,2.7213822887999997,165.2,28.16,30.57,77.2,,arabian_sea_4n67e,4.0,67.0,0,LOW,1.2462048530578613,9.175975799560547
2020-04-22 12:00:00,3.1101511872,96.0,28.2,30.74,78.0,,arabian_sea_4n67e,4.0,67.0,0,LOW,1.2181226015090942,9.377339363098145
2020-04-23 12:00:00,2.915766738,41.5,29.41,30.83,71.7,,arabian_sea_4n67e,4.0,67.0,0,LOW,1.1126210689544678,9.06237506866455
2020-04-24 12:00:00,4.85961123,23.1,29.26,30.62,72.9,,arabian_sea_4n67e,4.0,67.0,0,LOW,1.0767977237701416,9.37033462524414
2020-04-25 12:00:00,4.85961123,76.2,29.45,30.83,72.9,,arabian_sea_4n67e,4.0,67.0,0,LOW,1.024446964263916,9.587145805358887
2020-04-26 12:00:00,9.3304535616,126.3,28.83,30.73,77.6,,arabian_sea_4n67e,4.0,67.0,0,LOW,1.2781606912612915,10.161410331726074
2020-04-27 12:00:00,8.1641468664,123.4,29.93,30.83,76.0,,arabian_sea_4n67e,4.0,67.0,0,LOW,1.1383757591247559,8.47375774383545
2020-04-28 12:00:00,6.2203023744,123.4,29.57,30.72,78.0,,arabian_sea_4n67e,4.0,67.0,0,LOW,1.1341850757598877,9.901283264160156
2020-04-29 12:00:00,3.1101511872,194.9,30.03,30.95,74.0,,arabian_sea_4n67e,4.0,67.0,0,LOW,1.0130486488342285,9.19736099243164
2020-04-30 12:00:00,3.1101511872,35.2,30.46,31.12,72.9,,arabian_sea_4n67e,4.0,67.0,0,LOW,0.9227402806282043,8.251399040222168
2020-05-01 12:00:00,6.6090712728,41.5,29.51,31.04,78.0,,arabian_sea_4n67e,4.0,67.0,0,LOW,0.9559614658355713,9.685897827148438
2020-05-02 12:00:00,10.3023758076,84.3,29.41,30.82,78.0,,arabian_sea_4n67e,4.0,67.0,1,MODERATE,1.76566481590271,10.644596099853516
2020-05-03 12:00:00,4.0820734332,59.9,29.82,31.0,74.4,,arabian_sea_4n67e,4.0,67.0,1,MODERATE,1.8529027700424194,11.130852699279785
2020-05-04 12:00:00,7.775377968,133.6,30.14,30.87,72.9,,arabian_sea_4n67e,4.0,67.0,1,MODERATE,1.7596397399902344,11.210925102233887
2020-05-05 12:00:00,9.3304535616,126.3,30.2,30.86,68.5,,arabian_sea_4n67e,4.0,67.0,1,MODERATE,1.5988792181015015,9.963319778442383
2020-05-06 12:00:00,8.1641468664,95.0,30.32,30.93,68.5,,arabian_sea_4n67e,4.0,67.0,0,LOW,1.397410273551941,9.468006134033203
2020-05-07 12:00:00,10.3023758076,88.7,30.35,30.89,70.5,,arabian_sea_4n67e,4.0,67.0,0,LOW,1.3962271213531494,8.380753517150879
2020-05-08 12:00:00,7.969762417199999,121.0,29.67,30.83,75.6,,arabian_sea_4n67e,4.0,67.0,0,LOW,1.4435279369354248,9.338586807250977
2020-05-09 12:00:00,7.1922246204,110.1,30.38,31.06,74.0,,arabian_sea_4n67e,4.0,67.0,0,LOW,1.4592716693878174,9.429058074951172
2020-05-10 12:00:00,10.3023758076,82.1,30.42,31.06,75.2,,arabian_sea_4n67e,4.0,67.0,1,MODERATE,1.5411536693572998,8.314103126525879
2020-05-11 12:00:00,9.5248380108,114.2,29.43,31.05,78.8,,arabian_sea_4n67e,4.0,67.0,0,LOW,1.4306745529174805,7.840038299560547
2020-05-12 12:00:00,6.6090712728,131.5,29.89,31.04,75.2,,arabian_sea_4n67e,4.0,67.0,0,LOW,1.4103808403015137,8.935232162475586
2020-05-13 12:00:00,6.9978401712,136.3,29.8,30.93,73.3,,arabian_sea_4n67e,4.0,67.0,0,LOW,1.4706873893737793,9.241552352905273
2020-05-14 12:00:00,12.634989198,79.4,29.8,30.86,76.8,,arabian_sea_4n67e,4.0,67.0,1,MODERATE,1.5899962186813354,8.36724853515625
2020-05-15 12:00:00,12.0518358504,122.2,29.89,30.67,75.2,,arabian_sea_4n67e,4.0,67.0,1,MODERATE,1.8863519430160522,8.049863815307617
2020-05-16 12:00:00,10.691144706,108.3,29.63,30.63,76.8,,arabian_sea_4n67e,4.0,67.0,1,MODERATE,1.677272081375122,8.920398712158203
2020-05-17 12:00:00,18.2721382248,102.3,29.39,30.47,78.0,,arabian_sea_4n67e,4.0,67.0,1,MODERATE,2.4172170162200928,7.610689163208008
2020-05-18 12:00:00,16.3282937328,110.0,30.13,30.29,76.8,,arabian_sea_4n67e,4.0,67.0,1,MODERATE,2.521667003631592,8.152718544006348
2020-05-19 12:00:00,13.606911444,83.2,30.19,30.32,77.2,,arabian_sea_4n67e,4.0,67.0,1,MODERATE,2.0319008827209473,7.754518508911133
2020-05-20 12:00:00,16.3282937328,65.9,29.86,30.24,78.4,,arabian_sea_4n67e,4.0,67.0,1,MODERATE,2.081564426422119,6.883374214172363
2020-05-21 12:00:00,16.1339092836,98.9,28.84,30.09,79.6,,arabian_sea_4n67e,4.0,67.0,1,MODERATE,2.303365468978882,7.541434288024902
2020-05-22 12:00:00,16.1339092836,108.8,28.5,29.97,80.8,,arabian_sea_4n67e,4.0,67.0,1,MODERATE,2.43827486038208,8.258788108825684
2020-05-23 12:00:00,15.939524834399998,100.5,28.38,29.78,80.4,,arabian_sea_4n67e,4.0,67.0,1,MODERATE,2.3503341674804688,7.775951385498047
2020-05-24 12:00:00,13.4125269948,108.6,29.21,29.77,79.2,,arabian_sea_4n67e,4.0,67.0,1,MODERATE,2.6033267974853516,8.912297248840332
2020-05-25 12:00:00,7.3866090696,83.3,29.32,29.82,78.0,,arabian_sea_4n67e,4.0,67.0,1,MODERATE,2.2248167991638184,10.070108413696289
2020-05-26 12:00:00,4.470842331599999,92.2,29.18,30.08,78.0,,arabian_sea_4n67e,4.0,67.0,1,MODERATE,2.336217164993286,11.474638938903809
2020-05-27 12:00:00,6.0259179252,94.6,29.6,30.2,75.6,,arabian_sea_4n67e,4.0,67.0,1,MODERATE,1.8317580223083496,10.449370384216309
2020-05-28 12:00:00,9.71922246,77.0,29.68,30.09,76.8,,arabian_sea_4n67e,4.0,67.0,1,MODERATE,1.6301565170288086,9.419594764709473
2020-05-29 12:00:00,7.3866090696,52.8,29.48,30.18,77.2,,arabian_sea_4n67e,4.0,67.0,0,LOW,1.4213943481445312,8.460865020751953
2020-05-30 12:00:00,9.5248380108,32.9,29.48,30.06,75.2,,arabian_sea_4n67e,4.0,67.0,0,LOW,1.4947383403778076,8.098126411437988
2020-05-31 12:00:00,7.5809935188,57.1,29.59,30.19,72.9,,arabian_sea_4n67e,4.0,67.0,0,LOW,1.3799760341644287,8.798380851745605
2020-06-01 12:00:00,7.1922246204,32.0,29.45,30.24,74.4,,arabian_sea_4n67e,4.0,67.0,0,LOW,1.4860963821411133,8.942779541015625
2020-06-02 12:00:00,6.414686823599999,19.7,29.61,30.3,73.7,,arabian_sea_4n67e,4.0,67.0,0,LOW,1.4796290397644043,9.45557689666748
2020-06-03 12:00:00,7.3866090696,12.9,29.54,30.26,73.3,,arabian_sea_4n67e,4.0,67.0,1,MODERATE,1.6356816291809082,9.99609088897705
2020-06-04 12:00:00,6.803455722,18.3,28.98,30.23,77.2,,arabian_sea_4n67e,4.0,67.0,1,MODERATE,1.6548951864242554,10.338363647460938
2020-06-05 12:00:00,9.5248380108,53.5,29.31,30.22,77.2,,arabian_sea_4n67e,4.0,67.0,1,MODERATE,1.8383285999298096,10.608592987060547
2020-06-06 12:00:00,10.1079913584,27.1,29.36,30.29,78.0,,arabian_sea_4n67e,4.0,67.0,1,MODERATE,1.794939637184143,9.540541648864746
2020-06-07 12:00:00,8.5529157648,41.5,29.6,30.4,77.6,,arabian_sea_4n67e,4.0,67.0,1,MODERATE,1.7229924201965332,8.740982055664062
2020-06-08 12:00:00,6.414686823599999,54.9,29.45,30.32,76.8,,arabian_sea_4n67e,4.0,67.0,1,MODERATE,1.598116159439087,8.928991317749023
2020-06-09 12:00:00,6.414686823599999,75.2,29.92,30.58,74.0,,arabian_sea_4n67e,4.0,67.0,0,LOW,1.457101821899414,9.07975959777832
2020-06-10 12:00:00,7.775377968,83.5,29.79,30.43,75.2,,arabian_sea_4n67e,4.0,67.0,0,LOW,1.450400948524475,9.241684913635254
2020-06-11 12:00:00,6.414686823599999,75.2,28.87,30.37,76.8,,arabian_sea_4n67e,4.0,67.0,1,MODERATE,2.051919460296631,10.173978805541992
2020-06-12 12:00:00,11.8574514012,88.4,28.33,30.28,78.4,,arabian_sea_4n67e,4.0,67.0,1,MODERATE,2.0429646968841553,9.099358558654785
2020-06-13 12:00:00,10.8855291552,76.0,29.68,30.1,73.7,,arabian_sea_4n67e,4.0,67.0,1,MODERATE,2.289945602416992,8.540066719055176
2020-06-14 12:00:00,13.9956803424,99.4,29.78,29.98,76.0,,arabian_sea_4n67e,4.0,67.0,1,MODERATE,2.1643030643463135,8.292693138122559
2020-06-15 12:00:00,13.9956803424,73.6,29.26,29.88,78.0,,arabian_sea_4n67e,4.0,67.0,1,MODERATE,2.513388156890869,8.838859558105469
2020-06-16 12:00:00,15.3563714868,73.5,29.02,29.85,80.0,,arabian_sea_4n67e,4.0,67.0,2,HIGH,2.803506374359131,8.375434875488281
2020-06-17 12:00:00,12.0518358504,65.7,29.13,29.8,77.2,,arabian_sea_4n67e,4.0,67.0,1,MODERATE,2.5902881622314453,9.116032600402832
2020-06-18 12:00:00,11.663066952,72.9,29.7,29.85,77.6,,arabian_sea_4n67e,4.0,67.0,1,MODERATE,2.539309501647949,9.577115058898926
2020-06-19 12:00:00,8.358531315599999,72.5,29.64,29.94,76.4,,arabian_sea_4n67e,4.0,67.0,1,MODERATE,2.3012473583221436,9.616045951843262
2020-06-20 12:00:00,7.775377968,35.2,28.93,29.88,76.8,,arabian_sea_4n67e,4.0,67.0,1,MODERATE,2.094268321990967,9.933958053588867
2020-06-21 12:00:00,7.5809935188,45.9,29.33,29.94,77.2,,arabian_sea_4n67e,4.0,67.0,1,MODERATE,2.263862371444702,10.544437408447266
2020-06-22 12:00:00,9.9136069092,65.1,29.46,29.98,78.8,,arabian_sea_4n67e,4.0,67.0,1,MODERATE,2.4090287685394287,10.153285026550293
2020-06-23 12:00:00,11.0799136044,72.0,29.71,29.99,76.0,,arabian_sea_4n67e,4.0,67.0,1,MODERATE,2.26924467086792,9.470362663269043
2020-06-24 12:00:00,11.2742980536,68.1,29.74,29.98,76.8,,arabian_sea_4n67e,4.0,67.0,1,MODERATE,2.2290942668914795,9.325969696044922
2020-06-25 12:00:00,11.663066952,41.5,29.5,29.85,77.2,,arabian_sea_4n67e,4.0,67.0,1,MODERATE,2.1477880477905273,8.949705123901367
2020-06-26 12:00:00,11.4686825028,37.3,29.48,29.81,77.2,,arabian_sea_4n67e,4.0,67.0,1,MODERATE,2.1428980827331543,9.317944526672363
2020-06-27 12:00:00,8.1641468664,41.5,29.53,29.87,76.8,,arabian_sea_4n67e,4.0,67.0,1,MODERATE,1.724057674407959,8.938141822814941
2020-06-28 12:00:00,6.9978401712,83.1,29.51,30.05,75.2,,arabian_sea_4n67e,4.0,67.0,1,MODERATE,2.005500555038452,10.016050338745117
2020-06-29 12:00:00,6.0259179252,94.6,29.55,30.24,74.4,,arabian_sea_4n67e,4.0,67.0,1,MODERATE,2.11375093460083,10.292144775390625
2020-06-30 12:00:00,5.0539956792,41.5,29.6,30.53,74.8,,arabian_sea_4n67e,4.0,67.0,1,MODERATE,2.0635323524475098,10.769614219665527
2020-07-01 12:00:00,6.2203023744,16.1,29.73,30.48,73.7,,arabian_sea_4n67e,4.0,67.0,1,MODERATE,1.882270336151123,10.133563041687012
2020-07-02 12:00:00,6.6090712728,41.5,29.74,30.5,74.0,,arabian_sea_4n67e,4.0,67.0,1,MODERATE,2.0329878330230713,9.910334587097168
2020-07-03 12:00:00,4.665226780799999,127.7,28.49,30.28,77.2,,arabian_sea_4n67e,4.0,67.0,1,MODERATE,1.9793426990509033,9.417635917663574
2020-07-04 12:00:00,4.2764578824,127.1,27.16,30.08,84.0,,arabian_sea_4n67e,4.0,67.0,1,MODERATE,2.320399761199951,10.220650672912598
2020-07-05 12:00:00,7.5809935188,6.0,27.58,30.06,80.0,,arabian_sea_4n67e,4.0,67.0,1,MODERATE,2.1654512882232666,9.488080978393555
2020-07-06 12:00:00,6.803455722,270.1,28.68,30.14,76.4,,arabian_sea_4n67e,4.0,67.0,1,MODERATE,2.025101661682129,9.296195983886719
2020-07-07 12:00:00,8.1641468664,299.4,29.53,30.31,74.4,,arabian_sea_4n67e,4.0,67.0,1,MODERATE,1.9827295541763306,8.922196388244629
2020-07-08 12:00:00,9.1360691124,19.7,28.2,30.23,77.2,,arabian_sea_4n67e,4.0,67.0,1,MODERATE,1.9870551824569702,9.831313133239746
2020-07-09 12:00:00,8.1641468664,66.3,29.03,30.2,76.0,,arabian_sea_4n67e,4.0,67.0,1,MODERATE,2.105910539627075,10.2838716506958
2020-07-10 12:00:00,8.941684663199998,6.8,29.56,30.25,75.6,,arabian_sea_4n67e,4.0,67.0,1,MODERATE,2.220439910888672,12.739336967468262
2020-07-11 12:00:00,10.8855291552,337.4,29.62,30.19,76.0,,arabian_sea_4n67e,4.0,67.0,1,MODERATE,2.1051430702209473,11.033592224121094
2020-07-12 12:00:00,5.831533476,329.9,28.1,30.14,78.0,,arabian_sea_4n67e,4.0,67.0,1,MODERATE,2.417285919189453,11.596635818481445
2020-07-13 12:00:00,5.442764577599999,147.9,29.08,30.27,74.8,,arabian_sea_4n67e,4.0,67.0,1,MODERATE,2.514864444732666,11.13172435760498
2020-07-14 12:00:00,2.3326133903999997,162.5,29.63,30.49,74.0,,arabian_sea_4n67e,4.0,67.0,1,MODERATE,2.3052804470062256,10.531706809997559
2020-07-15 12:00:00,9.1360691124,63.3,29.63,30.27,75.6,,arabian_sea_4n67e,4.0,67.0,1,MODERATE,2.0344014167785645,9.982343673706055
2020-07-16 12:00:00,11.0799136044,56.2,29.2,30.28,77.6,,arabian_sea_4n67e,4.0,67.0,1,MODERATE,2.074422836303711,9.415739059448242
2020-07-17 12:00:00,13.0237580964,69.2,28.21,30.17,80.4,,arabian_sea_4n67e,4.0,67.0,1,MODERATE,2.3792734146118164,9.227763175964355
2020-07-18 12:00:00,14.1900647916,77.0,27.77,29.95,80.0,,arabian_sea_4n67e,4.0,67.0,2,HIGH,2.914185047149658,9.538689613342285
2020-07-19 12:00:00,11.2742980536,104.9,28.68,29.79,77.2,,arabian_sea_4n67e,4.0,67.0,2,HIGH,3.0614125728607178,10.210991859436035
2020-07-20 12:00:00,12.634989198,146.8,28.48,29.73,78.4,,arabian_sea_4n67e,4.0,67.0,1,MODERATE,2.6339638233184814,9.264404296875
2020-07-21 12:00:00,10.691144706,137.5,28.28,29.72,79.2,,arabian_sea_4n67e,4.0,67.0,1,MODERATE,2.3584463596343994,9.457414627075195
2020-07-22 12:00:00,11.8574514012,123.4,27.02,29.55,76.4,,arabian_sea_4n67e,4.0,67.0,1,MODERATE,2.540560245513916,9.954179763793945
2020-07-23 12:00:00,8.747300214,120.2,27.59,29.58,78.4,,arabian_sea_4n67e,4.0,67.0,1,MODERATE,2.3542098999023438,9.827628135681152
2020-07-24 12:00:00,6.0259179252,125.8,28.24,29.56,76.0,,arabian_sea_4n67e,4.0,67.0,1,MODERATE,2.001889944076538,9.36142349243164
2020-07-25 12:00:00,4.2764578824,118.5,28.86,29.67,73.3,,arabian_sea_4n67e,4.0,67.0,1,MODERATE,2.2107110023498535,11.348615646362305
2020-07-26 12:00:00,4.0820734332,272.8,29.03,30.01,73.3,,arabian_sea_4n67e,4.0,67.0,1,MODERATE,2.6153478622436523,13.288419723510742
2020-07-27 12:00:00,1.943844492,221.5,29.18,30.18,73.3,,arabian_sea_4n67e,4.0,67.0,1,MODERATE,2.7091875076293945,12.775862693786621
2020-07-28 12:00:00,4.2764578824,104.9,29.49,30.16,70.5,,arabian_sea_4n67e,4.0,67.0,1,MODERATE,2.457681894302368,11.4301118850708
2020-07-29 12:00:00,8.5529157648,67.2,28.81,30.13,76.0,,arabian_sea_4n67e,4.0,67.0,1,MODERATE,2.7357864379882812,12.285381317138672
2020-07-30 12:00:00,12.634989198,77.6,29.07,29.92,77.6,,arabian_sea_4n67e,4.0,67.0,1,MODERATE,2.322528839111328,10.318036079406738
2020-07-31 12:00:00,11.8574514012,77.0,29.07,29.87,78.8,,arabian_sea_4n67e,4.0,67.0,1,MODERATE,2.0047760009765625,8.870468139648438
2020-08-01 12:00:00,12.634989198,75.9,28.92,29.63,78.4,,arabian_sea_4n67e,4.0,67.0,1,MODERATE,2.073655128479004,8.623620986938477
2020-08-02 12:00:00,11.8574514012,71.1,29.27,29.42,75.2,,arabian_sea_4n67e,4.0,67.0,1,MODERATE,2.1793179512023926,9.688547134399414
2020-08-03 12:00:00,9.71922246,74.7,28.96,29.38,74.4,,arabian_sea_4n67e,4.0,67.0,1,MODERATE,2.1690709590911865,9.762669563293457
2020-08-04 12:00:00,8.941684663199998,78.7,28.2,29.33,79.6,,arabian_sea_4n67e,4.0,67.0,1,MODERATE,2.234168291091919,9.861854553222656
2020-08-05 12:00:00,15.3563714868,74.9,28.34,29.27,80.4,,arabian_sea_4n67e,4.0,67.0,2,HIGH,2.8358845710754395,8.594589233398438
2020-08-06 12:00:00,17.3002159788,37.9,28.92,29.23,78.8,,arabian_sea_4n67e,4.0,67.0,2,HIGH,2.8987410068511963,9.232189178466797
2020-08-07 12:00:00,14.7732181392,35.2,29.23,29.05,78.0,,arabian_sea_4n67e,4.0,67.0,2,HIGH,2.824397563934326,10.0051851272583
2020-08-08 12:00:00,13.606911444,49.6,28.99,28.91,80.0,,arabian_sea_4n67e,4.0,67.0,2,HIGH,2.9631261825561523,10.358865737915039
2020-08-09 12:00:00,12.4406047488,66.4,28.64,28.86,75.2,,arabian_sea_4n67e,4.0,67.0,1,MODERATE,2.551462173461914,9.503238677978516
2020-08-10 12:00:00,9.71922246,67.3,28.29,28.94,75.6,,arabian_sea_4n67e,4.0,67.0,1,MODERATE,2.1728413105010986,9.513190269470215
2020-08-11 12:00:00,7.3866090696,34.7,28.5,28.89,78.4,,arabian_sea_4n67e,4.0,67.0,1,MODERATE,1.895763635635376,9.01028060913086
2020-08-12 12:00:00,4.470842331599999,62.5,28.68,29.24,73.7,,arabian_sea_4n67e,4.0,67.0,1,MODERATE,1.6663119792938232,9.008848190307617
2020-08-13 12:00:00,4.665226780799999,115.5,28.52,29.7,73.3,,arabian_sea_4n67e,4.0,67.0,1,MODERATE,1.7062803506851196,9.825540542602539
2020-08-14 12:00:00,6.0259179252,74.4,28.3,29.56,77.2,,arabian_sea_4n67e,4.0,67.0,1,MODERATE,1.5958832502365112,9.614330291748047
2020-08-15 12:00:00,9.3304535616,52.1,29.16,29.53,78.8,,arabian_sea_4n67e,4.0,67.0,1,MODERATE,1.8210883140563965,9.361959457397461
2020-08-16 12:00:00,6.414686823599999,82.7,28.79,29.69,76.8,,arabian_sea_4n67e,4.0,67.0,1,MODERATE,1.6945452690124512,9.124994277954102
2020-08-17 12:00:00,3.3045356364,59.9,28.84,29.82,72.5,,arabian_sea_4n67e,4.0,67.0,1,MODERATE,2.028632164001465,10.416133880615234
2020-08-18 12:00:00,1.3606911443999998,221.5,29.25,30.05,71.7,,arabian_sea_4n67e,4.0,67.0,1,MODERATE,1.9243285655975342,9.89738655090332
2020-08-19 12:00:00,2.915766738,207.5,29.15,30.14,72.5,,arabian_sea_4n67e,4.0,67.0,1,MODERATE,1.8981215953826904,9.754827499389648
2020-08-20 12:00:00,2.915766738,325.5,29.45,30.16,71.7,,arabian_sea_4n67e,4.0,67.0,1,MODERATE,2.0888493061065674,9.72610092163086
2020-08-21 12:00:00,3.6933045348,316.7,29.57,30.36,72.5,,arabian_sea_4n67e,4.0,67.0,1,MODERATE,1.9485070705413818,9.608444213867188
2020-08-22 12:00:00,2.3326133903999997,221.5,29.05,30.59,74.4,,arabian_sea_4n67e,4.0,67.0,1,MODERATE,1.913532018661499,9.762767791748047
2020-08-23 12:00:00,7.969762417199999,155.2,28.16,30.15,77.6,,arabian_sea_4n67e,4.0,67.0,1,MODERATE,2.146634578704834,9.697187423706055
2020-08-24 12:00:00,6.2203023744,128.8,28.92,30.21,74.0,,arabian_sea_4n67e,4.0,67.0,1,MODERATE,1.9398127794265747,9.210665702819824
2020-08-25 12:00:00,4.665226780799999,159.8,28.43,30.25,74.8,,arabian_sea_4n67e,4.0,67.0,1,MODERATE,1.9242565631866455,9.21197509765625
2020-08-26 12:00:00,5.831533476,149.9,29.09,30.1,72.5,,arabian_sea_4n67e,4.0,67.0,1,MODERATE,1.7047948837280273,8.907245635986328
2020-08-27 12:00:00,4.85961123,142.8,28.69,30.01,72.9,,arabian_sea_4n67e,4.0,67.0,1,MODERATE,1.6279380321502686,9.41795825958252
2020-08-28 12:00:00,2.3326133903999997,162.5,29.27,30.38,69.7,,arabian_sea_4n67e,4.0,67.0,1,MODERATE,1.7501025199890137,10.904212951660156
2020-08-29 12:00:00,2.1382289412,232.8,29.55,30.49,66.9,,arabian_sea_4n67e,4.0,67.0,1,MODERATE,1.7094476222991943,10.53469181060791
2020-08-30 12:00:00,2.7213822887999997,244.7,29.69,30.59,65.7,,arabian_sea_4n67e,4.0,67.0,1,MODERATE,1.62355375289917,10.038843154907227
2020-08-31 12:00:00,3.6933045348,259.4,29.33,30.58,69.3,,arabian_sea_4n67e,4.0,67.0,1,MODERATE,1.6440544128417969,9.84768009185791
2020-09-01 12:00:00,1.7494600428,23.1,28.88,30.57,71.3,,arabian_sea_4n67e,4.0,67.0,1,MODERATE,1.6109986305236816,10.264702796936035
2020-09-02 12:00:00,3.887688984,107.1,27.48,30.16,76.4,,arabian_sea_4n67e,4.0,67.0,1,MODERATE,1.5846242904663086,9.918373107910156
2020-09-03 12:00:00,10.3023758076,102.1,27.79,29.97,78.0,,arabian_sea_4n67e,4.0,67.0,1,MODERATE,1.7303733825683594,9.560672760009766
2020-09-04 12:00:00,12.634989198,120.2,27.5,29.86,79.6,,arabian_sea_4n67e,4.0,67.0,1,MODERATE,2.07970929145813,8.76932430267334
2020-09-05 12:00:00,17.883369326399997,75.4,27.23,29.65,78.4,,arabian_sea_4n67e,4.0,67.0,2,HIGH,2.90354061126709,7.648378372192383
2020-09-06 12:00:00,10.1079913584,75.2,28.59,29.39,76.0,,arabian_sea_4n67e,4.0,67.0,1,MODERATE,2.0706422328948975,8.741833686828613
2020-09-07 12:00:00,11.0799136044,101.0,28.78,29.32,73.7,,arabian_sea_4n67e,4.0,67.0,1,MODERATE,2.0262842178344727,10.552925109863281
2020-09-08 12:00:00,13.0237580964,113.1,28.78,29.22,74.8,,arabian_sea_4n67e,4.0,67.0,1,MODERATE,2.30080246925354,10.259282112121582
2020-09-09 12:00:00,12.634989198,120.2,28.72,29.32,74.8,,arabian_sea_4n67e,4.0,67.0,1,MODERATE,2.0593175888061523,9.111479759216309
2020-09-10 12:00:00,11.4686825028,90.5,28.72,29.34,74.0,,arabian_sea_4n67e,4.0,67.0,1,MODERATE,2.0139029026031494,9.352319717407227
2020-09-11 12:00:00,9.5248380108,58.9,28.72,29.33,73.7,,arabian_sea_4n67e,4.0,67.0,1,MODERATE,1.8978822231292725,9.366617202758789
2020-09-12 12:00:00,6.0259179252,21.3,28.95,29.61,71.3,,arabian_sea_4n67e,4.0,67.0,1,MODERATE,2.018087863922119,10.873043060302734
2020-09-13 12:00:00,6.414686823599999,4.1,29.16,29.89,71.7,,arabian_sea_4n67e,4.0,67.0,1,MODERATE,1.948735237121582,10.309470176696777
2020-09-14 12:00:00,7.1922246204,20.1,29.11,29.95,75.2,,arabian_sea_4n67e,4.0,67.0,1,MODERATE,1.8077841997146606,9.859073638916016
2020-09-15 12:00:00,9.5248380108,29.5,29.18,29.77,75.6,,arabian_sea_4n67e,4.0,67.0,1,MODERATE,1.7269694805145264,9.87942886352539
2020-09-16 12:00:00,7.775377968,24.4,29.21,29.85,74.8,,arabian_sea_4n67e,4.0,67.0,1,MODERATE,1.6488749980926514,10.357748985290527
2020-09-17 12:00:00,9.5248380108,18.8,29.23,29.72,76.0,,arabian_sea_4n67e,4.0,67.0,1,MODERATE,1.6488720178604126,9.556640625
2020-09-18 12:00:00,8.5529157648,27.9,28.99,29.68,75.6,,arabian_sea_4n67e,4.0,67.0,1,MODERATE,2.037229299545288,10.333046913146973
2020-09-19 12:00:00,11.0799136044,26.8,29.03,29.64,76.4,,arabian_sea_4n67e,4.0,67.0,1,MODERATE,1.9912796020507812,9.669706344604492
2020-09-20 12:00:00,13.2181425456,41.5,29.3,29.52,75.2,,arabian_sea_4n67e,4.0,67.0,1,MODERATE,1.7596683502197266,8.158273696899414
2020-09-21 12:00:00,12.634989198,30.2,28.63,29.38,78.4,,arabian_sea_4n67e,4.0,67.0,1,MODERATE,1.6409952640533447,8.060458183288574
2020-09-22 12:00:00,13.9956803424,38.1,28.88,29.22,77.6,,arabian_sea_4n67e,4.0,67.0,1,MODERATE,1.834085464477539,7.899679183959961
2020-09-23 12:00:00,11.2742980536,44.4,28.63,29.0,73.7,,arabian_sea_4n67e,4.0,67.0,1,MODERATE,1.7834036350250244,8.251615524291992
2020-09-24 12:00:00,3.4989200856,70.5,28.81,29.35,71.7,,arabian_sea_4n67e,4.0,67.0,1,MODERATE,1.7800354957580566,10.08159351348877
2020-09-25 12:00:00,1.943844492,104.9,28.53,29.48,73.3,,arabian_sea_4n67e,4.0,67.0,1,MODERATE,1.8662108182907104,11.16507339477539
2020-09-26 12:00:00,3.6933045348,109.7,28.3,29.34,74.4,,arabian_sea_4n67e,4.0,67.0,1,MODERATE,1.5763150453567505,10.009788513183594
2020-09-27 12:00:00,8.1641468664,185.0,28.38,29.27,75.6,,arabian_sea_4n67e,4.0,67.0,0,LOW,1.4695773124694824,9.59028148651123
2020-09-28 12:00:00,7.3866090696,210.2,28.51,29.3,75.6,,arabian_sea_4n67e,4.0,67.0,1,MODERATE,1.512553095817566,10.536703109741211
2020-09-29 12:00:00,4.2764578824,208.5,28.56,29.67,74.4,,arabian_sea_4n67e,4.0,67.0,0,LOW,1.4955594539642334,10.638840675354004
2020-09-30 12:00:00,5.0539956792,191.8,28.53,29.57,73.7,,arabian_sea_4n67e,4.0,67.0,0,LOW,1.38160240650177,9.663093566894531
2020-10-01 12:00:00,7.969762417199999,188.4,28.46,29.31,71.7,,arabian_sea_4n67e,4.0,67.0,0,LOW,1.2163591384887695,8.678860664367676
2020-10-02 12:00:00,3.4989200856,142.8,28.56,29.72,68.9,,arabian_sea_4n67e,4.0,67.0,0,LOW,1.0584900379180908,8.224072456359863
2020-10-03 12:00:00,3.887688984,72.5,28.4,29.72,71.7,,arabian_sea_4n67e,4.0,67.0,0,LOW,1.0936752557754517,8.261283874511719
2020-10-04 12:00:00,6.2203023744,58.2,28.25,29.49,74.8,,arabian_sea_4n67e,4.0,67.0,0,LOW,1.047598123550415,8.076349258422852
2020-10-05 12:00:00,7.775377968,125.2,28.38,29.6,76.0,,arabian_sea_4n67e,4.0,67.0,0,LOW,1.1453897953033447,8.034504890441895
2020-10-06 12:00:00,6.2203023744,139.6,28.56,29.74,74.4,,arabian_sea_4n67e,4.0,67.0,0,LOW,1.072373390197754,8.504390716552734
2020-10-07 12:00:00,6.803455722,180.1,28.72,29.77,74.8,,arabian_sea_4n67e,4.0,67.0,0,LOW,1.2984541654586792,10.083198547363281
2020-10-08 12:00:00,10.3023758076,109.1,27.04,29.4,78.4,,arabian_sea_4n67e,4.0,67.0,1,MODERATE,1.5464838743209839,10.258339881896973
2020-10-09 12:00:00,4.85961123,113.1,28.9,29.8,71.3,,arabian_sea_4n67e,4.0,67.0,1,MODERATE,1.6857352256774902,11.142746925354004
2020-10-10 12:00:00,5.0539956792,71.2,29.14,29.96,72.9,,arabian_sea_4n67e,4.0,67.0,1,MODERATE,1.6291781663894653,11.276118278503418
2020-10-11 12:00:00,11.4686825028,102.5,29.01,29.52,74.8,,arabian_sea_4n67e,4.0,67.0,1,MODERATE,1.5262300968170166,9.802968978881836
2020-10-12 12:00:00,13.2181425456,98.5,29.07,29.54,74.0,,arabian_sea_4n67e,4.0,67.0,1,MODERATE,1.5464768409729004,7.83549690246582
2020-10-13 12:00:00,14.3844492408,72.5,29.2,29.51,73.3,,arabian_sea_4n67e,4.0,67.0,1,MODERATE,1.5582330226898193,7.168970108032227
2020-10-14 12:00:00,15.939524834399998,79.5,29.14,29.51,74.8,,arabian_sea_4n67e,4.0,67.0,1,MODERATE,1.7477666139602661,6.217860221862793
2020-10-15 12:00:00,16.3282937328,97.3,28.26,29.46,78.0,,arabian_sea_4n67e,4.0,67.0,1,MODERATE,1.9976825714111328,6.154669761657715
2020-10-16 12:00:00,13.9956803424,105.9,28.1,29.4,77.2,,arabian_sea_4n67e,4.0,67.0,1,MODERATE,1.7395081520080566,6.542017936706543
2020-10-17 12:00:00,13.4125269948,103.4,28.15,29.31,76.4,,arabian_sea_4n67e,4.0,67.0,1,MODERATE,1.8405795097351074,6.774523735046387
2020-10-18 12:00:00,13.2181425456,105.5,28.86,29.25,72.5,,arabian_sea_4n67e,4.0,67.0,1,MODERATE,1.72173273563385,7.446226119995117
2020-10-19 12:00:00,9.9136069092,110.0,28.76,29.29,73.7,,arabian_sea_4n67e,4.0,67.0,1,MODERATE,1.7389883995056152,9.229964256286621
2020-10-20 12:00:00,6.0259179252,82.4,28.23,29.4,78.0,,arabian_sea_4n67e,4.0,67.0,1,MODERATE,1.6969006061553955,9.867992401123047
2020-10-21 12:00:00,6.414686823599999,94.1,28.02,29.28,78.8,,arabian_sea_4n67e,4.0,67.0,0,LOW,1.4221515655517578,8.81242847442627
2020-10-22 12:00:00,9.1360691124,65.7,28.82,29.41,75.2,,arabian_sea_4n67e,4.0,67.0,0,LOW,1.3600046634674072,8.5979642868042
2020-10-23 12:00:00,11.0799136044,65.5,28.78,29.33,77.2,,arabian_sea_4n67e,4.0,67.0,0,LOW,1.3517961502075195,7.203009605407715
2020-10-24 12:00:00,13.8012958932,39.2,29.04,29.26,76.0,,arabian_sea_4n67e,4.0,67.0,0,LOW,1.3796688318252563,6.719407081604004
2020-10-25 12:00:00,5.442764577599999,100.5,27.48,29.09,80.0,,arabian_sea_4n67e,4.0,67.0,0,LOW,1.3966424465179443,7.305026054382324
2020-10-26 12:00:00,3.4989200856,86.5,28.91,29.6,72.5,,arabian_sea_4n67e,4.0,67.0,0,LOW,1.1613421440124512,7.938859939575195
2020-10-27 12:00:00,5.831533476,134.5,28.8,29.62,73.3,,arabian_sea_4n67e,4.0,67.0,0,LOW,1.1100573539733887,8.909554481506348
2020-10-28 12:00:00,6.803455722,129.0,28.73,29.43,73.3,,arabian_sea_4n67e,4.0,67.0,0,LOW,1.4168791770935059,12.314507484436035
2020-10-29 12:00:00,5.0539956792,117.5,28.05,29.58,76.8,,arabian_sea_4n67e,4.0,67.0,1,MODERATE,1.7827116250991821,12.750959396362305
2020-10-30 12:00:00,10.1079913584,150.9,28.15,29.47,76.8,,arabian_sea_4n67e,4.0,67.0,1,MODERATE,1.5124223232269287,10.455635070800781
2020-10-31 12:00:00,9.5248380108,154.2,28.68,29.48,74.8,,arabian_sea_4n67e,4.0,67.0,0,LOW,1.3125596046447754,9.743556022644043
2020-11-01 12:00:00,7.1922246204,145.5,28.72,29.58,69.3,,arabian_sea_4n67e,4.0,67.0,0,LOW,1.2309327125549316,9.749629020690918
2020-11-02 12:00:00,6.9978401712,148.4,28.71,29.61,69.7,,arabian_sea_4n67e,4.0,67.0,1,MODERATE,1.7005624771118164,10.958035469055176
2020-11-03 12:00:00,5.442764577599999,147.9,28.81,29.81,72.1,,arabian_sea_4n67e,4.0,67.0,1,MODERATE,1.9822871685028076,11.222073554992676
2020-11-04 12:00:00,5.831533476,203.1,28.95,29.94,74.0,,arabian_sea_4n67e,4.0,67.0,0,LOW,1.41793692111969,9.295698165893555
2020-11-05 12:00:00,7.5809935188,205.9,28.73,29.66,76.4,,arabian_sea_4n67e,4.0,67.0,0,LOW,1.334242820739746,8.965068817138672
2020-11-06 12:00:00,8.358531315599999,219.5,28.92,29.73,74.8,,arabian_sea_4n67e,4.0,67.0,0,LOW,1.2345471382141113,8.440169334411621
2020-11-07 12:00:00,6.0259179252,210.2,28.9,29.87,74.8,,arabian_sea_4n67e,4.0,67.0,0,LOW,1.226469874382019,10.167192459106445
2020-11-08 12:00:00,5.831533476,287.5,28.26,29.83,77.2,,arabian_sea_4n67e,4.0,67.0,0,LOW,1.3811814785003662,11.206901550292969
2020-11-09 12:00:00,1.943844492,104.9,27.93,29.77,77.2,,arabian_sea_4n67e,4.0,67.0,0,LOW,1.3899400234222412,10.061948776245117
2020-11-10 12:00:00,5.0539956792,145.5,28.73,30.02,73.3,,arabian_sea_4n67e,4.0,67.0,0,LOW,1.2834917306900024,9.121906280517578
2020-11-11 12:00:00,7.775377968,176.5,28.6,29.96,75.6,,arabian_sea_4n67e,4.0,67.0,0,LOW,1.154125690460205,7.995210647583008
2020-11-12 12:00:00,9.71922246,186.0,28.99,29.79,68.5,,arabian_sea_4n67e,4.0,67.0,0,LOW,1.2905442714691162,7.345192909240723
2020-11-13 12:00:00,10.3023758076,190.0,28.77,29.73,70.5,,arabian_sea_4n67e,4.0,67.0,0,LOW,1.3327746391296387,7.163668632507324
2020-11-14 12:00:00,9.3304535616,171.5,28.4,29.65,71.3,,arabian_sea_4n67e,4.0,67.0,0,LOW,1.186564564704895,7.883414268493652
2020-11-15 12:00:00,9.9136069092,144.7,28.34,29.58,76.4,,arabian_sea_4n67e,4.0,67.0,0,LOW,1.0930655002593994,6.639829635620117
2020-11-16 12:00:00,8.941684663199998,91.7,27.38,29.48,76.4,,arabian_sea_4n67e,4.0,67.0,0,LOW,1.2751471996307373,6.789999961853027
2020-11-17 12:00:00,11.8574514012,80.8,27.5,29.44,77.2,,arabian_sea_4n67e,4.0,67.0,0,LOW,1.4672925472259521,6.342923164367676
2020-11-18 12:00:00,10.8855291552,62.8,28.0,29.4,78.0,,arabian_sea_4n67e,4.0,67.0,0,LOW,1.4405975341796875,7.244199752807617
2020-11-19 12:00:00,13.2181425456,36.7,28.81,29.42,74.4,,arabian_sea_4n67e,4.0,67.0,1,MODERATE,1.5949790477752686,8.212778091430664
2020-11-20 12:00:00,13.9956803424,32.4,28.94,29.39,75.2,,arabian_sea_4n67e,4.0,67.0,1,MODERATE,1.8424757719039917,8.155532836914062
2020-11-21 12:00:00,9.1360691124,57.7,28.87,29.38,72.5,,arabian_sea_4n67e,4.0,67.0,1,MODERATE,1.5567107200622559,7.906563758850098
2020-11-22 12:00:00,4.85961123,96.8,28.82,29.62,71.7,,arabian_sea_4n67e,4.0,67.0,0,LOW,1.2555062770843506,7.910524368286133
2020-11-23 12:00:00,7.3866090696,124.7,28.6,29.53,73.3,,arabian_sea_4n67e,4.0,67.0,0,LOW,1.0387351512908936,7.475323677062988
2020-11-24 12:00:00,5.0539956792,214.4,27.68,29.34,73.3,,arabian_sea_4n67e,4.0,67.0,0,LOW,1.0733835697174072,7.681448936462402
2020-11-25 12:00:00,3.4989200856,210.2,28.6,29.41,65.3,,arabian_sea_4n67e,4.0,67.0,0,LOW,0.9780208468437195,8.14119815826416
2020-11-26 12:00:00,3.6933045348,109.7,28.57,29.5,66.9,,arabian_sea_4n67e,4.0,67.0,0,LOW,0.9258440136909485,7.8658342361450195
2020-11-27 12:00:00,4.2764578824,135.9,28.56,29.53,67.3,,arabian_sea_4n67e,4.0,67.0,0,LOW,0.8190246820449829,7.319718360900879
2020-11-28 12:00:00,2.3326133903999997,100.5,28.56,29.55,68.1,,arabian_sea_4n67e,4.0,67.0,0,LOW,1.0188519954681396,7.934602737426758
2020-11-29 12:00:00,4.470842331599999,290.5,28.49,29.68,69.7,,arabian_sea_4n67e,4.0,67.0,0,LOW,1.2153152227401733,8.515410423278809
2020-11-30 12:00:00,5.2483801284,261.7,28.94,29.8,69.3,,arabian_sea_4n67e,4.0,67.0,0,LOW,1.4356462955474854,9.146869659423828
2020-12-01 12:00:00,3.3045356364,239.9,28.96,29.75,66.5,,arabian_sea_4n67e,4.0,67.0,0,LOW,1.246434211730957,8.83765697479248
2020-12-02 12:00:00,4.0820734332,92.8,28.7,29.7,70.5,,arabian_sea_4n67e,4.0,67.0,0,LOW,1.2082502841949463,9.114140510559082
2020-12-03 12:00:00,8.941684663199998,96.8,28.53,29.53,74.8,,arabian_sea_4n67e,4.0,67.0,0,LOW,1.215702772140503,8.197545051574707
2020-12-04 12:00:00,9.1360691124,124.4,28.83,29.51,72.5,,arabian_sea_4n67e,4.0,67.0,0,LOW,1.245969533920288,7.4113006591796875
2020-12-05 12:00:00,10.691144706,145.2,28.81,29.4,70.5,,arabian_sea_4n67e,4.0,67.0,0,LOW,1.2284932136535645,6.004057884216309
2020-12-06 12:00:00,10.4967602568,136.1,28.88,29.21,71.7,,arabian_sea_4n67e,4.0,67.0,0,LOW,1.1730749607086182,6.760592460632324
2020-12-07 12:00:00,9.5248380108,119.5,28.1,29.02,78.4,,arabian_sea_4n67e,4.0,67.0,0,LOW,1.2686814069747925,6.450305938720703
2020-12-08 12:00:00,9.3304535616,126.3,28.19,29.02,78.4,,arabian_sea_4n67e,4.0,67.0,0,LOW,1.261225700378418,6.905636787414551
2020-12-09 12:00:00,10.3023758076,73.0,28.74,29.04,76.4,,arabian_sea_4n67e,4.0,67.0,0,LOW,1.3847904205322266,8.397192001342773
2020-12-10 12:00:00,12.0518358504,63.3,28.81,28.99,74.4,,arabian_sea_4n67e,4.0,67.0,1,MODERATE,1.5739058256149292,7.902284622192383
2020-12-11 12:00:00,12.2462202996,55.9,28.73,29.0,70.9,,arabian_sea_4n67e,4.0,67.0,0,LOW,1.4657063484191895,7.641078948974609
2020-12-12 12:00:00,13.4125269948,69.6,28.71,28.97,70.9,,arabian_sea_4n67e,4.0,67.0,1,MODERATE,1.5663657188415527,7.391061782836914
2020-12-13 12:00:00,15.1619870376,88.0,28.67,28.96,69.7,,arabian_sea_4n67e,4.0,67.0,1,MODERATE,1.9700607061386108,7.8076982498168945
2020-12-14 12:00:00,10.3023758076,82.1,28.18,28.95,75.2,,arabian_sea_4n67e,4.0,67.0,1,MODERATE,1.8781821727752686,8.371011734008789
2020-12-15 12:00:00,4.665226780799999,75.2,27.88,28.92,78.8,,arabian_sea_4n67e,4.0,67.0,1,MODERATE,1.662109136581421,8.724639892578125
2020-12-16 12:00:00,2.7213822887999997,187.8,28.72,29.25,72.5,,arabian_sea_4n67e,4.0,67.0,0,LOW,1.3183400630950928,8.304409980773926
2020-12-17 12:00:00,2.915766738,207.5,28.59,29.35,72.1,,arabian_sea_4n67e,4.0,67.0,0,LOW,1.2155778408050537,8.321211814880371
2020-12-18 12:00:00,4.2764578824,189.0,28.57,29.28,70.5,,arabian_sea_4n67e,4.0,67.0,0,LOW,1.0832029581069946,7.633866310119629
2020-12-19 12:00:00,3.4989200856,168.4,28.01,29.34,77.2,,arabian_sea_4n67e,4.0,67.0,0,LOW,1.07001531124115,7.562661170959473
2020-12-20 12:00:00,5.6371490267999995,262.1,27.35,29.15,81.6,,arabian_sea_4n67e,4.0,67.0,0,LOW,1.0808207988739014,7.0431108474731445
2020-12-21 12:00:00,8.747300214,238.7,26.49,28.97,82.4,,arabian_sea_4n67e,4.0,67.0,0,LOW,1.269251823425293,7.21323299407959
2020-12-22 12:00:00,3.6933045348,116.2,27.13,28.93,74.8,,arabian_sea_4n67e,4.0,67.0,0,LOW,1.3011112213134766,7.640711784362793
2020-12-23 12:00:00,6.2203023744,123.4,27.99,29.0,74.0,,arabian_sea_4n67e,4.0,67.0,0,LOW,1.2838200330734253,9.094388008117676
2020-12-24 12:00:00,2.1382289412,52.8,28.42,29.23,70.9,,arabian_sea_4n67e,4.0,67.0,0,LOW,1.228243112564087,8.769521713256836
2020-12-25 12:00:00,4.665226780799999,37.7,28.44,29.35,73.3,,arabian_sea_4n67e,4.0,67.0,0,LOW,1.2194278240203857,8.306540489196777
2020-12-26 12:00:00,4.0820734332,350.2,28.72,29.54,70.5,,arabian_sea_4n67e,4.0,67.0,0,LOW,1.1628613471984863,7.811059951782227
2020-12-27 12:00:00,4.2764578824,284.9,28.61,29.57,72.9,,arabian_sea_4n67e,4.0,67.0,0,LOW,1.1514167785644531,7.6986494064331055
2020-12-28 12:00:00,3.6933045348,169.4,28.45,29.59,73.7,,arabian_sea_4n67e,4.0,67.0,0,LOW,1.0804378986358643,8.156551361083984
2020-12-29 12:00:00,12.4406047488,204.7,28.96,29.39,73.3,,arabian_sea_4n67e,4.0,67.0,1,MODERATE,1.6890153884887695,10.650402069091797
2020-12-30 12:00:00,12.4406047488,200.7,28.75,29.3,73.3,,arabian_sea_4n67e,4.0,67.0,1,MODERATE,1.9444670677185059,9.605057716369629
2020-12-31 12:00:00,8.5529157648,181.9,27.71,29.26,79.6,,arabian_sea_4n67e,4.0,67.0,1,MODERATE,1.6090953350067139,8.851297378540039
2021-01-01 12:00:00,5.0539956792,196.5,27.53,29.22,80.0,,arabian_sea_4n67e,4.0,67.0,0,LOW,1.4078757762908936,8.916707992553711
2021-01-02 12:00:00,5.0539956792,214.4,27.77,29.18,78.8,,arabian_sea_4n67e,4.0,67.0,0,LOW,1.2939460277557373,8.081603050231934
2021-01-03 12:00:00,2.915766738,221.5,26.8,29.09,81.2,,arabian_sea_4n67e,4.0,67.0,0,LOW,1.2410582304000854,7.685511589050293
2021-01-04 12:00:00,3.1101511872,276.0,28.4,29.6,73.7,,arabian_sea_4n67e,4.0,67.0,0,LOW,1.3122467994689941,8.036527633666992
2021-01-05 12:00:00,7.775377968,61.3,26.45,29.31,83.6,,arabian_sea_4n67e,4.0,67.0,0,LOW,1.459484577178955,7.18618106842041
2021-01-06 12:00:00,13.606911444,152.9,28.26,29.17,74.4,,arabian_sea_4n67e,4.0,67.0,1,MODERATE,1.7858127355575562,6.988528251647949
2021-01-07 12:00:00,14.57883369,144.5,28.48,28.97,74.4,,arabian_sea_4n67e,4.0,67.0,1,MODERATE,1.8820555210113525,6.596059799194336
2021-01-08 12:00:00,11.2742980536,147.2,28.26,28.89,64.9,,arabian_sea_4n67e,4.0,67.0,1,MODERATE,1.6469115018844604,8.044358253479004
2021-01-09 12:00:00,7.5809935188,131.5,28.03,28.82,63.3,,arabian_sea_4n67e,4.0,67.0,1,MODERATE,1.5356531143188477,9.672628402709961
2021-01-10 12:00:00,7.5809935188,99.0,27.92,28.91,69.3,,arabian_sea_4n67e,4.0,67.0,0,LOW,1.4051127433776855,8.937102317810059
2021-01-11 12:00:00,7.969762417199999,110.5,28.0,28.91,71.7,,arabian_sea_4n67e,4.0,67.0,1,MODERATE,1.5686285495758057,8.667534828186035
2021-01-12 12:00:00,9.1360691124,109.7,28.02,28.89,69.7,,arabian_sea_4n67e,4.0,67.0,0,LOW,1.37129807472229,8.111425399780273
2021-01-13 12:00:00,10.8855291552,112.1,27.99,28.85,74.0,,arabian_sea_4n67e,4.0,67.0,0,LOW,1.360283613204956,7.393285751342773
2021-01-14 12:00:00,6.2203023744,102.5,28.1,28.97,71.7,,arabian_sea_4n67e,4.0,67.0,0,LOW,1.2964767217636108,8.130859375
2021-01-15 12:00:00,10.1079913584,75.2,27.49,28.89,78.8,,arabian_sea_4n67e,4.0,67.0,0,LOW,1.3467401266098022,7.16739559173584
2021-01-16 12:00:00,7.3866090696,80.2,27.82,28.86,80.0,,arabian_sea_4n67e,4.0,67.0,0,LOW,1.309156060218811,6.865172386169434
2021-01-17 12:00:00,8.941684663199998,359.1,27.96,28.87,78.0,,arabian_sea_4n67e,4.0,67.0,0,LOW,1.2467061281204224,7.3548383712768555
2021-01-18 12:00:00,9.9136069092,340.2,28.08,28.74,78.0,,arabian_sea_4n67e,4.0,67.0,0,LOW,1.1454689502716064,7.226384162902832
2021-01-19 12:00:00,5.442764577599999,311.5,27.39,28.81,80.0,,arabian_sea_4n67e,4.0,67.0,0,LOW,1.1377673149108887,8.687182426452637
2021-01-20 12:00:00,4.665226780799999,237.4,27.77,28.83,77.2,,arabian_sea_4n67e,4.0,67.0,0,LOW,1.0654101371765137,8.059017181396484
2021-01-21 12:00:00,7.1922246204,186.5,28.23,28.86,74.8,,arabian_sea_4n67e,4.0,67.0,0,LOW,0.9171648621559143,7.506570816040039
2021-01-22 12:00:00,8.747300214,189.9,28.09,28.67,79.2,,arabian_sea_4n67e,4.0,67.0,0,LOW,1.1513981819152832,6.84909725189209
2021-01-23 12:00:00,6.0259179252,188.6,27.14,28.97,81.6,,arabian_sea_4n67e,4.0,67.0,0,LOW,1.0289667844772339,7.3128814697265625
2021-01-24 12:00:00,5.442764577599999,237.9,28.02,29.13,76.4,,arabian_sea_4n67e,4.0,67.0,0,LOW,1.0223444700241089,7.766680717468262
2021-01-25 12:00:00,6.2203023744,303.4,28.43,29.5,74.8,,arabian_sea_4n67e,4.0,67.0,0,LOW,1.2136926651000977,9.823501586914062
2021-01-26 12:00:00,3.6933045348,79.4,26.54,29.24,82.0,,arabian_sea_4n67e,4.0,67.0,1,MODERATE,1.6399177312850952,10.730729103088379
2021-01-27 12:00:00,8.1641468664,229.6,27.72,29.19,70.9,,arabian_sea_4n67e,4.0,67.0,1,MODERATE,1.610482931137085,8.861355781555176
2021-01-28 12:00:00,10.691144706,230.5,28.71,29.18,62.9,,arabian_sea_4n67e,4.0,67.0,0,LOW,1.4614577293395996,7.987333297729492
2021-01-29 12:00:00,8.747300214,213.9,27.19,29.27,78.4,,arabian_sea_4n67e,4.0,67.0,0,LOW,1.3109885454177856,8.231231689453125
2021-01-30 12:00:00,5.6371490267999995,270.9,28.02,29.23,72.1,,arabian_sea_4n67e,4.0,67.0,0,LOW,1.272384524345398,8.813981056213379
2021-01-31 12:00:00,7.775377968,248.1,28.45,29.18,70.9,,arabian_sea_4n67e,4.0,67.0,0,LOW,1.240523099899292,9.155328750610352
2021-02-01 12:00:00,11.0799136044,231.7,28.85,29.13,72.5,,arabian_sea_4n67e,4.0,67.0,0,LOW,1.4754360914230347,8.62309741973877
2021-02-02 12:00:00,10.1079913584,224.7,27.99,29.09,76.0,,arabian_sea_4n67e,4.0,67.0,0,LOW,1.3852511644363403,7.812132835388184
2021-02-03 12:00:00,7.775377968,241.3,27.41,29.09,77.6,,arabian_sea_4n67e,4.0,67.0,0,LOW,1.2907650470733643,8.084041595458984
2021-02-04 12:00:00,5.2483801284,211.5,26.64,28.73,81.6,,arabian_sea_4n67e,4.0,67.0,0,LOW,1.2272799015045166,8.762460708618164
2021-02-05 12:00:00,7.3866090696,214.7,28.25,28.91,76.4,,arabian_sea_4n67e,4.0,67.0,0,LOW,1.2402949333190918,8.692669868469238
2021-02-06 12:00:00,11.4686825028,220.1,28.53,28.89,77.2,,arabian_sea_4n67e,4.0,67.0,0,LOW,1.2546067237854004,7.413985252380371
2021-02-07 12:00:00,13.0237580964,220.3,28.62,28.92,73.7,,arabian_sea_4n67e,4.0,67.0,0,LOW,1.2621519565582275,6.782305717468262
2021-02-08 12:00:00,11.8574514012,222.8,28.44,28.83,70.5,,arabian_sea_4n67e,4.0,67.0,0,LOW,1.196961522102356,6.528756141662598
2021-02-09 12:00:00,12.0518358504,195.5,28.18,28.75,70.9,,arabian_sea_4n67e,4.0,67.0,0,LOW,1.1760056018829346,7.058266639709473
2021-02-10 12:00:00,13.4125269948,184.9,28.3,28.7,74.0,,arabian_sea_4n67e,4.0,67.0,0,LOW,1.2809131145477295,7.109090805053711
2021-02-11 12:00:00,11.2742980536,205.8,28.39,28.73,72.5,,arabian_sea_4n67e,4.0,67.0,0,LOW,1.361842155456543,7.466238975524902
2021-02-12 12:00:00,8.747300214,223.3,28.49,28.89,72.1,,arabian_sea_4n67e,4.0,67.0,0,LOW,1.2198772430419922,8.437906265258789
2021-02-13 12:00:00,11.0799136044,234.5,28.1,28.81,73.7,,arabian_sea_4n67e,4.0,67.0,0,LOW,1.3556945323944092,8.04494857788086
2021-02-14 12:00:00,11.663066952,233.9,28.21,28.84,67.7,,arabian_sea_4n67e,4.0,67.0,0,LOW,1.4596147537231445,9.989072799682617
2021-02-15 12:00:00,8.941684663199998,216.0,27.99,28.89,64.9,,arabian_sea_4n67e,4.0,67.0,1,MODERATE,1.5448521375656128,11.768691062927246
2021-02-16 12:00:00,7.775377968,227.8,27.98,28.99,68.1,,arabian_sea_4n67e,4.0,67.0,0,LOW,1.403867244720459,11.142658233642578
2021-02-17 12:00:00,8.747300214,213.9,28.04,29.03,69.3,,arabian_sea_4n67e,4.0,67.0,0,LOW,1.2825989723205566,9.104589462280273
2021-02-18 12:00:00,7.775377968,223.6,28.08,29.2,70.1,,arabian_sea_4n67e,4.0,67.0,0,LOW,1.1259828805923462,8.523214340209961
2021-02-19 12:00:00,12.4406047488,220.2,28.43,29.09,71.7,,arabian_sea_4n67e,4.0,67.0,0,LOW,1.2558586597442627,7.011518478393555
2021-02-20 12:00:00,10.8855291552,200.2,28.26,29.06,64.5,,arabian_sea_4n67e,4.0,67.0,0,LOW,1.286733865737915,7.113109588623047
2021-02-21 12:00:00,6.6090712728,191.4,27.97,29.1,64.5,,arabian_sea_4n67e,4.0,67.0,0,LOW,1.0649540424346924,7.739036560058594
2021-02-22 12:00:00,6.9978401712,193.8,27.89,29.08,64.5,,arabian_sea_4n67e,4.0,67.0,0,LOW,0.9561120271682739,7.580270767211914
2021-02-23 12:00:00,3.6933045348,226.7,27.91,29.28,64.1,,arabian_sea_4n67e,4.0,67.0,0,LOW,0.950685977935791,8.609938621520996
2021-02-24 12:00:00,4.0820734332,272.8,28.11,29.51,63.7,,arabian_sea_4n67e,4.0,67.0,0,LOW,0.9905557632446289,9.936673164367676
2021-02-25 12:00:00,5.0539956792,246.5,28.33,29.49,67.7,,arabian_sea_4n67e,4.0,67.0,0,LOW,0.9647030830383301,9.340112686157227
2021-02-26 12:00:00,6.0259179252,215.8,28.36,29.45,66.5,,arabian_sea_4n67e,4.0,67.0,0,LOW,0.8699969053268433,8.69913387298584
2021-02-27 12:00:00,5.442764577599999,227.8,28.45,29.56,66.5,,arabian_sea_4n67e,4.0,67.0,0,LOW,0.9593009352684021,10.77876091003418
2021-02-28 12:00:00,4.470842331599999,242.5,28.42,29.62,65.7,,arabian_sea_4n67e,4.0,67.0,0,LOW,1.2254376411437988,11.1719970703125
2021-03-01 12:00:00,7.969762417199999,245.2,28.35,29.72,68.5,,arabian_sea_4n67e,4.0,67.0,0,LOW,1.2177867889404297,10.069845199584961
2021-03-02 12:00:00,11.0799136044,231.7,28.8,29.34,70.9,,arabian_sea_4n67e,4.0,67.0,0,LOW,1.2388935089111328,7.933938980102539
2021-03-03 12:00:00,11.0799136044,214.2,28.95,29.32,69.3,,arabian_sea_4n67e,4.0,67.0,0,LOW,1.2793552875518799,8.349679946899414
2021-03-04 12:00:00,9.3304535616,216.3,28.96,29.51,70.5,,arabian_sea_4n67e,4.0,67.0,0,LOW,1.2528681755065918,9.089089393615723
2021-03-05 12:00:00,9.1360691124,281.8,28.94,29.48,70.1,,arabian_sea_4n67e,4.0,67.0,0,LOW,1.2839527130126953,9.347044944763184
2021-03-06 12:00:00,9.1360691124,289.7,28.86,29.53,70.9,,arabian_sea_4n67e,4.0,67.0,0,LOW,1.3511407375335693,9.277018547058105
2021-03-07 12:00:00,7.775377968,272.5,28.7,29.5,68.9,,arabian_sea_4n67e,4.0,67.0,0,LOW,1.4128947257995605,10.4180269241333
2021-03-08 12:00:00,7.775377968,238.6,28.73,29.45,70.1,,arabian_sea_4n67e,4.0,67.0,1,MODERATE,1.5762676000595093,11.688557624816895
2021-03-09 12:00:00,5.0539956792,246.5,28.18,29.44,76.0,,arabian_sea_4n67e,4.0,67.0,0,LOW,1.4499080181121826,10.574029922485352
2021-03-10 12:00:00,3.4989200856,274.6,27.53,29.67,76.8,,arabian_sea_4n67e,4.0,67.0,0,LOW,1.2715332508087158,9.515583038330078
2021-03-11 12:00:00,8.1641468664,263.6,28.22,29.45,71.7,,arabian_sea_4n67e,4.0,67.0,0,LOW,1.1317936182022095,9.267186164855957
2021-03-12 12:00:00,11.0799136044,270.6,28.41,29.41,74.4,,arabian_sea_4n67e,4.0,67.0,0,LOW,1.2085325717926025,8.707403182983398
2021-03-13 12:00:00,9.3304535616,271.5,28.68,29.67,74.0,,arabian_sea_4n67e,4.0,67.0,0,LOW,1.2699942588806152,8.439924240112305
2021-03-14 12:00:00,9.9136069092,295.1,27.06,29.55,80.4,,arabian_sea_4n67e,4.0,67.0,0,LOW,1.2333498001098633,8.086736679077148
2021-03-15 12:00:00,4.2764578824,248.1,27.09,29.51,78.8,,arabian_sea_4n67e,4.0,67.0,0,LOW,1.0954484939575195,8.480685234069824
2021-03-16 12:00:00,7.5809935188,217.1,27.88,29.56,73.7,,arabian_sea_4n67e,4.0,67.0,0,LOW,1.1337659358978271,8.817302703857422
2021-03-17 12:00:00,6.803455722,219.0,28.74,29.72,68.9,,arabian_sea_4n67e,4.0,67.0,0,LOW,1.1778812408447266,9.177347183227539
2021-03-18 12:00:00,5.2483801284,200.9,29.01,29.96,70.5,,arabian_sea_4n67e,4.0,67.0,0,LOW,1.2563893795013428,9.540852546691895
2021-03-19 12:00:00,6.9978401712,209.2,29.22,29.96,72.1,,arabian_sea_4n67e,4.0,67.0,0,LOW,1.2386889457702637,9.37220287322998
2021-03-20 12:00:00,5.831533476,193.6,29.02,30.01,69.7,,arabian_sea_4n67e,4.0,67.0,0,LOW,1.1522716283798218,9.135626792907715
2021-03-21 12:00:00,7.775377968,185.5,29.17,30.03,68.5,,arabian_sea_4n67e,4.0,67.0,0,LOW,1.1033923625946045,9.149397850036621
2021-03-22 12:00:00,9.1360691124,189.3,29.21,30.05,68.9,,arabian_sea_4n67e,4.0,67.0,0,LOW,1.1495479345321655,8.90617847442627
2021-03-23 12:00:00,8.1641468664,185.0,29.23,29.99,68.9,,arabian_sea_4n67e,4.0,67.0,0,LOW,1.1041717529296875,8.583484649658203
2021-03-24 12:00:00,6.9978401712,173.1,28.99,30.11,71.7,,arabian_sea_4n67e,4.0,67.0,0,LOW,0.9980825185775757,8.462008476257324
2021-03-25 12:00:00,7.5809935188,244.1,28.73,30.08,74.8,,arabian_sea_4n67e,4.0,67.0,0,LOW,1.0131206512451172,7.438116073608398
2021-03-26 12:00:00,7.5809935188,221.5,29.29,30.19,73.7,,arabian_sea_4n67e,4.0,67.0,0,LOW,0.943107545375824,7.905256271362305
2021-03-27 12:00:00,5.2483801284,211.5,29.18,30.29,72.5,,arabian_sea_4n67e,4.0,67.0,0,LOW,0.9043213725090027,7.992486953735352
2021-03-28 12:00:00,3.6933045348,153.3,27.94,30.24,77.6,,arabian_sea_4n67e,4.0,67.0,0,LOW,0.8786594867706299,7.704239845275879
2021-03-29 12:00:00,11.0799136044,101.0,26.41,29.73,82.0,,arabian_sea_4n67e,4.0,67.0,0,LOW,1.453385353088379,6.6410980224609375
2021-03-30 12:00:00,14.1900647916,102.5,29.26,29.79,73.3,,arabian_sea_4n67e,4.0,67.0,0,LOW,1.2822370529174805,6.695085525512695
2021-03-31 12:00:00,13.2181425456,107.1,29.14,29.76,76.0,,arabian_sea_4n67e,4.0,67.0,0,LOW,1.458634376525879,6.859016418457031
2021-04-01 12:00:00,11.2742980536,111.3,29.24,29.79,75.2,,arabian_sea_4n67e,4.0,67.0,0,LOW,1.3090636730194092,8.00829792022705
2021-04-02 12:00:00,11.0799136044,88.5,29.07,29.83,73.7,,arabian_sea_4n67e,4.0,67.0,0,LOW,1.3460187911987305,7.984468460083008
2021-04-03 12:00:00,10.1079913584,97.8,29.22,29.88,74.0,,arabian_sea_4n67e,4.0,67.0,0,LOW,1.4562091827392578,8.344472885131836
2021-04-04 12:00:00,9.3304535616,142.1,29.08,29.89,69.7,,arabian_sea_4n67e,4.0,67.0,0,LOW,1.3765119314193726,8.690592765808105
2021-04-05 12:00:00,8.941684663199998,158.1,29.13,29.9,62.5,,arabian_sea_4n67e,4.0,67.0,0,LOW,1.3270922899246216,8.652832984924316
2021-04-06 12:00:00,7.5809935188,147.1,28.94,29.97,64.1,,arabian_sea_4n67e,4.0,67.0,0,LOW,1.1240911483764648,8.920884132385254
2021-04-07 12:00:00,3.887688984,122.0,28.99,30.13,65.7,,arabian_sea_4n67e,4.0,67.0,0,LOW,1.0476861000061035,9.387467384338379
2021-04-08 12:00:00,7.5809935188,96.0,28.91,30.02,69.3,,arabian_sea_4n67e,4.0,67.0,0,LOW,1.0480276346206665,9.042113304138184
2021-04-09 12:00:00,7.3866090696,102.9,28.63,30.04,72.5,,arabian_sea_4n67e,4.0,67.0,0,LOW,1.0476388931274414,7.982158660888672
2021-04-10 12:00:00,2.915766738,117.5,28.43,30.19,74.8,,arabian_sea_4n67e,4.0,67.0,0,LOW,0.9571688175201416,8.221182823181152
2021-04-11 12:00:00,5.0539956792,48.6,28.57,30.12,74.8,,arabian_sea_4n67e,4.0,67.0,0,LOW,0.9996665120124817,8.607552528381348
2021-04-12 12:00:00,6.803455722,48.9,29.0,30.09,68.1,,arabian_sea_4n67e,4.0,67.0,0,LOW,1.1844624280929565,10.064596176147461
2021-04-13 12:00:00,5.831533476,50.5,29.13,30.08,67.3,,arabian_sea_4n67e,4.0,67.0,0,LOW,1.3705577850341797,10.67276382446289
2021-04-14 12:00:00,5.442764577599999,41.5,29.25,30.34,68.1,,arabian_sea_4n67e,4.0,67.0,0,LOW,1.3920795917510986,10.568953514099121
2021-04-15 12:00:00,6.803455722,39.0,29.23,30.35,70.9,,arabian_sea_4n67e,4.0,67.0,0,LOW,1.3405632972717285,9.82295036315918
2021-04-16 12:00:00,3.1101511872,96.0,29.16,30.36,74.0,,arabian_sea_4n67e,4.0,67.0,0,LOW,1.2063357830047607,9.219633102416992
2021-04-17 12:00:00,2.7213822887999997,7.8,28.61,30.42,74.8,,arabian_sea_4n67e,4.0,67.0,0,LOW,1.1318342685699463,9.373804092407227
2021-04-18 12:00:00,2.7213822887999997,356.5,29.37,30.67,69.7,,arabian_sea_4n67e,4.0,67.0,0,LOW,1.2240071296691895,10.33127498626709
2021-04-19 12:00:00,3.6933045348,36.3,29.45,30.56,68.9,,arabian_sea_4n67e,4.0,67.0,0,LOW,1.2721846103668213,10.144935607910156
2021-04-20 12:00:00,3.6933045348,46.7,29.59,30.87,67.7,,arabian_sea_4n67e,4.0,67.0,0,LOW,1.2272629737854004,9.977893829345703
2021-04-21 12:00:00,6.2203023744,44.2,28.98,30.88,71.3,,arabian_sea_4n67e,4.0,67.0,0,LOW,1.3823884725570679,11.352030754089355
2021-04-22 12:00:00,8.941684663199998,68.1,28.68,30.73,74.0,,arabian_sea_4n67e,4.0,67.0,0,LOW,1.4496294260025024,11.053858757019043
2021-04-23 12:00:00,4.85961123,91.7,29.06,30.64,72.1,,arabian_sea_4n67e,4.0,67.0,0,LOW,1.3286101818084717,10.07637882232666
2021-04-24 12:00:00,4.0820734332,80.2,29.37,30.93,70.9,,arabian_sea_4n67e,4.0,67.0,0,LOW,1.2595088481903076,9.86327838897705
2021-04-25 12:00:00,4.2764578824,54.5,29.66,31.1,68.9,,arabian_sea_4n67e,4.0,67.0,0,LOW,1.1775997877120972,9.905773162841797
2021-04-26 12:00:00,5.2483801284,62.1,29.4,31.08,72.9,,arabian_sea_4n67e,4.0,67.0,0,LOW,1.296169638633728,11.297719955444336
2021-04-27 12:00:00,6.0259179252,82.4,29.28,30.92,74.8,,arabian_sea_4n67e,4.0,67.0,0,LOW,1.3519551753997803,11.172344207763672
2021-04-28 12:00:00,4.470842331599999,33.4,29.57,31.15,72.1,,arabian_sea_4n67e,4.0,67.0,0,LOW,1.2745161056518555,10.823210716247559
2021-04-29 12:00:00,5.442764577599999,14.9,29.49,31.03,72.9,,arabian_sea_4n67e,4.0,67.0,0,LOW,1.369260549545288,11.154443740844727
2021-04-30 12:00:00,3.1101511872,35.2,28.83,30.96,74.8,,arabian_sea_4n67e,4.0,67.0,0,LOW,1.3209764957427979,10.783523559570312
2021-05-01 12:00:00,3.6933045348,56.8,29.89,31.32,69.7,,arabian_sea_4n67e,4.0,67.0,0,LOW,1.1641509532928467,9.67558765411377
2021-05-02 12:00:00,4.470842331599999,62.5,30.12,31.34,70.1,,arabian_sea_4n67e,4.0,67.0,0,LOW,1.11223304271698,8.885965347290039
2021-05-03 12:00:00,3.887688984,41.5,30.03,31.15,69.7,,arabian_sea_4n67e,4.0,67.0,0,LOW,1.0716407299041748,8.60434341430664
2021-05-04 12:00:00,2.7213822887999997,18.3,29.46,31.21,73.7,,arabian_sea_4n67e,4.0,67.0,0,LOW,1.1390998363494873,8.755317687988281
2021-05-05 12:00:00,5.6371490267999995,77.8,29.61,31.21,71.7,,arabian_sea_4n67e,4.0,67.0,0,LOW,1.2469358444213867,9.274340629577637
2021-05-06 12:00:00,8.1641468664,49.6,28.89,30.91,76.0,,arabian_sea_4n67e,4.0,67.0,0,LOW,1.367119312286377,9.965545654296875
2021-05-07 12:00:00,4.2764578824,68.1,29.88,31.2,70.9,,arabian_sea_4n67e,4.0,67.0,0,LOW,1.4873836040496826,10.031143188476562
2021-05-08 12:00:00,3.6933045348,46.7,29.52,31.2,74.0,,arabian_sea_4n67e,4.0,67.0,0,LOW,1.4471062421798706,10.661443710327148
2021-05-09 12:00:00,2.5269978396,23.1,30.2,31.77,70.1,,arabian_sea_4n67e,4.0,67.0,0,LOW,1.441758394241333,10.595040321350098
2021-05-10 12:00:00,8.941684663199998,68.1,28.15,31.11,81.6,,arabian_sea_4n67e,4.0,67.0,1,MODERATE,1.6384658813476562,9.163371086120605
2021-05-11 12:00:00,17.883369326399997,77.8,27.65,30.41,82.0,,arabian_sea_4n67e,4.0,67.0,1,MODERATE,2.3476145267486572,7.711907386779785
2021-05-12 12:00:00,19.43844492,67.0,28.82,29.83,76.4,,arabian_sea_4n67e,4.0,67.0,1,MODERATE,2.1917219161987305,7.165051460266113
2021-05-13 12:00:00,18.2721382248,66.9,28.98,29.62,77.2,,arabian_sea_4n67e,4.0,67.0,1,MODERATE,2.554539680480957,7.693115234375
2021-05-14 12:00:00,16.1339092836,72.8,28.59,29.3,80.4,,arabian_sea_4n67e,4.0,67.0,1,MODERATE,2.54494571685791,8.1859769821167
2021-05-15 12:00:00,13.4125269948,79.8,29.03,29.35,79.2,,arabian_sea_4n67e,4.0,67.0,1,MODERATE,2.3783490657806396,8.89069652557373
2021-05-16 12:00:00,13.0237580964,53.8,29.18,29.31,79.2,,arabian_sea_4n67e,4.0,67.0,1,MODERATE,2.3784186840057373,9.028670310974121
2021-05-17 12:00:00,14.7732181392,43.6,29.0,29.33,78.4,,arabian_sea_4n67e,4.0,67.0,1,MODERATE,2.400238037109375,8.746296882629395
2021-05-18 12:00:00,12.2462202996,69.8,29.09,29.38,77.6,,arabian_sea_4n67e,4.0,67.0,1,MODERATE,2.2262651920318604,9.054052352905273
2021-05-19 12:00:00,11.8574514012,86.5,28.92,29.42,76.8,,arabian_sea_4n67e,4.0,67.0,1,MODERATE,2.0406360626220703,9.161620140075684
2021-05-20 12:00:00,11.663066952,100.1,29.14,29.41,76.4,,arabian_sea_4n67e,4.0,67.0,1,MODERATE,1.8726104497909546,8.135539054870605
2021-05-21 12:00:00,14.7732181392,83.5,29.14,29.35,76.0,,arabian_sea_4n67e,4.0,67.0,1,MODERATE,1.9048835039138794,7.017801284790039
2021-05-22 12:00:00,14.57883369,98.7,28.94,29.4,77.2,,arabian_sea_4n67e,4.0,67.0,1,MODERATE,1.9055278301239014,6.9173383712768555
2021-05-23 12:00:00,13.2181425456,89.9,28.81,29.43,78.0,,arabian_sea_4n67e,4.0,67.0,1,MODERATE,1.8163907527923584,7.517496109008789
2021-05-24 12:00:00,13.9956803424,78.6,29.08,29.46,75.2,,arabian_sea_4n67e,4.0,67.0,1,MODERATE,1.9186331033706665,8.19076156616211
2021-05-25 12:00:00,14.3844492408,62.7,29.17,29.45,72.5,,arabian_sea_4n67e,4.0,67.0,1,MODERATE,2.0757620334625244,8.502586364746094
2021-05-26 12:00:00,13.8012958932,78.4,29.07,29.4,74.0,,arabian_sea_4n67e,4.0,67.0,1,MODERATE,1.8714439868927002,7.697775840759277
2021-05-27 12:00:00,13.9956803424,84.9,29.07,29.43,74.4,,arabian_sea_4n67e,4.0,67.0,1,MODERATE,1.6864995956420898,7.049419403076172
2021-05-28 12:00:00,15.7451403852,89.3,29.2,29.38,70.9,,arabian_sea_4n67e,4.0,67.0,1,MODERATE,1.8048334121704102,7.237734794616699
2021-05-29 12:00:00,14.7732181392,83.5,29.08,29.32,70.1,,arabian_sea_4n67e,4.0,67.0,1,MODERATE,1.8865548372268677,7.417196273803711
2021-05-30 12:00:00,12.8293736472,90.0,28.91,29.34,70.5,,arabian_sea_4n67e,4.0,67.0,1,MODERATE,1.7398576736450195,7.893091201782227
2021-05-31 12:00:00,12.2462202996,101.4,28.85,29.35,71.3,,arabian_sea_4n67e,4.0,67.0,1,MODERATE,1.5491974353790283,7.61281681060791
2021-06-01 12:00:00,9.71922246,116.2,28.77,29.4,72.1,,arabian_sea_4n67e,4.0,67.0,0,LOW,1.4562102556228638,8.29458999633789
2021-06-02 12:00:00,12.2462202996,117.2,28.91,29.36,70.1,,arabian_sea_4n67e,4.0,67.0,1,MODERATE,1.7071382999420166,8.194884300231934
2021-06-03 12:00:00,11.8574514012,108.0,28.94,29.33,70.1,,arabian_sea_4n67e,4.0,67.0,1,MODERATE,1.7380030155181885,8.187745094299316
2021-06-04 12:00:00,13.4125269948,103.4,29.05,29.29,72.9,,arabian_sea_4n67e,4.0,67.0,1,MODERATE,1.7503957748413086,7.750885963439941
2021-06-05 12:00:00,10.3023758076,90.9,28.94,29.37,74.8,,arabian_sea_4n67e,4.0,67.0,1,MODERATE,1.7284691333770752,8.900586128234863
2021-06-06 12:00:00,9.9136069092,81.9,28.91,29.4,72.5,,arabian_sea_4n67e,4.0,67.0,1,MODERATE,1.8208811283111572,9.21757984161377
2021-06-07 12:00:00,10.3023758076,102.1,28.88,29.39,74.0,,arabian_sea_4n67e,4.0,67.0,1,MODERATE,1.6952625513076782,8.757914543151855
2021-06-08 12:00:00,10.3023758076,90.9,28.96,29.38,76.0,,arabian_sea_4n67e,4.0,67.0,1,MODERATE,1.6912200450897217,8.376673698425293
2021-06-09 12:00:00,9.9136069092,63.0,28.75,29.38,76.0,,arabian_sea_4n67e,4.0,67.0,1,MODERATE,1.621511459350586,8.915729522705078
2021-06-10 12:00:00,8.941684663199998,47.0,28.63,29.36,72.5,,arabian_sea_4n67e,4.0,67.0,1,MODERATE,1.5986791849136353,10.324777603149414
2021-06-11 12:00:00,9.9136069092,28.3,28.88,29.41,72.9,,arabian_sea_4n67e,4.0,67.0,1,MODERATE,1.765251636505127,10.026494026184082
2021-06-12 12:00:00,12.2462202996,46.7,28.82,29.38,70.1,,arabian_sea_4n67e,4.0,67.0,1,MODERATE,1.867286205291748,8.793651580810547
2021-06-13 12:00:00,10.1079913584,44.7,28.85,29.45,73.3,,arabian_sea_4n67e,4.0,67.0,1,MODERATE,1.6986308097839355,8.287911415100098
2021-06-14 12:00:00,11.0799136044,54.5,28.98,29.44,70.9,,arabian_sea_4n67e,4.0,67.0,1,MODERATE,1.7017757892608643,7.925293922424316
2021-06-15 12:00:00,13.2181425456,54.7,29.0,29.34,73.3,,arabian_sea_4n67e,4.0,67.0,1,MODERATE,1.8351376056671143,8.943868637084961
2021-06-16 12:00:00,13.4125269948,40.3,29.12,29.3,76.8,,arabian_sea_4n67e,4.0,67.0,1,MODERATE,2.159299373626709,8.474678039550781
2021-06-17 12:00:00,11.8574514012,42.8,28.93,29.24,76.4,,arabian_sea_4n67e,4.0,67.0,1,MODERATE,1.8980562686920166,8.45368766784668
2021-06-18 12:00:00,11.4686825028,45.7,28.95,29.25,73.7,,arabian_sea_4n67e,4.0,67.0,1,MODERATE,1.8711950778961182,8.34206485748291
2021-06-19 12:00:00,8.747300214,70.5,28.76,29.25,72.1,,arabian_sea_4n67e,4.0,67.0,1,MODERATE,1.6756600141525269,8.560455322265625
2021-06-20 12:00:00,6.2203023744,86.5,28.74,29.42,72.9,,arabian_sea_4n67e,4.0,67.0,1,MODERATE,1.506253957748413,8.755548477172852
2021-06-21 12:00:00,9.71922246,116.2,28.35,29.41,76.8,,arabian_sea_4n67e,4.0,67.0,1,MODERATE,1.6497048139572144,8.428068161010742
2021-06-22 12:00:00,9.5248380108,101.1,28.19,29.31,76.0,,arabian_sea_4n67e,4.0,67.0,1,MODERATE,1.6603524684906006,8.641740798950195
2021-06-23 12:00:00,7.775377968,95.5,28.62,29.23,74.8,,arabian_sea_4n67e,4.0,67.0,0,LOW,1.4761631488800049,8.622469902038574
2021-06-24 12:00:00,8.1641468664,106.7,28.68,29.37,73.7,,arabian_sea_4n67e,4.0,67.0,0,LOW,1.4710595607757568,9.68409538269043
2021-06-25 12:00:00,7.1922246204,122.0,28.61,29.43,70.5,,arabian_sea_4n67e,4.0,67.0,1,MODERATE,1.658400058746338,10.281412124633789
2021-06-26 12:00:00,2.7213822887999997,86.5,28.56,29.88,68.9,,arabian_sea_4n67e,4.0,67.0,1,MODERATE,1.543513536453247,9.844091415405273
2021-06-27 12:00:00,1.7494600428,23.1,28.83,30.05,70.5,,arabian_sea_4n67e,4.0,67.0,1,MODERATE,1.8145556449890137,11.294148445129395
2021-06-28 12:00:00,4.85961123,186.8,28.98,30.04,70.5,,arabian_sea_4n67e,4.0,67.0,1,MODERATE,1.8502073287963867,10.866291999816895
2021-06-29 12:00:00,6.6090712728,176.5,28.68,,73.3,,arabian_sea_4n67e,4.0,67.0,1,MODERATE,1.7242263555526733,9.968884468078613
2021-06-30 12:00:00,9.9136069092,147.9,28.01,29.75,76.0,,arabian_sea_4n67e,4.0,67.0,1,MODERATE,1.730242133140564,9.011046409606934
2021-07-01 12:00:00,11.663066952,119.1,28.79,,73.7,,arabian_sea_4n67e,4.0,67.0,1,MODERATE,1.7534704208374023,8.313295364379883
2021-07-02 12:00:00,14.7732181392,100.2,28.95,,76.0,,arabian_sea_4n67e,4.0,67.0,1,MODERATE,2.023270845413208,8.127126693725586
2021-07-03 12:00:00,9.9136069092,110.0,29.01,29.58,74.4,,arabian_sea_4n67e,4.0,67.0,1,MODERATE,1.8966805934906006,8.78123664855957
2021-07-04 12:00:00,10.3023758076,133.1,29.06,29.61,74.0,,arabian_sea_4n67e,4.0,67.0,1,MODERATE,1.6804847717285156,8.028739929199219
2021-07-05 12:00:00,13.0237580964,132.7,29.05,29.65,74.4,,arabian_sea_4n67e,4.0,67.0,1,MODERATE,1.6483994722366333,7.425975799560547
2021-07-06 12:00:00,14.1900647916,135.9,28.98,29.63,74.4,,arabian_sea_4n67e,4.0,67.0,1,MODERATE,1.7756788730621338,7.113706588745117
2021-07-07 12:00:00,15.3563714868,131.5,28.74,29.57,74.8,,arabian_sea_4n67e,4.0,67.0,1,MODERATE,1.9081910848617554,6.980489730834961
2021-07-08 12:00:00,15.7451403852,97.8,29.07,29.44,70.9,,arabian_sea_4n67e,4.0,67.0,1,MODERATE,1.9358588457107544,7.303006172180176
2021-07-09 12:00:00,16.3282937328,79.7,28.61,29.25,72.5,,arabian_sea_4n67e,4.0,67.0,1,MODERATE,2.122262954711914,7.737029075622559
2021-07-10 12:00:00,14.1900647916,96.0,28.98,29.19,71.3,,arabian_sea_4n67e,4.0,67.0,1,MODERATE,2.1192233562469482,8.172497749328613
2021-07-11 12:00:00,11.8574514012,113.9,28.82,29.18,73.3,,arabian_sea_4n67e,4.0,67.0,1,MODERATE,2.012866258621216,8.457752227783203
2021-07-12 12:00:00,9.9136069092,88.8,28.68,29.2,78.4,,arabian_sea_4n67e,4.0,67.0,1,MODERATE,2.0781116485595703,9.129560470581055
2021-07-13 12:00:00,9.3304535616,52.1,28.13,29.3,79.2,,arabian_sea_4n67e,4.0,67.0,1,MODERATE,2.3455777168273926,9.774959564208984
2021-07-14 12:00:00,8.5529157648,83.8,28.5,29.41,77.2,,arabian_sea_4n67e,4.0,67.0,1,MODERATE,2.2519829273223877,9.666725158691406
2021-07-15 12:00:00,13.606911444,80.0,27.92,29.33,80.8,,arabian_sea_4n67e,4.0,67.0,1,MODERATE,2.2311599254608154,8.967147827148438
2021-07-16 12:00:00,11.4686825028,94.3,28.56,29.31,75.6,,arabian_sea_4n67e,4.0,67.0,1,MODERATE,2.253166437149048,8.936213493347168
2021-07-17 12:00:00,8.358531315599999,125.6,28.71,,74.8,,arabian_sea_4n67e,4.0,67.0,1,MODERATE,2.112543821334839,9.341273307800293
2021-07-18 12:00:00,8.941684663199998,116.6,28.61,29.41,76.8,,arabian_sea_4n67e,4.0,67.0,1,MODERATE,1.9155049324035645,8.999937057495117
2021-07-19 12:00:00,5.2483801284,81.7,28.63,,74.8,,arabian_sea_4n67e,4.0,67.0,1,MODERATE,1.7157180309295654,9.068815231323242
2021-07-20 12:00:00,5.2483801284,51.5,28.6,29.54,73.3,,arabian_sea_4n67e,4.0,67.0,1,MODERATE,1.6288518905639648,9.315664291381836
2021-07-21 12:00:00,5.6371490267999995,73.5,28.79,,74.4,,arabian_sea_4n67e,4.0,67.0,1,MODERATE,1.5940097570419312,9.243086814880371
2021-07-22 12:00:00,10.1079913584,52.8,28.91,29.57,76.0,,arabian_sea_4n67e,4.0,67.0,1,MODERATE,1.5836889743804932,8.420585632324219
2021-07-23 12:00:00,9.9136069092,20.0,28.58,,77.6,,arabian_sea_4n67e,4.0,67.0,1,MODERATE,1.7485761642456055,8.331403732299805
2021-07-24 12:00:00,8.747300214,43.4,27.28,,79.6,,arabian_sea_4n67e,4.0,67.0,1,MODERATE,1.9773222208023071,8.919035911560059
2021-07-25 12:00:00,4.2764578824,68.1,27.15,29.27,77.6,,arabian_sea_4n67e,4.0,67.0,1,MODERATE,2.19364070892334,10.223402976989746
2021-07-26 12:00:00,8.5529157648,78.4,27.56,,78.0,,arabian_sea_4n67e,4.0,67.0,1,MODERATE,2.0641980171203613,10.615435600280762
2021-07-27 12:00:00,8.1641468664,89.4,28.21,29.28,74.0,,arabian_sea_4n67e,4.0,67.0,1,MODERATE,1.910200834274292,9.608956336975098
2021-07-28 12:00:00,5.442764577599999,100.5,28.53,,71.3,,arabian_sea_4n67e,4.0,67.0,1,MODERATE,1.6510608196258545,9.251505851745605
2021-07-29 12:00:00,2.1382289412,120.2,28.66,,70.5,,arabian_sea_4n67e,4.0,67.0,0,LOW,1.4957926273345947,8.895779609680176
2021-07-30 12:00:00,3.6933045348,26.2,28.42,,74.8,,arabian_sea_4n67e,4.0,67.0,0,LOW,1.4874224662780762,9.003064155578613
2021-07-31 12:00:00,5.442764577599999,100.5,28.59,,73.3,,arabian_sea_4n67e,4.0,67.0,1,MODERATE,1.6757304668426514,9.801432609558105
2021-08-01 12:00:00,4.2764578824,68.1,28.38,29.76,74.8,,arabian_sea_4n67e,4.0,67.0,1,MODERATE,1.889356017112732,11.01531982421875
2021-08-02 12:00:00,4.85961123,23.1,28.99,,72.1,,arabian_sea_4n67e,4.0,67.0,1,MODERATE,1.8272281885147095,10.384385108947754
2021-08-03 12:00:00,2.5269978396,23.1,29.3,,70.1,,arabian_sea_4n67e,4.0,67.0,1,MODERATE,1.7378911972045898,9.657984733581543
2021-08-04 12:00:00,3.1101511872,77.0,28.91,,73.7,,arabian_sea_4n67e,4.0,67.0,1,MODERATE,1.7814795970916748,9.82092571258545
2021-08-05 12:00:00,13.606911444,73.3,27.86,,78.4,,arabian_sea_4n67e,4.0,67.0,1,MODERATE,1.7901930809020996,9.513348579406738
2021-08-06 12:00:00,17.1058315296,70.9,28.52,,75.2,,arabian_sea_4n67e,4.0,67.0,1,MODERATE,2.228761672973633,7.625041961669922
2021-08-07 12:00:00,16.522678182,82.5,28.92,,72.1,,arabian_sea_4n67e,4.0,67.0,1,MODERATE,2.3236758708953857,7.923558235168457
2021-08-08 12:00:00,10.3023758076,82.1,28.65,,72.5,,arabian_sea_4n67e,4.0,67.0,1,MODERATE,2.0158262252807617,8.657334327697754
2021-08-09 12:00:00,8.941684663199998,81.3,28.41,,74.8,,arabian_sea_4n67e,4.0,67.0,1,MODERATE,1.7995673418045044,8.987765312194824
2021-08-10 12:00:00,11.0799136044,84.5,28.75,,73.3,,arabian_sea_4n67e,4.0,67.0,1,MODERATE,1.662846326828003,8.196954727172852
2021-08-11 12:00:00,9.71922246,91.3,28.7,,72.9,,arabian_sea_4n67e,4.0,67.0,1,MODERATE,1.8501811027526855,9.51298999786377
2021-08-12 12:00:00,7.775377968,92.5,28.64,,70.1,,arabian_sea_4n67e,4.0,67.0,1,MODERATE,1.7800383567810059,10.561117172241211
2021-08-13 12:00:00,8.358531315599999,75.2,28.52,,70.1,,arabian_sea_4n67e,4.0,67.0,1,MODERATE,1.7069623470306396,9.729804039001465
2021-08-14 12:00:00,10.8855291552,74.0,28.67,,70.9,,arabian_sea_4n67e,4.0,67.0,1,MODERATE,1.656144380569458,8.764100074768066
2021-08-15 12:00:00,9.71922246,96.0,28.64,,70.9,,arabian_sea_4n67e,4.0,67.0,1,MODERATE,1.8457900285720825,9.72057056427002
2021-08-16 12:00:00,10.8855291552,110.2,28.72,,71.3,,arabian_sea_4n67e,4.0,67.0,1,MODERATE,1.9003207683563232,9.319964408874512
2021-08-17 12:00:00,10.8855291552,110.2,28.61,,71.7,,arabian_sea_4n67e,4.0,67.0,1,MODERATE,1.8184373378753662,8.603432655334473
2021-08-18 12:00:00,8.1641468664,95.0,28.53,,70.1,,arabian_sea_4n67e,4.0,67.0,1,MODERATE,1.766688346862793,8.893149375915527
2021-08-19 12:00:00,3.6933045348,93.6,28.45,,67.7,,arabian_sea_4n67e,4.0,67.0,1,MODERATE,1.695610523223877,9.529486656188965
2021-08-20 12:00:00,2.915766738,145.5,28.75,,64.1,,arabian_sea_4n67e,4.0,67.0,1,MODERATE,1.5748577117919922,9.169809341430664
2021-08-21 12:00:00,5.442764577599999,227.8,28.54,,68.1,,arabian_sea_4n67e,4.0,67.0,1,MODERATE,1.6263432502746582,9.150871276855469
2021-08-22 12:00:00,2.7213822887999997,255.2,28.95,,68.1,,arabian_sea_4n67e,4.0,67.0,1,MODERATE,1.530566692352295,9.275383949279785
2021-08-23 12:00:00,3.4989200856,30.2,28.95,,68.1,,arabian_sea_4n67e,4.0,67.0,0,LOW,1.4674632549285889,9.499363899230957
2021-08-24 12:00:00,8.1641468664,53.6,28.79,,72.1,,arabian_sea_4n67e,4.0,67.0,0,LOW,1.359318733215332,9.076330184936523
2021-08-25 12:00:00,10.3023758076,93.1,27.17,,76.8,,arabian_sea_4n67e,4.0,67.0,0,LOW,1.3989242315292358,9.727094650268555
2021-08-26 12:00:00,8.747300214,64.7,27.7,,77.2,,arabian_sea_4n67e,4.0,67.0,1,MODERATE,1.5394933223724365,9.34101390838623
2021-08-27 12:00:00,13.4125269948,79.8,28.06,,77.2,,arabian_sea_4n67e,4.0,67.0,1,MODERATE,1.6216816902160645,8.18377685546875
2021-08-28 12:00:00,14.3844492408,62.7,28.7,,71.3,,arabian_sea_4n67e,4.0,67.0,1,MODERATE,1.839744210243225,8.149938583374023
2021-08-29 12:00:00,12.0518358504,67.5,28.69,,70.5,,arabian_sea_4n67e,4.0,67.0,1,MODERATE,1.9931063652038574,8.732823371887207
2021-08-30 12:00:00,4.665226780799999,115.5,28.41,,66.9,,arabian_sea_4n67e,4.0,67.0,1,MODERATE,1.6379598379135132,9.311018943786621
2021-08-31 12:00:00,3.887688984,141.0,27.91,,66.1,,arabian_sea_4n67e,4.0,67.0,1,MODERATE,1.5544137954711914,9.000422477722168
2021-09-01 12:00:00,3.4989200856,168.4,28.17,,64.9,,arabian_sea_4n67e,4.0,67.0,1,MODERATE,1.6690218448638916,9.912827491760254
2021-09-02 12:00:00,2.7213822887999997,139.6,28.61,,63.7,,arabian_sea_4n67e,4.0,67.0,1,MODERATE,1.513525128364563,9.991554260253906
2021-09-03 12:00:00,3.1101511872,35.2,28.95,,66.1,,arabian_sea_4n67e,4.0,67.0,0,LOW,1.3348875045776367,9.588079452514648
2021-09-04 12:00:00,7.3866090696,59.9,29.09,,70.9,,arabian_sea_4n67e,4.0,67.0,0,LOW,1.3056038618087769,9.328766822814941
2021-09-05 12:00:00,10.1079913584,77.4,28.99,,72.1,,arabian_sea_4n67e,4.0,67.0,0,LOW,1.3708183765411377,8.790853500366211
2021-09-06 12:00:00,12.0518358504,97.8,28.86,,70.9,,arabian_sea_4n67e,4.0,67.0,0,LOW,1.4933321475982666,7.95048713684082
2021-09-07 12:00:00,9.9136069092,81.9,28.84,,71.7,,arabian_sea_4n67e,4.0,67.0,1,MODERATE,1.5449745655059814,8.803055763244629
2021-09-08 12:00:00,6.0259179252,82.4,28.98,,72.1,,arabian_sea_4n67e,4.0,67.0,1,MODERATE,1.670641541481018,9.425060272216797
2021-09-09 12:00:00,6.9978401712,131.5,28.56,,74.0,,arabian_sea_4n67e,4.0,67.0,1,MODERATE,1.8287084102630615,9.817061424255371
2021-09-10 12:00:00,8.1641468664,119.4,28.51,,74.4,,arabian_sea_4n67e,4.0,67.0,1,MODERATE,2.0075254440307617,9.683056831359863
2021-09-11 12:00:00,10.1079913584,95.6,28.9,,72.9,,arabian_sea_4n67e,4.0,67.0,1,MODERATE,2.1252284049987793,10.028660774230957
2021-09-12 12:00:00,6.2203023744,58.2,28.77,,74.4,,arabian_sea_4n67e,4.0,67.0,1,MODERATE,2.135929584503174,9.70811939239502
2021-09-13 12:00:00,4.2764578824,28.5,28.9,,72.9,,arabian_sea_4n67e,4.0,67.0,1,MODERATE,1.939795732498169,9.28964614868164
2021-09-14 12:00:00,13.0237580964,81.3,27.98,,76.0,,arabian_sea_4n67e,4.0,67.0,1,MODERATE,1.8750667572021484,8.739541053771973
2021-09-15 12:00:00,8.1641468664,86.5,28.76,,78.0,,arabian_sea_4n67e,4.0,67.0,1,MODERATE,2.0453827381134033,9.011500358581543
2021-09-16 12:00:00,6.414686823599999,118.1,28.85,,77.2,,arabian_sea_4n67e,4.0,67.0,1,MODERATE,1.8644800186157227,9.241626739501953
2021-09-17 12:00:00,4.2764578824,74.0,29.0,,73.3,,arabian_sea_4n67e,4.0,67.0,1,MODERATE,1.7489731311798096,9.344289779663086
2021-09-18 12:00:00,1.943844492,176.5,29.21,,70.1,,arabian_sea_4n67e,4.0,67.0,1,MODERATE,1.6022779941558838,9.35132122039795
2021-09-19 12:00:00,4.470842331599999,213.4,29.01,,71.3,,arabian_sea_4n67e,4.0,67.0,0,LOW,1.4417884349822998,9.149670600891113
2021-09-20 12:00:00,4.2764578824,158.1,29.0,,70.9,,arabian_sea_4n67e,4.0,67.0,0,LOW,1.2901074886322021,9.006416320800781
2021-09-21 12:00:00,8.358531315599999,141.3,29.12,,69.7,,arabian_sea_4n67e,4.0,67.0,0,LOW,1.1866276264190674,8.637373924255371
2021-09-22 12:00:00,10.8855291552,150.9,29.06,,73.3,,arabian_sea_4n67e,4.0,67.0,0,LOW,1.3885984420776367,8.845224380493164
2021-09-23 12:00:00,11.663066952,74.8,27.81,,74.4,,arabian_sea_4n67e,4.0,67.0,1,MODERATE,1.8989031314849854,9.678274154663086
2021-09-24 12:00:00,9.3304535616,52.1,28.79,,72.1,,arabian_sea_4n67e,4.0,67.0,1,MODERATE,1.7791993618011475,9.335124015808105
2021-09-25 12:00:00,13.4125269948,108.6,28.08,,76.0,,arabian_sea_4n67e,4.0,67.0,1,MODERATE,1.9158153533935547,7.865507125854492
2021-09-26 12:00:00,13.606911444,81.6,29.15,,72.1,,arabian_sea_4n67e,4.0,67.0,1,MODERATE,1.8154637813568115,7.640053749084473
2021-09-27 12:00:00,14.57883369,57.9,29.04,,72.5,,arabian_sea_4n67e,4.0,67.0,1,MODERATE,1.7870855331420898,6.852149963378906
2021-09-28 12:00:00,13.4125269948,40.3,29.06,,71.7,,arabian_sea_4n67e,4.0,67.0,1,MODERATE,1.7285470962524414,6.998414039611816
2021-09-29 12:00:00,7.775377968,28.5,28.85,,69.7,,arabian_sea_4n67e,4.0,67.0,1,MODERATE,1.5657474994659424,8.72846794128418
2021-09-30 12:00:00,1.7494600428,23.1,28.92,,67.3,,arabian_sea_4n67e,4.0,67.0,1,MODERATE,1.578967571258545,9.13805103302002
2021-10-01 12:00:00,3.1101511872,125.2,29.17,,66.5,,arabian_sea_4n67e,4.0,67.0,1,MODERATE,1.8568795919418335,10.491593360900879
2021-10-02 12:00:00,6.6090712728,126.3,28.91,,69.7,,arabian_sea_4n67e,4.0,67.0,1,MODERATE,1.7759500741958618,10.389137268066406
2021-10-03 12:00:00,9.71922246,134.9,28.84,,73.3,,arabian_sea_4n67e,4.0,67.0,1,MODERATE,1.6240239143371582,9.289965629577637
2021-10-04 12:00:00,13.4125269948,119.7,28.99,,74.4,,arabian_sea_4n67e,4.0,67.0,1,MODERATE,1.7146847248077393,7.564279556274414
2021-10-05 12:00:00,11.8574514012,116.5,28.95,,74.4,,arabian_sea_4n67e,4.0,67.0,1,MODERATE,1.6761192083358765,8.101920127868652
2021-10-06 12:00:00,9.9136069092,100.5,28.9,,72.1,,arabian_sea_4n67e,4.0,67.0,1,MODERATE,1.7443649768829346,9.495111465454102
2021-10-07 12:00:00,11.2742980536,74.4,28.17,,76.4,,arabian_sea_4n67e,4.0,67.0,1,MODERATE,1.6534632444381714,8.324067115783691
2021-10-08 12:00:00,13.606911444,88.1,27.78,,78.0,,arabian_sea_4n67e,4.0,67.0,1,MODERATE,1.57211172580719,7.050771713256836
2021-10-09 12:00:00,8.941684663199998,83.9,28.76,,76.4,,arabian_sea_4n67e,4.0,67.0,0,LOW,1.2549033164978027,7.244027137756348
2021-10-10 12:00:00,9.71922246,103.4,28.84,,74.8,,arabian_sea_4n67e,4.0,67.0,0,LOW,1.1894906759262085,7.001430511474609
2021-10-11 12:00:00,10.1079913584,79.7,28.74,,72.9,,arabian_sea_4n67e,4.0,67.0,0,LOW,1.171594262123108,7.516251564025879
2021-10-12 12:00:00,11.4686825028,90.5,28.92,,72.1,,arabian_sea_4n67e,4.0,67.0,0,LOW,1.2195199728012085,7.054826736450195
2021-10-13 12:00:00,16.3282937328,105.8,29.04,,75.2,,arabian_sea_4n67e,4.0,67.0,1,MODERATE,1.715611457824707,6.232603073120117
2021-10-14 12:00:00,18.8552915724,111.5,29.15,,74.4,,arabian_sea_4n67e,4.0,67.0,1,MODERATE,2.34340763092041,6.749081611633301
2021-10-15 12:00:00,18.6609071232,98.3,28.84,,74.4,,arabian_sea_4n67e,4.0,67.0,1,MODERATE,2.443835973739624,6.557629585266113
2021-10-16 12:00:00,18.6609071232,77.0,27.33,,79.2,,arabian_sea_4n67e,4.0,67.0,1,MODERATE,2.3226966857910156,7.134424209594727
2021-10-17 12:00:00,15.939524834399998,80.9,27.02,,78.0,,arabian_sea_4n67e,4.0,67.0,1,MODERATE,2.222334623336792,7.328044891357422
2021-10-18 12:00:00,12.2462202996,103.2,28.35,,71.7,,arabian_sea_4n67e,4.0,67.0,1,MODERATE,1.7447881698608398,7.343263626098633
2021-10-19 12:00:00,8.5529157648,135.3,28.2,,68.9,,arabian_sea_4n67e,4.0,67.0,0,LOW,1.4623587131500244,7.902359962463379
2021-10-20 12:00:00,7.775377968,167.5,27.96,,69.7,,arabian_sea_4n67e,4.0,67.0,0,LOW,1.3843765258789062,8.122848510742188
2021-10-21 12:00:00,7.5809935188,189.0,27.97,,70.1,,arabian_sea_4n67e,4.0,67.0,0,LOW,1.4131238460540771,8.7452974319458
2021-10-22 12:00:00,5.6371490267999995,172.1,28.06,,69.3,,arabian_sea_4n67e,4.0,67.0,0,LOW,1.4170210361480713,9.535053253173828
2024-08-09 12:00:00,2.915766738,317.8,29.61,30.39,72.7,,arabian_sea_4n67e,4.0,67.0,1,MODERATE,1.5165960788726807,9.853076934814453
2024-08-10 12:00:00,1.943844492,120.2,29.1,30.43,74.3,,arabian_sea_4n67e,4.0,67.0,0,LOW,1.3857488632202148,8.800728797912598
2024-08-11 12:00:00,7.775377968,92.5,28.55,30.16,77.8,,arabian_sea_4n67e,4.0,67.0,0,LOW,1.4587987661361694,8.768077850341797
2024-08-12 12:00:00,4.665226780799999,96.8,28.39,29.99,80.2,,arabian_sea_4n67e,4.0,67.0,1,MODERATE,1.7102055549621582,9.707871437072754
2024-08-13 12:00:00,7.3866090696,115.9,29.38,29.88,76.3,,arabian_sea_4n67e,4.0,67.0,1,MODERATE,1.797985553741455,9.593246459960938
2024-08-14 12:00:00,14.1900647916,110.9,28.85,29.73,78.2,,arabian_sea_4n67e,4.0,67.0,1,MODERATE,2.1003241539001465,9.213541984558105
2024-08-15 12:00:00,15.939524834399998,99.2,29.38,29.75,78.2,,arabian_sea_4n67e,4.0,67.0,1,MODERATE,2.0330679416656494,8.153081893920898
2024-08-16 12:00:00,16.717062631199997,75.7,29.13,29.78,78.6,,arabian_sea_4n67e,4.0,67.0,1,MODERATE,2.1573596000671387,7.335450172424316
2024-08-17 12:00:00,14.9676025884,80.5,28.97,29.74,79.4,,arabian_sea_4n67e,4.0,67.0,1,MODERATE,2.104031562805176,7.74857234954834
2024-08-18 12:00:00,13.4125269948,88.2,28.67,29.53,81.4,,arabian_sea_4n67e,4.0,67.0,1,MODERATE,2.052645444869995,8.735234260559082
2024-08-19 12:00:00,14.57883369,94.2,27.95,29.48,82.1,,arabian_sea_4n67e,4.0,67.0,1,MODERATE,2.182494640350342,8.637260437011719
2024-08-20 12:00:00,11.2742980536,111.3,28.77,29.22,79.0,,arabian_sea_4n67e,4.0,67.0,1,MODERATE,2.1175477504730225,9.406161308288574
2024-08-21 12:00:00,11.0799136044,124.2,28.8,29.13,80.2,,arabian_sea_4n67e,4.0,67.0,1,MODERATE,2.2580506801605225,9.469188690185547
2024-08-22 12:00:00,7.775377968,167.5,28.97,29.3,81.0,,arabian_sea_4n67e,4.0,67.0,1,MODERATE,2.056046485900879,9.319536209106445
2024-08-23 12:00:00,5.0539956792,167.0,29.05,29.49,75.1,,arabian_sea_4n67e,4.0,67.0,1,MODERATE,1.8749823570251465,9.293505668640137
2024-08-24 12:00:00,2.915766738,215.2,28.93,29.75,73.1,,arabian_sea_4n67e,4.0,67.0,1,MODERATE,1.7295825481414795,9.393925666809082
2024-08-25 12:00:00,3.1101511872,348.4,29.14,29.95,70.0,,arabian_sea_4n67e,4.0,67.0,0,LOW,1.4574296474456787,9.218850135803223
2024-08-26 12:00:00,6.2203023744,352.7,29.3,30.05,72.7,,arabian_sea_4n67e,4.0,67.0,0,LOW,1.3937435150146484,9.763312339782715
2024-08-27 12:00:00,8.1641468664,345.2,29.57,30.01,77.4,,arabian_sea_4n67e,4.0,67.0,1,MODERATE,1.6173310279846191,11.362966537475586
2024-08-28 12:00:00,6.9978401712,359.9,29.09,30.06,78.2,,arabian_sea_4n67e,4.0,67.0,1,MODERATE,1.6838202476501465,10.157318115234375
2024-08-29 12:00:00,7.775377968,353.5,29.35,30.21,76.3,,arabian_sea_4n67e,4.0,67.0,1,MODERATE,1.836435317993164,9.459542274475098
2024-08-30 12:00:00,9.5248380108,339.6,29.5,30.05,79.4,,arabian_sea_4n67e,4.0,67.0,1,MODERATE,2.0152339935302734,9.913089752197266
2024-08-31 12:00:00,6.0259179252,340.6,29.67,30.1,78.2,,arabian_sea_4n67e,4.0,67.0,1,MODERATE,2.0672571659088135,10.042292594909668
2024-09-01 12:00:00,2.5269978396,7.8,29.42,30.44,77.4,,arabian_sea_4n67e,4.0,67.0,1,MODERATE,1.9589828252792358,9.869948387145996
2024-09-02 12:00:00,5.831533476,94.6,28.86,30.35,77.8,,arabian_sea_4n67e,4.0,67.0,1,MODERATE,1.891230821609497,9.946084022521973
2024-09-03 12:00:00,9.3304535616,74.2,28.54,30.14,77.8,,arabian_sea_4n67e,4.0,67.0,1,MODERATE,1.8188103437423706,9.21469783782959
2024-09-04 12:00:00,6.9978401712,83.1,29.18,29.93,75.1,,arabian_sea_4n67e,4.0,67.0,1,MODERATE,1.7839810848236084,8.87978458404541
2024-09-05 12:00:00,6.803455722,119.2,29.17,29.93,76.6,,arabian_sea_4n67e,4.0,67.0,1,MODERATE,1.7362579107284546,9.079307556152344
2024-09-06 12:00:00,4.2764578824,123.4,29.18,30.17,73.5,,arabian_sea_4n67e,4.0,67.0,1,MODERATE,1.683242678642273,9.201037406921387
2024-09-07 12:00:00,4.0820734332,14.9,29.48,30.12,70.0,,arabian_sea_4n67e,4.0,67.0,1,MODERATE,1.7539361715316772,9.38555908203125
2024-09-08 12:00:00,6.2203023744,333.3,29.45,30.1,74.7,,arabian_sea_4n67e,4.0,67.0,1,MODERATE,1.777576208114624,9.659759521484375
2024-09-09 12:00:00,6.9978401712,24.6,28.93,30.11,77.0,,arabian_sea_4n67e,4.0,67.0,1,MODERATE,1.6139355897903442,8.757762908935547
2024-09-10 12:00:00,9.1360691124,37.9,28.68,30.06,77.8,,arabian_sea_4n67e,4.0,67.0,1,MODERATE,1.5923802852630615,8.75743293762207
2024-09-11 12:00:00,7.775377968,35.2,29.29,30.07,77.8,,arabian_sea_4n67e,4.0,67.0,0,LOW,1.45760178565979,8.437858581542969
2024-09-12 12:00:00,2.1382289412,23.1,29.27,30.22,79.0,,arabian_sea_4n67e,4.0,67.0,0,LOW,1.4698489904403687,8.851046562194824
2024-09-13 12:00:00,1.943844492,52.8,29.46,30.13,75.9,,arabian_sea_4n67e,4.0,67.0,0,LOW,1.4466845989227295,8.927318572998047
2024-09-14 12:00:00,1.943844492,120.2,29.68,30.64,71.9,,arabian_sea_4n67e,4.0,67.0,0,LOW,1.340636968612671,9.282354354858398
2024-09-15 12:00:00,2.915766738,14.9,29.94,30.78,71.9,,arabian_sea_4n67e,4.0,67.0,0,LOW,1.3376622200012207,9.688702583312988
2024-09-16 12:00:00,3.4989200856,126.3,29.94,30.58,71.5,,arabian_sea_4n67e,4.0,67.0,0,LOW,1.3790981769561768,9.56767749786377
2024-09-17 12:00:00,10.1079913584,142.8,29.42,30.26,74.7,,arabian_sea_4n67e,4.0,67.0,0,LOW,1.4969474077224731,9.348702430725098
2024-09-18 12:00:00,12.634989198,146.8,29.24,29.88,71.5,,arabian_sea_4n67e,4.0,67.0,1,MODERATE,1.7183804512023926,8.391729354858398
2024-09-19 12:00:00,6.2203023744,144.9,29.2,29.99,71.2,,arabian_sea_4n67e,4.0,67.0,1,MODERATE,1.5780398845672607,8.802257537841797
2024-09-20 12:00:00,1.3606911443999998,113.1,29.32,30.28,69.6,,arabian_sea_4n67e,4.0,67.0,0,LOW,1.4320690631866455,8.971360206604004
2024-09-21 12:00:00,3.4989200856,79.4,29.14,30.25,72.7,,arabian_sea_4n67e,4.0,67.0,0,LOW,1.472556233406067,9.105942726135254
2024-09-22 12:00:00,6.2203023744,139.6,29.23,30.44,73.9,,arabian_sea_4n67e,4.0,67.0,0,LOW,1.33335542678833,8.322932243347168
2024-09-23 12:00:00,7.775377968,148.6,29.3,30.19,71.5,,arabian_sea_4n67e,4.0,67.0,0,LOW,1.3533310890197754,9.354175567626953
2024-09-24 12:00:00,13.8012958932,102.9,27.36,29.86,81.4,,arabian_sea_4n67e,4.0,67.0,1,MODERATE,1.725515365600586,8.485868453979492
2024-09-25 12:00:00,11.4686825028,102.5,28.07,29.8,80.2,,arabian_sea_4n67e,4.0,67.0,1,MODERATE,1.7014188766479492,7.872600555419922
2024-09-26 12:00:00,8.747300214,81.3,28.7,29.74,79.0,,arabian_sea_4n67e,4.0,67.0,1,MODERATE,1.6199803352355957,7.821402549743652
2024-09-27 12:00:00,9.5248380108,101.1,29.28,29.76,75.9,,arabian_sea_4n67e,4.0,67.0,1,MODERATE,1.6126680374145508,9.181585311889648
2024-09-28 12:00:00,5.2483801284,158.1,29.12,29.96,75.5,,arabian_sea_4n67e,4.0,67.0,1,MODERATE,1.8461027145385742,11.21560287475586
2024-09-29 12:00:00,8.1641468664,196.7,29.3,29.9,74.3,,arabian_sea_4n67e,4.0,67.0,1,MODERATE,1.6002273559570312,9.742547035217285
2024-09-30 12:00:00,12.2462202996,191.4,29.37,29.85,77.0,,arabian_sea_4n67e,4.0,67.0,1,MODERATE,1.6559638977050781,8.815472602844238
2024-10-01 12:00:00,9.1360691124,179.0,28.49,29.74,77.0,,arabian_sea_4n67e,4.0,67.0,0,LOW,1.4931700229644775,8.724084854125977
2024-10-02 12:00:00,7.1922246204,129.2,29.06,29.77,75.5,,arabian_sea_4n67e,4.0,67.0,0,LOW,1.4197266101837158,9.413847923278809
2024-10-03 12:00:00,10.3023758076,129.9,29.37,29.75,75.1,,arabian_sea_4n67e,4.0,67.0,0,LOW,1.299835205078125,8.484766006469727
2024-10-04 12:00:00,10.691144706,113.1,29.4,29.76,75.1,,arabian_sea_4n67e,4.0,67.0,0,LOW,1.488499641418457,7.682007789611816
2024-10-05 12:00:00,15.939524834399998,97.8,29.21,29.68,74.3,,arabian_sea_4n67e,4.0,67.0,1,MODERATE,1.653611660003662,6.825325965881348
2024-10-06 12:00:00,14.3844492408,85.0,28.93,29.66,74.7,,arabian_sea_4n67e,4.0,67.0,1,MODERATE,1.7913450002670288,6.86076545715332
2024-10-07 12:00:00,14.7732181392,118.5,28.82,29.64,77.4,,arabian_sea_4n67e,4.0,67.0,1,MODERATE,1.634220838546753,6.857996940612793
2024-10-08 12:00:00,14.9676025884,127.3,28.94,29.53,77.8,,arabian_sea_4n67e,4.0,67.0,1,MODERATE,1.705383062362671,7.143741607666016
2024-10-09 12:00:00,14.1900647916,80.2,28.58,29.47,80.6,,arabian_sea_4n67e,4.0,67.0,1,MODERATE,1.6574370861053467,7.819069862365723
2024-10-10 12:00:00,16.3282937328,74.1,28.12,29.44,81.0,,arabian_sea_4n67e,4.0,67.0,1,MODERATE,2.312215805053711,8.602130889892578
2024-10-11 12:00:00,16.522678182,101.5,27.92,29.28,80.6,,arabian_sea_4n67e,4.0,67.0,1,MODERATE,2.315500020980835,8.303833961486816
2024-10-12 12:00:00,16.3282937328,104.5,28.92,29.17,77.4,,arabian_sea_4n67e,4.0,67.0,1,MODERATE,2.043403387069702,7.301713943481445
2024-10-13 12:00:00,14.57883369,100.5,28.75,29.13,77.8,,arabian_sea_4n67e,4.0,67.0,1,MODERATE,2.030407190322876,7.223576545715332
2024-10-14 12:00:00,9.71922246,105.7,27.97,29.06,78.6,,arabian_sea_4n67e,4.0,67.0,1,MODERATE,2.0627636909484863,8.145371437072754
2024-10-15 12:00:00,12.0518358504,111.4,28.66,29.16,76.3,,arabian_sea_4n67e,4.0,67.0,1,MODERATE,2.4661736488342285,11.993751525878906
2024-10-16 12:00:00,8.5529157648,114.3,28.69,29.28,74.7,,arabian_sea_4n67e,4.0,67.0,1,MODERATE,2.3453004360198975,11.74287223815918
2024-10-17 12:00:00,9.9136069092,100.5,28.67,29.35,73.5,,arabian_sea_4n67e,4.0,67.0,1,MODERATE,1.8251457214355469,10.229036331176758
2024-10-18 12:00:00,12.2462202996,93.8,28.82,29.27,73.5,,arabian_sea_4n67e,4.0,67.0,1,MODERATE,1.6218379735946655,7.4960126876831055
2024-10-19 12:00:00,11.663066952,104.3,28.75,29.25,74.7,,arabian_sea_4n67e,4.0,67.0,1,MODERATE,1.6143524646759033,8.307550430297852
2024-10-20 12:00:00,8.358531315599999,103.2,28.71,29.35,74.3,,arabian_sea_4n67e,4.0,67.0,0,LOW,1.4605215787887573,10.149296760559082
2024-10-21 12:00:00,6.9978401712,89.9,28.69,29.4,74.3,,arabian_sea_4n67e,4.0,67.0,1,MODERATE,1.5761985778808594,11.002091407775879
2024-10-22 12:00:00,7.5809935188,102.0,28.65,29.43,73.9,,arabian_sea_4n67e,4.0,67.0,0,LOW,1.2683768272399902,9.432912826538086
2024-10-23 12:00:00,9.9136069092,91.1,28.69,29.3,77.4,,arabian_sea_4n67e,4.0,67.0,0,LOW,1.373223066329956,7.971648216247559
2024-10-24 12:00:00,11.0799136044,65.5,28.41,29.4,81.0,,arabian_sea_4n67e,4.0,67.0,0,LOW,1.2769615650177002,6.82823371887207
2024-10-25 12:00:00,13.2181425456,43.9,28.59,29.28,80.6,,arabian_sea_4n67e,4.0,67.0,0,LOW,1.370084285736084,7.146485328674316
2024-10-26 12:00:00,11.4686825028,30.2,28.91,29.29,76.3,,arabian_sea_4n67e,4.0,67.0,0,LOW,1.2623556852340698,7.05124568939209
2024-10-27 12:00:00,11.4686825028,40.1,28.81,29.34,75.5,,arabian_sea_4n67e,4.0,67.0,0,LOW,1.2623317241668701,8.510311126708984
2024-10-28 12:00:00,12.8293736472,46.5,28.86,29.31,75.5,,arabian_sea_4n67e,4.0,67.0,0,LOW,1.3996777534484863,8.638917922973633
2024-10-29 12:00:00,10.8855291552,58.1,28.73,29.28,73.1,,arabian_sea_4n67e,4.0,67.0,0,LOW,1.3747546672821045,8.962048530578613
2024-10-30 12:00:00,7.3866090696,37.1,28.72,29.39,74.3,,arabian_sea_4n67e,4.0,67.0,0,LOW,1.2519408464431763,9.302610397338867
2024-10-31 12:00:00,6.2203023744,352.7,28.78,29.39,74.3,,arabian_sea_4n67e,4.0,67.0,0,LOW,1.1268341541290283,8.621106147766113
2024-11-01 12:00:00,2.915766738,14.9,28.85,29.74,72.3,,arabian_sea_4n67e,4.0,67.0,0,LOW,1.0415639877319336,8.719945907592773
2024-11-02 12:00:00,2.915766738,125.2,29.03,29.98,71.5,,arabian_sea_4n67e,4.0,67.0,0,LOW,0.9617277383804321,8.551586151123047
2024-11-03 12:00:00,6.414686823599999,59.9,28.94,30.09,74.3,,arabian_sea_4n67e,4.0,67.0,0,LOW,0.8749909996986389,8.195446014404297
2024-11-04 12:00:00,8.1641468664,75.2,27.59,29.5,81.0,,arabian_sea_4n67e,4.0,67.0,0,LOW,1.035270094871521,7.5429840087890625
2024-11-05 12:00:00,10.4967602568,77.8,28.21,29.4,78.6,,arabian_sea_4n67e,4.0,67.0,0,LOW,1.159205436706543,6.8887939453125
2024-11-06 12:00:00,11.0799136044,101.0,28.83,29.4,75.9,,arabian_sea_4n67e,4.0,67.0,0,LOW,1.0230579376220703,6.740238189697266
2024-11-07 12:00:00,9.71922246,93.6,28.47,29.4,79.0,,arabian_sea_4n67e,4.0,67.0,0,LOW,0.9437784552574158,6.998970031738281
2024-11-08 12:00:00,8.941684663199998,96.8,28.09,29.25,80.2,,arabian_sea_4n67e,4.0,67.0,0,LOW,0.9698371887207031,6.7747802734375
2024-11-09 12:00:00,7.5809935188,102.0,27.82,29.2,81.7,,arabian_sea_4n67e,4.0,67.0,0,LOW,1.180124282836914,7.84088134765625
2024-11-10 12:00:00,8.747300214,99.9,28.29,29.38,78.6,,arabian_sea_4n67e,4.0,67.0,0,LOW,1.1994751691818237,8.250890731811523
2024-11-11 12:00:00,6.6090712728,108.3,27.23,29.22,82.1,,arabian_sea_4n67e,4.0,67.0,0,LOW,1.229614496231079,8.704483985900879
2024-11-12 12:00:00,5.831533476,131.5,28.26,29.44,77.0,,arabian_sea_4n67e,4.0,67.0,0,LOW,1.125317096710205,8.798232078552246
2024-11-13 12:00:00,2.5269978396,97.8,28.36,29.57,74.7,,arabian_sea_4n67e,4.0,67.0,0,LOW,1.2644634246826172,10.2678804397583
2024-11-14 12:00:00,2.1382289412,311.5,29.18,29.71,71.9,,arabian_sea_4n67e,4.0,67.0,0,LOW,1.121799111366272,9.250171661376953
2024-11-15 12:00:00,2.915766738,227.8,28.89,29.91,76.3,,arabian_sea_4n67e,4.0,67.0,0,LOW,1.2305891513824463,8.724998474121094
2024-11-16 12:00:00,5.2483801284,162.5,28.79,29.69,71.9,,arabian_sea_4n67e,4.0,67.0,0,LOW,1.117218255996704,8.361416816711426
2024-11-17 12:00:00,6.414686823599999,113.1,28.99,29.85,73.1,,arabian_sea_4n67e,4.0,67.0,0,LOW,1.1076691150665283,9.64754867553711
2024-11-18 12:00:00,6.0259179252,58.2,28.62,29.75,75.1,,arabian_sea_4n67e,4.0,67.0,0,LOW,1.0030441284179688,9.342296600341797
2024-11-19 12:00:00,6.9978401712,99.7,28.24,29.67,78.6,,arabian_sea_4n67e,4.0,67.0,0,LOW,1.2714252471923828,10.314398765563965
2024-11-20 12:00:00,6.803455722,103.8,27.73,29.65,79.0,,arabian_sea_4n67e,4.0,67.0,0,LOW,1.2793099880218506,9.649731636047363
2024-11-21 12:00:00,3.6933045348,72.5,28.15,29.76,79.0,,arabian_sea_4n67e,4.0,67.0,0,LOW,1.3093312978744507,9.655879974365234
2024-11-22 12:00:00,4.470842331599999,69.8,28.05,29.74,77.8,,arabian_sea_4n67e,4.0,67.0,0,LOW,1.1595680713653564,8.678960800170898
2024-11-23 12:00:00,4.85961123,117.5,28.63,29.92,77.8,,arabian_sea_4n67e,4.0,67.0,0,LOW,1.0966663360595703,8.079240798950195
2024-11-24 12:00:00,3.887688984,149.9,28.57,29.86,78.2,,arabian_sea_4n67e,4.0,67.0,0,LOW,1.0942916870117188,7.9247941970825195
2024-11-25 12:00:00,5.0539956792,62.1,28.01,29.82,80.2,,arabian_sea_4n67e,4.0,67.0,0,LOW,1.047623634338379,7.794064521789551
2024-11-26 12:00:00,5.6371490267999995,73.5,27.71,29.75,81.7,,arabian_sea_4n67e,4.0,67.0,0,LOW,1.039701223373413,7.352602958679199
2024-11-27 12:00:00,5.2483801284,147.9,28.45,29.73,77.0,,arabian_sea_4n67e,4.0,67.0,0,LOW,1.1981620788574219,7.3481645584106445
2024-11-28 12:00:00,7.969762417199999,139.6,28.38,29.58,73.9,,arabian_sea_4n67e,4.0,67.0,0,LOW,1.2033412456512451,6.739838600158691
2024-11-29 12:00:00,11.663066952,134.2,29.24,29.54,66.4,,arabian_sea_4n67e,4.0,67.0,0,LOW,1.3158690929412842,6.647896766662598
2024-11-30 12:00:00,10.1079913584,125.2,28.96,29.49,66.4,,arabian_sea_4n67e,4.0,67.0,0,LOW,1.3140783309936523,8.100686073303223
2024-12-01 12:00:00,11.0799136044,114.0,28.84,29.44,71.9,,arabian_sea_4n67e,4.0,67.0,0,LOW,1.4980642795562744,8.248085975646973
2024-12-02 12:00:00,12.2462202996,113.1,28.94,29.36,69.2,,arabian_sea_4n67e,4.0,67.0,1,MODERATE,1.515123963356018,7.89708137512207
2024-12-03 12:00:00,10.8855291552,143.4,28.74,29.28,70.4,,arabian_sea_4n67e,4.0,67.0,0,LOW,1.3858628273010254,6.963212966918945
2024-12-04 12:00:00,9.71922246,149.9,28.63,29.23,67.6,,arabian_sea_4n67e,4.0,67.0,0,LOW,1.2070598602294922,7.134087562561035
2024-12-05 12:00:00,7.3866090696,131.5,28.66,29.35,67.6,,arabian_sea_4n67e,4.0,67.0,0,LOW,1.0772738456726074,6.914255142211914
2024-12-06 12:00:00,8.1641468664,106.7,28.51,29.33,69.6,,arabian_sea_4n67e,4.0,67.0,0,LOW,1.132150411605835,7.418354034423828
2024-12-07 12:00:00,5.2483801284,131.5,28.51,29.54,71.9,,arabian_sea_4n67e,4.0,67.0,0,LOW,0.9978877305984497,7.566303253173828
2024-12-08 12:00:00,9.9136069092,91.1,27.96,29.43,79.0,,arabian_sea_4n67e,4.0,67.0,0,LOW,0.9903698563575745,6.940465927124023
2024-12-09 12:00:00,5.442764577599999,119.0,28.03,29.47,75.5,,arabian_sea_4n67e,4.0,67.0,0,LOW,1.0348713397979736,8.31518268585205
2024-12-10 12:00:00,4.665226780799999,108.3,28.48,29.63,71.2,,arabian_sea_4n67e,4.0,67.0,0,LOW,1.4910521507263184,10.520398139953613
2024-12-11 12:00:00,5.0539956792,224.9,28.77,29.7,74.7,,arabian_sea_4n67e,4.0,67.0,0,LOW,1.438145399093628,9.218106269836426
2024-12-12 12:00:00,4.2764578824,272.2,29.01,29.76,71.5,,arabian_sea_4n67e,4.0,67.0,0,LOW,1.3038585186004639,8.306039810180664
2024-12-13 12:00:00,6.414686823599999,31.2,28.67,29.82,76.3,,arabian_sea_4n67e,4.0,67.0,0,LOW,1.262162685394287,8.744867324829102
2024-12-14 12:00:00,8.358531315599999,86.5,28.44,29.63,78.2,,arabian_sea_4n67e,4.0,67.0,0,LOW,1.2674012184143066,7.997228622436523
2024-12-15 12:00:00,8.1641468664,106.7,28.58,29.62,80.2,,arabian_sea_4n67e,4.0,67.0,0,LOW,1.3606488704681396,8.011935234069824
2024-12-16 12:00:00,10.3023758076,43.0,28.63,29.67,81.0,,arabian_sea_4n67e,4.0,67.0,0,LOW,1.3732731342315674,8.466120719909668
2024-12-17 12:00:00,14.57883369,38.3,28.68,29.62,81.4,,arabian_sea_4n67e,4.0,67.0,1,MODERATE,1.7079764604568481,7.711169242858887
2024-12-18 12:00:00,13.8012958932,66.5,28.31,29.46,82.5,,arabian_sea_4n67e,4.0,67.0,1,MODERATE,1.9362473487854004,6.478428840637207
2024-12-19 12:00:00,8.747300214,110.7,28.06,29.38,81.0,,arabian_sea_4n67e,4.0,67.0,0,LOW,1.4149314165115356,7.067480087280273
2024-12-20 12:00:00,7.1922246204,133.8,27.4,29.13,84.1,,arabian_sea_4n67e,4.0,67.0,0,LOW,1.4281623363494873,6.832546234130859
2024-12-21 12:00:00,8.358531315599999,141.3,28.63,29.34,73.5,,arabian_sea_4n67e,4.0,67.0,0,LOW,1.300673007965088,8.137560844421387
2024-12-22 12:00:00,9.3304535616,156.5,28.48,29.36,75.1,,arabian_sea_4n67e,4.0,67.0,0,LOW,1.2613379955291748,7.705410957336426
2024-12-23 12:00:00,8.1641468664,156.3,28.42,29.31,72.7,,arabian_sea_4n67e,4.0,67.0,0,LOW,1.2949833869934082,7.693826675415039
2024-12-24 12:00:00,3.1101511872,131.5,28.22,29.39,67.6,,arabian_sea_4n67e,4.0,67.0,0,LOW,1.1135904788970947,8.856492042541504
2024-12-25 12:00:00,4.85961123,161.2,28.36,29.19,68.8,,arabian_sea_4n67e,4.0,67.0,0,LOW,1.164675235748291,9.261614799499512
2024-12-26 12:00:00,8.5529157648,187.3,28.31,28.92,66.8,,arabian_sea_4n67e,4.0,67.0,0,LOW,1.1301571130752563,7.777254104614258
2024-12-27 12:00:00,6.414686823599999,216.3,28.18,28.91,68.8,,arabian_sea_4n67e,4.0,67.0,0,LOW,1.0846960544586182,7.958833694458008
2024-12-28 12:00:00,7.1922246204,250.1,28.16,28.91,71.9,,arabian_sea_4n67e,4.0,67.0,0,LOW,1.151206612586975,7.912224769592285
2024-12-29 12:00:00,6.2203023744,262.7,28.07,28.63,71.2,,arabian_sea_4n67e,4.0,67.0,0,LOW,1.2533106803894043,8.198161125183105
2024-12-30 12:00:00,2.5269978396,288.3,28.17,29.08,71.2,,arabian_sea_4n67e,4.0,67.0,0,LOW,1.3068079948425293,8.275016784667969
2024-12-31 12:00:00,2.915766738,137.8,28.46,29.15,73.9,,arabian_sea_4n67e,4.0,67.0,0,LOW,1.1895471811294556,8.423460006713867
2025-01-01 12:00:00,3.1101511872,86.5,27.38,28.96,79.8,,arabian_sea_4n67e,4.0,67.0,0,LOW,1.0782338380813599,7.667353630065918
2025-01-02 12:00:00,4.85961123,196.5,27.05,28.78,82.1,,arabian_sea_4n67e,4.0,67.0,0,LOW,1.14019775390625,7.736756324768066
2025-01-03 12:00:00,6.803455722,214.1,28.14,29.09,78.2,,arabian_sea_4n67e,4.0,67.0,0,LOW,1.1221978664398193,7.463475227355957
2025-01-04 12:00:00,3.4989200856,236.8,28.25,29.31,76.6,,arabian_sea_4n67e,4.0,67.0,0,LOW,1.1495108604431152,7.3959760665893555
2025-01-05 12:00:00,3.4989200856,236.8,27.48,29.12,79.4,,arabian_sea_4n67e,4.0,67.0,0,LOW,1.1709340810775757,7.415615081787109
2025-01-06 12:00:00,1.943844492,210.2,27.78,29.15,80.2,,arabian_sea_4n67e,4.0,67.0,0,LOW,1.3850963115692139,7.750075340270996
2025-01-07 12:00:00,2.5269978396,75.2,28.59,29.49,77.0,,arabian_sea_4n67e,4.0,67.0,0,LOW,1.3724554777145386,7.758613586425781
2025-01-08 12:00:00,5.831533476,164.4,27.49,29.38,82.9,,arabian_sea_4n67e,4.0,67.0,0,LOW,1.2937021255493164,7.485086441040039
2025-01-09 12:00:00,4.0820734332,284.9,27.7,29.19,78.2,,arabian_sea_4n67e,4.0,67.0,0,LOW,1.098747968673706,6.83499813079834
2025-01-10 12:00:00,3.3045356364,232.8,26.93,28.95,84.9,,arabian_sea_4n67e,4.0,67.0,0,LOW,1.032536506652832,6.971976280212402
2025-01-11 12:00:00,6.0259179252,156.8,27.13,28.82,82.5,,arabian_sea_4n67e,4.0,67.0,0,LOW,1.0388433933258057,7.113306045532227
2025-01-12 12:00:00,4.2764578824,41.5,28.41,29.29,77.0,,arabian_sea_4n67e,4.0,67.0,0,LOW,1.0519535541534424,7.737605094909668
2025-01-13 12:00:00,8.941684663199998,59.9,28.71,29.29,74.3,,arabian_sea_4n67e,4.0,67.0,0,LOW,1.095644474029541,7.624459266662598
2025-01-14 12:00:00,2.7213822887999997,96.0,28.6,29.34,72.7,,arabian_sea_4n67e,4.0,67.0,0,LOW,1.2507224082946777,10.20539379119873
2025-01-15 12:00:00,2.915766738,158.1,28.38,29.45,74.7,,arabian_sea_4n67e,4.0,67.0,0,LOW,1.2234389781951904,9.558663368225098
2025-01-16 12:00:00,3.4989200856,226.7,28.41,29.62,75.5,,arabian_sea_4n67e,4.0,67.0,0,LOW,1.2631409168243408,7.952736854553223
2025-01-17 12:00:00,11.0799136044,287.5,27.51,29.29,84.1,,arabian_sea_4n67e,4.0,67.0,0,LOW,1.3534023761749268,7.490908622741699
2025-01-18 12:00:00,7.775377968,335.2,26.31,29.11,87.2,,arabian_sea_4n67e,4.0,67.0,1,MODERATE,1.620297908782959,8.359923362731934
2025-01-19 12:00:00,2.915766738,305.2,28.25,29.45,76.6,,arabian_sea_4n67e,4.0,67.0,0,LOW,1.456923246383667,9.318127632141113
2025-01-20 12:00:00,3.6933045348,212.0,28.6,29.26,75.5,,arabian_sea_4n67e,4.0,67.0,0,LOW,1.22554612159729,8.392634391784668
2025-01-21 12:00:00,2.1382289412,252.5,27.96,29.07,79.4,,arabian_sea_4n67e,4.0,67.0,0,LOW,1.1253087520599365,7.534135818481445
2025-01-22 12:00:00,7.1922246204,124.7,27.72,29.05,79.8,,arabian_sea_4n67e,4.0,67.0,0,LOW,1.0033555030822754,7.416925430297852
2025-01-23 12:00:00,12.2462202996,180.2,28.15,29.12,77.0,,arabian_sea_4n67e,4.0,67.0,0,LOW,1.324751615524292,6.0034589767456055
2025-01-24 12:00:00,10.8855291552,166.0,27.05,29.01,83.7,,arabian_sea_4n67e,4.0,67.0,1,MODERATE,1.5089325904846191,6.620970726013184
2025-01-25 12:00:00,10.1079913584,218.3,27.98,28.93,80.6,,arabian_sea_4n67e,4.0,67.0,0,LOW,1.3037314414978027,7.302414894104004
2025-01-26 12:00:00,8.1641468664,233.6,27.62,28.79,81.4,,arabian_sea_4n67e,4.0,67.0,0,LOW,1.22260320186615,7.375351905822754
2025-01-27 12:00:00,11.0799136044,180.6,26.42,28.43,84.1,,arabian_sea_4n67e,4.0,67.0,0,LOW,1.207773208618164,7.368466377258301
2025-01-28 12:00:00,11.8574514012,180.3,28.02,28.55,75.9,,arabian_sea_4n67e,4.0,67.0,1,MODERATE,1.6377863883972168,6.288980484008789
2025-01-29 12:00:00,8.941684663199998,212.3,28.32,28.75,77.0,,arabian_sea_4n67e,4.0,67.0,0,LOW,1.1627073287963867,7.180706977844238
2025-01-30 12:00:00,4.0820734332,225.9,28.36,29.16,75.5,,arabian_sea_4n67e,4.0,67.0,0,LOW,0.9776023030281067,7.75041389465332
2025-01-31 12:00:00,4.85961123,196.5,28.35,29.17,75.9,,arabian_sea_4n67e,4.0,67.0,0,LOW,0.8699685335159302,7.524927139282227
2025-02-01 12:00:00,6.803455722,214.1,28.62,29.09,75.5,,arabian_sea_4n67e,4.0,67.0,0,LOW,0.804646372795105,6.710783958435059
2025-02-02 12:00:00,6.0259179252,238.2,28.52,29.12,74.7,,arabian_sea_4n67e,4.0,67.0,0,LOW,0.7824591994285583,6.959377288818359
2025-02-03 12:00:00,6.2203023744,274.1,28.72,29.4,74.3,,arabian_sea_4n67e,4.0,67.0,0,LOW,0.8972369432449341,7.416816711425781
2025-02-04 12:00:00,5.6371490267999995,253.5,28.67,29.54,73.5,,arabian_sea_4n67e,4.0,67.0,0,LOW,0.9308780431747437,7.535998344421387
2025-02-05 12:00:00,6.9978401712,238.4,28.69,29.35,73.1,,arabian_sea_4n67e,4.0,67.0,0,LOW,1.1169960498809814,8.515656471252441
2025-02-06 12:00:00,8.1641468664,258.0,28.75,29.4,71.9,,arabian_sea_4n67e,4.0,67.0,0,LOW,1.2312846183776855,8.422313690185547
2025-02-07 12:00:00,8.5529157648,294.3,28.73,29.38,73.9,,arabian_sea_4n67e,4.0,67.0,0,LOW,1.226865530014038,7.926219940185547
2025-02-08 12:00:00,7.775377968,278.4,28.41,29.52,76.3,,arabian_sea_4n67e,4.0,67.0,0,LOW,1.209275245666504,7.958876609802246
2025-02-09 12:00:00,12.8293736472,248.6,28.89,29.14,68.4,,arabian_sea_4n67e,4.0,67.0,0,LOW,1.4253127574920654,6.72580623626709
2025-02-10 12:00:00,14.7732181392,249.5,28.9,29.11,70.4,,arabian_sea_4n67e,4.0,67.0,0,LOW,1.3563706874847412,6.463924407958984
2025-02-11 12:00:00,14.3844492408,247.6,28.75,29.01,72.3,,arabian_sea_4n67e,4.0,67.0,0,LOW,1.4499949216842651,6.811650276184082
2025-02-12 12:00:00,13.0237580964,250.8,28.69,29.04,70.0,,arabian_sea_4n67e,4.0,67.0,0,LOW,1.350677251815796,6.636068344116211
2025-02-13 12:00:00,9.5248380108,251.9,28.6,29.13,69.2,,arabian_sea_4n67e,4.0,67.0,0,LOW,1.1672065258026123,7.737852096557617
2025-02-14 12:00:00,8.1641468664,239.9,28.55,29.18,72.3,,arabian_sea_4n67e,4.0,67.0,0,LOW,1.0104241371154785,7.74018669128418
2025-02-15 12:00:00,9.71922246,228.2,28.48,29.1,67.2,,arabian_sea_4n67e,4.0,67.0,0,LOW,1.2877678871154785,7.781830787658691
2025-02-16 12:00:00,7.969762417199999,213.4,28.39,29.14,65.7,,arabian_sea_4n67e,4.0,67.0,0,LOW,1.2422267198562622,9.045166969299316
2025-02-17 12:00:00,9.1360691124,251.2,28.51,29.16,68.0,,arabian_sea_4n67e,4.0,67.0,0,LOW,1.0857751369476318,8.628074645996094
2025-02-18 12:00:00,11.663066952,252.9,28.71,29.12,70.0,,arabian_sea_4n67e,4.0,67.0,0,LOW,1.1568820476531982,6.860258102416992
2025-02-19 12:00:00,9.9136069092,237.9,28.64,29.17,73.5,,arabian_sea_4n67e,4.0,67.0,0,LOW,1.4027576446533203,10.10737419128418
2025-02-20 12:00:00,10.691144706,239.9,28.57,29.12,73.1,,arabian_sea_4n67e,4.0,67.0,0,LOW,1.4882869720458984,9.772457122802734
2025-02-21 12:00:00,9.5248380108,251.9,28.56,29.05,69.6,,arabian_sea_4n67e,4.0,67.0,0,LOW,1.3097360134124756,9.276538848876953
2025-02-22 12:00:00,9.1360691124,243.3,28.65,28.99,71.5,,arabian_sea_4n67e,4.0,67.0,0,LOW,1.1517529487609863,9.009910583496094
2025-02-23 12:00:00,10.3023758076,238.9,28.6,28.94,72.3,,arabian_sea_4n67e,4.0,67.0,0,LOW,1.178017020225525,7.892313003540039
2025-02-24 12:00:00,8.1641468664,277.8,28.79,29.1,71.5,,arabian_sea_4n67e,4.0,67.0,0,LOW,1.0949690341949463,7.7647705078125
2025-02-25 12:00:00,10.691144706,262.3,28.94,29.1,67.6,,arabian_sea_4n67e,4.0,67.0,0,LOW,1.1825625896453857,10.102282524108887
2025-02-26 12:00:00,11.0799136044,245.5,28.91,29.09,72.3,,arabian_sea_4n67e,4.0,67.0,0,LOW,1.2049736976623535,7.860898017883301
2025-02-27 12:00:00,7.1922246204,223.8,28.94,29.29,75.5,,arabian_sea_4n67e,4.0,67.0,0,LOW,0.9753901958465576,7.8309125900268555
2025-02-28 12:00:00,6.2203023744,153.3,27.63,29.26,80.6,,arabian_sea_4n67e,4.0,67.0,0,LOW,0.999763548374176,7.552513122558594
2025-03-01 12:00:00,7.3866090696,99.0,28.35,29.23,75.5,,arabian_sea_4n67e,4.0,67.0,0,LOW,0.9441273212432861,7.046072959899902
2025-03-02 12:00:00,7.775377968,194.9,27.52,29.2,73.9,,arabian_sea_4n67e,4.0,67.0,0,LOW,0.8276692032814026,7.1711320877075195
2025-03-03 12:00:00,5.831533476,188.6,28.57,29.33,75.9,,arabian_sea_4n67e,4.0,67.0,0,LOW,1.0054519176483154,6.326652526855469
2025-03-04 12:00:00,6.6090712728,277.1,28.84,29.45,77.8,,arabian_sea_4n67e,4.0,67.0,0,LOW,0.9022968411445618,6.8535261154174805
2025-03-05 12:00:00,7.3866090696,266.5,28.94,29.46,73.9,,arabian_sea_4n67e,4.0,67.0,0,LOW,0.9930163025856018,6.867536544799805
2025-03-06 12:00:00,11.2742980536,256.4,28.86,29.44,72.3,,arabian_sea_4n67e,4.0,67.0,0,LOW,1.1861506700515747,6.570891380310059
2025-03-07 12:00:00,4.85961123,286.5,28.8,29.52,70.8,,arabian_sea_4n67e,4.0,67.0,0,LOW,1.1006392240524292,7.4068193435668945
2020-01-01 12:00:00,8.1641468664,264.6,28.33,29.32,78.7,,arabian_sea_8n67e,8.0,67.0,0,LOW,0.9602999091148376,6.643022537231445
2020-01-02 12:00:00,10.4967602568,260.9,29.02,29.34,76.7,,arabian_sea_8n67e,8.0,67.0,0,LOW,0.966147780418396,6.656294822692871
2020-01-03 12:00:00,10.1079913584,249.1,28.97,29.33,78.3,,arabian_sea_8n67e,8.0,67.0,0,LOW,1.255445122718811,6.3343963623046875
2020-01-04 12:00:00,13.0237580964,223.7,28.73,29.22,78.3,,arabian_sea_8n67e,8.0,67.0,0,LOW,1.3698567152023315,6.4589128494262695
2020-01-05 12:00:00,12.0518358504,231.8,28.54,29.17,73.1,,arabian_sea_8n67e,8.0,67.0,0,LOW,1.379460334777832,6.223071098327637
2020-01-06 12:00:00,9.5248380108,234.5,28.37,29.2,70.3,,arabian_sea_8n67e,8.0,67.0,0,LOW,1.0560641288757324,6.678537368774414
2020-01-07 12:00:00,9.71922246,215.8,28.27,29.19,71.9,,arabian_sea_8n67e,8.0,67.0,0,LOW,0.9994236826896667,7.768963813781738
2020-01-08 12:00:00,11.2742980536,214.0,28.33,,72.7,,arabian_sea_8n67e,8.0,67.0,0,LOW,1.2138824462890625,7.413286209106445
2020-01-09 12:00:00,12.2462202996,222.5,28.21,,70.3,,arabian_sea_8n67e,8.0,67.0,0,LOW,1.218055009841919,6.526821136474609
2020-01-10 12:00:00,10.1079913584,225.7,28.2,29.13,70.7,,arabian_sea_8n67e,8.0,67.0,0,LOW,1.0529141426086426,6.244941711425781
2020-01-11 12:00:00,10.691144706,263.3,28.71,,75.5,,arabian_sea_8n67e,8.0,67.0,0,LOW,1.2091357707977295,5.800032615661621
2020-01-12 12:00:00,11.0799136044,246.5,28.72,29.14,70.7,,arabian_sea_8n67e,8.0,67.0,0,LOW,1.1415162086486816,6.071438789367676
2020-01-13 12:00:00,13.4125269948,199.6,27.7,28.99,75.5,,arabian_sea_8n67e,8.0,67.0,0,LOW,1.2669718265533447,6.351629257202148
2020-01-14 12:00:00,14.7732181392,204.1,28.2,28.99,68.3,,arabian_sea_8n67e,8.0,67.0,1,MODERATE,1.6554529666900635,6.7408246994018555
2020-01-15 12:00:00,11.4686825028,218.3,28.25,,68.7,,arabian_sea_8n67e,8.0,67.0,1,MODERATE,1.5109302997589111,7.686337471008301
2020-01-16 12:00:00,16.1339092836,212.7,28.14,28.87,74.3,,arabian_sea_8n67e,8.0,67.0,1,MODERATE,1.7754994630813599,6.33659553527832
2020-01-17 12:00:00,16.3282937328,224.4,27.9,28.88,78.7,,arabian_sea_8n67e,8.0,67.0,1,MODERATE,1.8792368173599243,6.4197797775268555
2020-01-18 12:00:00,15.939524834399998,230.3,28.23,28.82,76.3,,arabian_sea_8n67e,8.0,67.0,1,MODERATE,1.8425965309143066,6.655570983886719
2020-01-19 12:00:00,15.1619870376,233.0,28.25,28.81,75.9,,arabian_sea_8n67e,8.0,67.0,1,MODERATE,1.6327731609344482,6.422389030456543
2020-01-20 12:00:00,12.0518358504,235.9,28.48,28.84,79.1,,arabian_sea_8n67e,8.0,67.0,0,LOW,1.221400260925293,6.623656272888184
2020-01-21 12:00:00,13.606911444,249.1,28.49,28.84,81.9,,arabian_sea_8n67e,8.0,67.0,0,LOW,1.1616055965423584,6.344168663024902
2020-01-22 12:00:00,14.3844492408,253.5,28.84,28.83,79.1,,arabian_sea_8n67e,8.0,67.0,1,MODERATE,1.6017036437988281,6.211199760437012
2020-01-23 12:00:00,13.4125269948,229.6,28.66,28.84,81.1,,arabian_sea_8n67e,8.0,67.0,1,MODERATE,1.6037192344665527,6.679753303527832
2020-01-24 12:00:00,12.4406047488,221.2,28.58,28.85,80.3,,arabian_sea_8n67e,8.0,67.0,0,LOW,1.4426521062850952,7.204008102416992
2020-01-25 12:00:00,8.941684663199998,228.0,28.39,28.86,76.7,,arabian_sea_8n67e,8.0,67.0,0,LOW,1.3988533020019531,8.654279708862305
2020-01-26 12:00:00,7.5809935188,213.8,28.41,29.03,68.7,,arabian_sea_8n67e,8.0,67.0,0,LOW,1.2539796829223633,9.051858901977539
2020-01-27 12:00:00,8.747300214,193.4,28.09,28.97,67.5,,arabian_sea_8n67e,8.0,67.0,0,LOW,1.1411572694778442,7.735228538513184
2020-01-28 12:00:00,10.1079913584,211.2,28.27,28.98,73.5,,arabian_sea_8n67e,8.0,67.0,0,LOW,1.223144292831421,6.907039642333984
2020-01-29 12:00:00,13.4125269948,235.7,28.35,29.05,77.9,,arabian_sea_8n67e,8.0,67.0,1,MODERATE,1.7048859596252441,7.340313911437988
2020-01-30 12:00:00,12.4406047488,243.3,28.79,29.15,75.1,,arabian_sea_8n67e,8.0,67.0,1,MODERATE,1.6853044033050537,8.256281852722168
2020-01-31 12:00:00,14.9676025884,234.2,28.49,29.16,76.3,,arabian_sea_8n67e,8.0,67.0,1,MODERATE,1.8976900577545166,8.135197639465332
2020-02-01 12:00:00,13.9956803424,231.6,28.14,29.14,73.5,,arabian_sea_8n67e,8.0,67.0,1,MODERATE,1.7212539911270142,7.061880111694336
2020-02-02 12:00:00,10.1079913584,241.9,28.12,29.16,71.5,,arabian_sea_8n67e,8.0,67.0,0,LOW,1.1869423389434814,7.428720474243164
2020-02-03 12:00:00,11.4686825028,221.1,28.11,29.15,69.5,,arabian_sea_8n67e,8.0,67.0,0,LOW,1.0285348892211914,6.232542991638184
2020-02-04 12:00:00,10.4967602568,224.1,27.64,29.12,72.7,,arabian_sea_8n67e,8.0,67.0,0,LOW,1.1586894989013672,6.768640518188477
2020-02-05 12:00:00,9.5248380108,231.1,26.37,28.9,82.7,,arabian_sea_8n67e,8.0,67.0,0,LOW,1.4350743293762207,6.489984512329102
2020-02-06 12:00:00,12.634989198,228.8,28.35,28.96,79.1,,arabian_sea_8n67e,8.0,67.0,0,LOW,1.1644771099090576,6.783007621765137
2020-02-07 12:00:00,11.2742980536,242.7,27.89,28.94,79.5,,arabian_sea_8n67e,8.0,67.0,0,LOW,1.1333632469177246,6.471189498901367
2020-02-08 12:00:00,10.691144706,240.9,27.25,28.92,82.7,,arabian_sea_8n67e,8.0,67.0,0,LOW,1.1649476289749146,6.635538101196289
2020-02-09 12:00:00,13.2181425456,233.3,27.28,28.76,79.9,,arabian_sea_8n67e,8.0,67.0,0,LOW,1.4596648216247559,6.194321632385254
2020-02-10 12:00:00,9.3304535616,277.4,26.31,28.82,85.9,,arabian_sea_8n67e,8.0,67.0,0,LOW,1.2826507091522217,6.82513427734375
2020-02-11 12:00:00,12.634989198,267.5,27.75,28.79,84.3,,arabian_sea_8n67e,8.0,67.0,0,LOW,1.3140193223953247,6.933290481567383
2020-02-12 12:00:00,9.9136069092,265.2,28.53,28.96,77.5,,arabian_sea_8n67e,8.0,67.0,0,LOW,1.2675930261611938,7.065249443054199
2020-02-13 12:00:00,12.8293736472,225.0,28.41,28.85,76.7,,arabian_sea_8n67e,8.0,67.0,0,LOW,1.1908725500106812,7.190532684326172
2020-02-14 12:00:00,11.2742980536,206.8,28.31,28.91,75.9,,arabian_sea_8n67e,8.0,67.0,0,LOW,1.1793735027313232,6.896044731140137
2020-02-15 12:00:00,10.3023758076,205.1,28.27,28.94,72.7,,arabian_sea_8n67e,8.0,67.0,0,LOW,1.1906914710998535,6.693187713623047
2020-02-16 12:00:00,9.9136069092,214.4,28.31,28.89,71.9,,arabian_sea_8n67e,8.0,67.0,0,LOW,1.1085156202316284,6.97952938079834
2020-02-17 12:00:00,11.4686825028,236.5,28.59,28.78,77.1,,arabian_sea_8n67e,8.0,67.0,0,LOW,1.0117621421813965,6.4058074951171875
2020-02-18 12:00:00,13.2181425456,237.1,28.55,28.98,77.5,,arabian_sea_8n67e,8.0,67.0,0,LOW,1.0648998022079468,6.187029838562012
2020-02-19 12:00:00,11.663066952,239.2,28.36,28.96,69.5,,arabian_sea_8n67e,8.0,67.0,0,LOW,1.2040042877197266,7.2926740646362305
2020-02-20 12:00:00,10.691144706,269.6,28.88,29.14,62.8,,arabian_sea_8n67e,8.0,67.0,0,LOW,1.1228110790252686,8.518773078918457
2020-02-21 12:00:00,11.0799136044,246.5,28.7,29.13,66.8,,arabian_sea_8n67e,8.0,67.0,0,LOW,1.1381616592407227,7.629095077514648
2020-02-22 12:00:00,13.0237580964,228.6,28.69,29.09,76.3,,arabian_sea_8n67e,8.0,67.0,0,LOW,1.1285754442214966,5.891824722290039
2020-02-23 12:00:00,13.8012958932,232.9,28.56,29.08,77.9,,arabian_sea_8n67e,8.0,67.0,0,LOW,1.180624008178711,5.715217590332031
2020-02-24 12:00:00,11.0799136044,241.9,28.68,29.08,77.9,,arabian_sea_8n67e,8.0,67.0,0,LOW,1.0830695629119873,5.952845573425293
2020-02-25 12:00:00,11.0799136044,237.2,28.58,29.14,74.3,,arabian_sea_8n67e,8.0,67.0,0,LOW,1.0957083702087402,7.187187194824219
2020-02-26 12:00:00,7.775377968,224.6,28.6,29.26,71.1,,arabian_sea_8n67e,8.0,67.0,0,LOW,1.0800609588623047,8.134744644165039
2020-02-27 12:00:00,9.3304535616,211.9,28.3,29.19,73.5,,arabian_sea_8n67e,8.0,67.0,0,LOW,1.2354187965393066,8.475168228149414
2020-02-28 12:00:00,8.941684663199998,180.1,28.12,29.2,69.1,,arabian_sea_8n67e,8.0,67.0,0,LOW,1.1045739650726318,7.125931739807129
2020-02-29 12:00:00,8.358531315599999,216.6,28.02,29.16,69.9,,arabian_sea_8n67e,8.0,67.0,0,LOW,0.9497792720794678,7.5976152420043945
2020-03-01 12:00:00,3.3045356364,240.9,28.51,29.45,65.6,,arabian_sea_8n67e,8.0,67.0,0,LOW,0.9024574756622314,8.020337104797363
2020-03-02 12:00:00,3.1101511872,216.2,28.49,29.53,64.4,,arabian_sea_8n67e,8.0,67.0,0,LOW,1.0081968307495117,9.344476699829102
2020-03-03 12:00:00,3.6933045348,170.4,28.76,29.76,65.6,,arabian_sea_8n67e,8.0,67.0,0,LOW,0.8576694130897522,8.322961807250977
2020-03-04 12:00:00,6.9978401712,198.1,28.6,29.5,71.5,,arabian_sea_8n67e,8.0,67.0,0,LOW,0.9945441484451294,8.39725112915039
2020-03-05 12:00:00,6.9978401712,184.2,28.51,29.58,70.3,,arabian_sea_8n67e,8.0,67.0,0,LOW,1.002227544784546,8.999947547912598
2020-03-06 12:00:00,6.9978401712,160.2,28.04,29.53,66.4,,arabian_sea_8n67e,8.0,67.0,0,LOW,1.0938165187835693,9.11005687713623
2020-03-07 12:00:00,5.831533476,194.6,27.92,29.53,68.3,,arabian_sea_8n67e,8.0,67.0,0,LOW,0.9208809733390808,9.214568138122559
2020-03-08 12:00:00,2.5269978396,204.1,28.27,29.62,73.1,,arabian_sea_8n67e,8.0,67.0,0,LOW,1.0435147285461426,8.904695510864258
2020-03-09 12:00:00,3.887688984,288.1,28.78,29.6,68.7,,arabian_sea_8n67e,8.0,67.0,0,LOW,0.9139685034751892,8.2990083694458
2020-03-10 12:00:00,5.0539956792,215.4,28.77,29.66,71.9,,arabian_sea_8n67e,8.0,67.0,0,LOW,0.8494056463241577,8.451815605163574
2020-03-11 12:00:00,8.358531315599999,228.4,28.95,29.73,73.9,,arabian_sea_8n67e,8.0,67.0,0,LOW,1.0203431844711304,10.521048545837402
2020-03-12 12:00:00,10.691144706,228.5,28.18,29.63,79.5,,arabian_sea_8n67e,8.0,67.0,0,LOW,1.415714979171753,10.08224105834961
2020-03-13 12:00:00,12.8293736472,229.9,28.98,29.59,75.5,,arabian_sea_8n67e,8.0,67.0,1,MODERATE,1.7170478105545044,7.844934463500977
2020-03-14 12:00:00,13.2181425456,204.1,28.61,29.53,73.9,,arabian_sea_8n67e,8.0,67.0,1,MODERATE,1.5209968090057373,6.981661796569824
2020-03-15 12:00:00,10.8855291552,190.0,28.49,29.45,71.9,,arabian_sea_8n67e,8.0,67.0,0,LOW,1.2507753372192383,7.852829933166504
2020-03-16 12:00:00,8.5529157648,248.2,28.16,29.54,78.3,,arabian_sea_8n67e,8.0,67.0,0,LOW,1.1253318786621094,8.029773712158203
2020-03-17 12:00:00,12.2462202996,246.7,29.17,29.53,77.1,,arabian_sea_8n67e,8.0,67.0,0,LOW,1.068392038345337,7.250698089599609
2020-03-18 12:00:00,10.8855291552,234.4,28.93,29.52,79.9,,arabian_sea_8n67e,8.0,67.0,0,LOW,1.1057822704315186,5.959658622741699
2020-03-19 12:00:00,6.6090712728,285.9,27.49,29.22,83.9,,arabian_sea_8n67e,8.0,67.0,0,LOW,0.9594191908836365,6.513513565063477
2020-03-20 12:00:00,6.9978401712,234.8,29.05,29.49,79.5,,arabian_sea_8n67e,8.0,67.0,0,LOW,1.0191195011138916,8.1325101852417
2020-03-21 12:00:00,10.1079913584,238.9,29.22,29.55,73.9,,arabian_sea_8n67e,8.0,67.0,0,LOW,1.0268417596817017,7.902094841003418
2020-03-22 12:00:00,9.71922246,232.5,29.04,29.54,71.5,,arabian_sea_8n67e,8.0,67.0,0,LOW,0.9246391654014587,7.062908172607422
2020-03-23 12:00:00,8.747300214,205.3,28.79,29.57,69.9,,arabian_sea_8n67e,8.0,67.0,0,LOW,0.9993936419487,8.578545570373535
2020-03-24 12:00:00,6.2203023744,205.8,28.92,29.75,70.7,,arabian_sea_8n67e,8.0,67.0,0,LOW,0.9677944779396057,8.232209205627441
2020-03-25 12:00:00,6.414686823599999,209.1,29.08,29.85,72.7,,arabian_sea_8n67e,8.0,67.0,0,LOW,0.8623877763748169,8.264398574829102
2020-03-26 12:00:00,9.9136069092,224.1,29.3,29.77,77.1,,arabian_sea_8n67e,8.0,67.0,0,LOW,0.8208053708076477,6.077459335327148
2020-03-27 12:00:00,11.2742980536,244.6,29.4,29.95,77.5,,arabian_sea_8n67e,8.0,67.0,0,LOW,0.8850708603858948,5.894847869873047
2020-03-28 12:00:00,9.3304535616,220.8,29.66,30.07,74.3,,arabian_sea_8n67e,8.0,67.0,0,LOW,0.8094686269760132,6.169506072998047
2020-03-29 12:00:00,8.1641468664,230.6,29.53,30.15,73.9,,arabian_sea_8n67e,8.0,67.0,0,LOW,1.0343208312988281,6.987831115722656
2020-03-30 12:00:00,8.358531315599999,224.5,29.5,30.22,73.5,,arabian_sea_8n67e,8.0,67.0,0,LOW,1.0329196453094482,7.570342063903809
2020-03-31 12:00:00,8.358531315599999,224.5,29.5,30.28,72.3,,arabian_sea_8n67e,8.0,67.0,0,LOW,0.9496346116065979,7.522481918334961
2020-04-01 12:00:00,8.747300214,211.2,29.44,30.27,71.1,,arabian_sea_8n67e,8.0,67.0,0,LOW,1.1589298248291016,7.994601249694824
2020-04-02 12:00:00,8.1641468664,222.5,29.52,30.27,69.5,,arabian_sea_8n67e,8.0,67.0,0,LOW,1.2094676494598389,8.675517082214355
2020-04-03 12:00:00,7.775377968,216.2,29.64,30.39,70.7,,arabian_sea_8n67e,8.0,67.0,0,LOW,0.9888421297073364,8.213717460632324
2020-04-04 12:00:00,8.941684663199998,201.7,29.5,30.39,71.9,,arabian_sea_8n67e,8.0,67.0,0,LOW,1.0674264430999756,9.479369163513184
2020-04-05 12:00:00,6.2203023744,214.4,29.46,30.43,67.9,,arabian_sea_8n67e,8.0,67.0,0,LOW,0.9863555431365967,9.524568557739258
2020-04-06 12:00:00,4.665226780799999,238.4,29.83,30.8,71.9,,arabian_sea_8n67e,8.0,67.0,0,LOW,1.0794920921325684,10.868059158325195
2020-04-07 12:00:00,2.7213822887999997,214.4,29.7,30.83,72.7,,arabian_sea_8n67e,8.0,67.0,0,LOW,1.189971923828125,12.180121421813965
2020-04-08 12:00:00,5.0539956792,208.5,29.81,30.98,73.1,,arabian_sea_8n67e,8.0,67.0,0,LOW,1.4155313968658447,12.11241340637207
2020-04-09 12:00:00,9.5248380108,213.9,29.63,30.66,74.3,,arabian_sea_8n67e,8.0,67.0,0,LOW,1.3889046907424927,10.245984077453613
2020-04-10 12:00:00,9.3304535616,236.5,29.59,30.59,68.3,,arabian_sea_8n67e,8.0,67.0,0,LOW,1.3856279850006104,9.576226234436035
2020-04-11 12:00:00,9.9136069092,240.9,29.89,30.56,69.9,,arabian_sea_8n67e,8.0,67.0,0,LOW,1.3807241916656494,8.267911911010742
2020-04-12 12:00:00,8.941684663199998,243.3,29.99,30.62,73.1,,arabian_sea_8n67e,8.0,67.0,0,LOW,1.4542362689971924,9.856902122497559
2020-04-13 12:00:00,9.9136069092,230.6,29.98,30.64,75.1,,arabian_sea_8n67e,8.0,67.0,1,MODERATE,1.5983530282974243,10.459383010864258
2020-04-14 12:00:00,7.3866090696,215.7,30.01,30.84,73.1,,arabian_sea_8n67e,8.0,67.0,0,LOW,1.336547613143921,10.04891300201416
2020-04-15 12:00:00,4.470842331599999,201.5,29.91,31.03,72.3,,arabian_sea_8n67e,8.0,67.0,0,LOW,1.1829137802124023,9.664722442626953
2020-04-16 12:00:00,5.442764577599999,206.1,30.04,31.12,70.3,,arabian_sea_8n67e,8.0,67.0,0,LOW,1.1494553089141846,9.278200149536133
2020-04-17 12:00:00,7.775377968,239.6,30.06,30.97,71.5,,arabian_sea_8n67e,8.0,67.0,0,LOW,1.2016627788543701,9.10213565826416
2020-04-18 12:00:00,11.2742980536,231.0,30.18,30.78,73.1,,arabian_sea_8n67e,8.0,67.0,0,LOW,1.2026245594024658,8.570633888244629
2020-04-19 12:00:00,9.9136069092,240.9,30.23,30.79,76.7,,arabian_sea_8n67e,8.0,67.0,0,LOW,1.3491954803466797,8.603671073913574
2020-04-20 12:00:00,5.6371490267999995,244.9,29.82,30.78,78.3,,arabian_sea_8n67e,8.0,67.0,0,LOW,1.0717806816101074,8.595992088317871
2020-04-21 12:00:00,2.7213822887999997,109.3,30.03,31.22,73.1,,arabian_sea_8n67e,8.0,67.0,0,LOW,1.0020642280578613,8.871288299560547
2020-04-22 12:00:00,3.4989200856,95.6,28.94,30.74,77.5,,arabian_sea_8n67e,8.0,67.0,0,LOW,1.0704175233840942,9.028706550598145
2020-04-23 12:00:00,2.3326133903999997,163.5,30.24,31.31,70.7,,arabian_sea_8n67e,8.0,67.0,0,LOW,1.0025136470794678,9.13293170928955
2020-04-24 12:00:00,5.6371490267999995,10.5,30.41,31.25,71.1,,arabian_sea_8n67e,8.0,67.0,0,LOW,0.9608308672904968,9.20236587524414
2020-04-25 12:00:00,6.414686823599999,119.1,30.01,30.99,75.9,,arabian_sea_8n67e,8.0,67.0,0,LOW,0.9576745629310608,9.034411430358887
2020-04-26 12:00:00,6.0259179252,121.2,30.05,31.22,75.5,,arabian_sea_8n67e,8.0,67.0,0,LOW,1.0869985818862915,10.500033378601074
2020-04-27 12:00:00,6.9978401712,184.2,30.14,31.18,72.7,,arabian_sea_8n67e,8.0,67.0,0,LOW,1.0524382591247559,9.23913860321045
2020-04-28 12:00:00,6.803455722,188.1,30.36,31.14,69.5,,arabian_sea_8n67e,8.0,67.0,0,LOW,1.0370171070098877,10.160316467285156
2020-04-29 12:00:00,7.969762417199999,212.0,30.23,31.11,68.3,,arabian_sea_8n67e,8.0,67.0,0,LOW,1.0018181800842285,8.57114028930664
2020-04-30 12:00:00,6.2203023744,205.8,30.34,31.31,66.8,,arabian_sea_8n67e,8.0,67.0,0,LOW,0.8941758275032043,8.352473258972168
2020-05-01 12:00:00,6.0259179252,202.3,30.32,31.29,67.9,,arabian_sea_8n67e,8.0,67.0,0,LOW,0.7608931064605713,8.798934936523438
2020-05-02 12:00:00,7.5809935188,162.0,30.01,31.23,67.5,,arabian_sea_8n67e,8.0,67.0,0,LOW,1.20548415184021,12.023014068603516
2020-05-03 12:00:00,6.2203023744,173.7,29.98,31.26,65.2,,arabian_sea_8n67e,8.0,67.0,1,MODERATE,1.5999730825424194,12.070794105529785
2020-05-04 12:00:00,6.6090712728,142.8,30.09,31.29,67.1,,arabian_sea_8n67e,8.0,67.0,1,MODERATE,1.6746788024902344,11.655261039733887
2020-05-05 12:00:00,8.1641468664,132.5,30.16,31.13,75.5,,arabian_sea_8n67e,8.0,67.0,1,MODERATE,1.5559104681015015,10.400087356567383
2020-05-06 12:00:00,8.358531315599999,163.5,30.53,31.22,75.1,,arabian_sea_8n67e,8.0,67.0,0,LOW,1.403025507926941,9.459949493408203
2020-05-07 12:00:00,9.3304535616,159.8,30.53,31.25,71.9,,arabian_sea_8n67e,8.0,67.0,0,LOW,1.3000357151031494,9.044327735900879
2020-05-08 12:00:00,6.803455722,163.5,30.67,31.32,71.5,,arabian_sea_8n67e,8.0,67.0,0,LOW,1.1942603588104248,9.254602432250977
2020-05-09 12:00:00,7.775377968,180.5,30.68,31.4,75.1,,arabian_sea_8n67e,8.0,67.0,0,LOW,1.2458927631378174,10.018901824951172
2020-05-10 12:00:00,9.5248380108,165.2,30.55,31.31,73.9,,arabian_sea_8n67e,8.0,67.0,0,LOW,1.1663978099822998,9.849503517150879
2020-05-11 12:00:00,8.747300214,166.7,30.43,31.3,70.3,,arabian_sea_8n67e,8.0,67.0,0,LOW,1.1826276779174805,8.811717987060547
2020-05-12 12:00:00,7.775377968,149.6,30.4,31.34,67.9,,arabian_sea_8n67e,8.0,67.0,0,LOW,1.0412402153015137,9.260671615600586
2020-05-13 12:00:00,9.1360691124,164.7,30.61,31.24,69.9,,arabian_sea_8n67e,8.0,67.0,0,LOW,1.1921229362487793,9.107275009155273
2020-05-14 12:00:00,12.2462202996,110.0,30.62,31.19,72.3,,arabian_sea_8n67e,8.0,67.0,0,LOW,1.3177794218063354,9.01763916015625
2020-05-15 12:00:00,7.3866090696,130.2,29.72,30.85,73.1,,arabian_sea_8n67e,8.0,67.0,0,LOW,1.4957269430160522,8.002744674682617
2020-05-16 12:00:00,11.0799136044,142.7,30.68,30.91,71.5,,arabian_sea_8n67e,8.0,67.0,0,LOW,1.469508409500122,9.020740509033203
2020-05-17 12:00:00,12.634989198,83.9,29.67,30.92,75.9,,arabian_sea_8n67e,8.0,67.0,1,MODERATE,1.5488088130950928,9.574556350708008
2020-05-18 12:00:00,12.0518358504,112.4,30.5,30.77,71.9,,arabian_sea_8n67e,8.0,67.0,1,MODERATE,2.114684581756592,9.073616981506348
2020-05-19 12:00:00,13.2181425456,85.8,30.22,30.72,76.3,,arabian_sea_8n67e,8.0,67.0,1,MODERATE,2.0089516639709473,8.094850540161133
2020-05-20 12:00:00,15.1619870376,83.1,29.22,30.65,81.1,,arabian_sea_8n67e,8.0,67.0,1,MODERATE,2.257833957672119,7.102124214172363
2020-05-21 12:00:00,8.747300214,124.9,29.8,30.57,72.3,,arabian_sea_8n67e,8.0,67.0,1,MODERATE,2.038961172103882,7.745047569274902
2020-05-22 12:00:00,8.5529157648,90.2,30.05,30.62,72.3,,arabian_sea_8n67e,8.0,67.0,1,MODERATE,1.99247407913208,8.578612327575684
2020-05-23 12:00:00,14.57883369,55.5,28.62,30.55,80.3,,arabian_sea_8n67e,8.0,67.0,1,MODERATE,2.0961837768554688,8.801342010498047
2020-05-24 12:00:00,15.1619870376,83.1,29.08,30.37,79.1,,arabian_sea_8n67e,8.0,67.0,1,MODERATE,2.5689029693603516,8.202092170715332
2020-05-25 12:00:00,9.1360691124,102.8,29.83,30.45,75.5,,arabian_sea_8n67e,8.0,67.0,1,MODERATE,2.0729613304138184,9.412637710571289
2020-05-26 12:00:00,9.1360691124,100.3,29.83,30.48,75.5,,arabian_sea_8n67e,8.0,67.0,1,MODERATE,2.235387086868286,10.984892845153809
2020-05-27 12:00:00,11.8574514012,87.5,29.99,30.5,75.9,,arabian_sea_8n67e,8.0,67.0,1,MODERATE,1.9606642723083496,10.139555931091309
2020-05-28 12:00:00,11.0799136044,87.5,27.71,30.29,84.7,,arabian_sea_8n67e,8.0,67.0,1,MODERATE,1.7361135482788086,8.666176795959473
2020-05-29 12:00:00,10.3023758076,91.9,29.53,30.32,78.3,,arabian_sea_8n67e,8.0,67.0,1,MODERATE,1.5112380981445312,8.113452911376953
2020-05-30 12:00:00,7.3866090696,106.9,28.98,30.31,79.5,,arabian_sea_8n67e,8.0,67.0,0,LOW,1.4363887310028076,7.893048286437988
2020-05-31 12:00:00,9.71922246,89.9,29.55,30.39,77.9,,arabian_sea_8n67e,8.0,67.0,0,LOW,1.3526322841644287,8.118937492370605
2020-06-01 12:00:00,9.3304535616,82.5,28.08,30.02,80.7,,arabian_sea_8n67e,8.0,67.0,1,MODERATE,1.5630006790161133,8.018951416015625
2020-06-02 12:00:00,12.4406047488,98.5,28.76,30.07,79.1,,arabian_sea_8n67e,8.0,67.0,1,MODERATE,1.7955470085144043,7.3266706466674805
2020-06-03 12:00:00,13.2181425456,89.2,29.01,30.28,78.7,,arabian_sea_8n67e,8.0,67.0,1,MODERATE,1.9603886604309082,8.47314167022705
2020-06-04 12:00:00,12.8293736472,69.6,29.53,30.32,80.3,,arabian_sea_8n67e,8.0,67.0,1,MODERATE,1.9102662801742554,8.522201538085938
2020-06-05 12:00:00,12.0518358504,64.3,28.81,30.22,79.9,,arabian_sea_8n67e,8.0,67.0,1,MODERATE,2.0463364124298096,9.666942596435547
2020-06-06 12:00:00,13.9956803424,51.6,29.42,30.09,79.9,,arabian_sea_8n67e,8.0,67.0,1,MODERATE,2.1352715492248535,8.668227195739746
2020-06-07 12:00:00,11.8574514012,53.3,29.61,30.01,79.5,,arabian_sea_8n67e,8.0,67.0,1,MODERATE,1.9579777717590332,8.624282836914062
2020-06-08 12:00:00,11.663066952,63.5,29.98,30.08,78.7,,arabian_sea_8n67e,8.0,67.0,1,MODERATE,1.843477487564087,8.290807723999023
2020-06-09 12:00:00,10.691144706,72.4,30.0,30.25,77.5,,arabian_sea_8n67e,8.0,67.0,1,MODERATE,1.742258071899414,8.57145881652832
2020-06-10 12:00:00,10.8855291552,79.1,30.04,30.28,77.9,,arabian_sea_8n67e,8.0,67.0,1,MODERATE,1.750205636024475,8.338120460510254
2020-06-11 12:00:00,12.4406047488,76.5,30.05,30.28,76.7,,arabian_sea_8n67e,8.0,67.0,1,MODERATE,2.078286647796631,9.301420211791992
2020-06-12 12:00:00,15.1619870376,89.0,30.23,30.25,76.3,,arabian_sea_8n67e,8.0,67.0,1,MODERATE,2.4516561031341553,8.577874183654785
2020-06-13 12:00:00,17.1058315296,71.9,30.07,30.17,76.7,,arabian_sea_8n67e,8.0,67.0,2,HIGH,2.907621383666992,8.534695625305176
2020-06-14 12:00:00,17.3002159788,83.7,30.34,30.15,74.3,,arabian_sea_8n67e,8.0,67.0,1,MODERATE,2.7895472049713135,8.369597434997559
2020-06-15 12:00:00,18.466522674,87.5,30.3,30.14,74.3,,arabian_sea_8n67e,8.0,67.0,2,HIGH,2.821249485015869,8.536613464355469
2020-06-16 12:00:00,18.0777537756,81.4,30.26,30.06,75.5,,arabian_sea_8n67e,8.0,67.0,2,HIGH,3.087930202484131,8.858833312988281
2020-06-17 12:00:00,18.0777537756,70.2,29.86,29.99,77.9,,arabian_sea_8n67e,8.0,67.0,2,HIGH,3.2440967559814453,8.820378303527832
2020-06-18 12:00:00,16.1339092836,66.5,29.32,29.92,78.7,,arabian_sea_8n67e,8.0,67.0,2,HIGH,3.272219657897949,9.248990058898926
2020-06-19 12:00:00,13.9956803424,64.5,29.84,29.91,75.9,,arabian_sea_8n67e,8.0,67.0,1,MODERATE,2.7963645458221436,9.628252983093262
2020-06-20 12:00:00,14.57883369,56.8,29.54,29.87,76.7,,arabian_sea_8n67e,8.0,67.0,1,MODERATE,2.584746837615967,9.224241256713867
2020-06-21 12:00:00,15.1619870376,64.9,29.86,29.84,76.7,,arabian_sea_8n67e,8.0,67.0,1,MODERATE,2.686713933944702,9.274906158447266
2020-06-22 12:00:00,15.7451403852,70.4,29.93,29.83,74.7,,arabian_sea_8n67e,8.0,67.0,2,HIGH,2.8182084560394287,9.695521354675293
2020-06-23 12:00:00,15.1619870376,69.5,29.96,29.79,75.9,,arabian_sea_8n67e,8.0,67.0,1,MODERATE,2.61104154586792,8.977442741394043
2020-06-24 12:00:00,16.1339092836,70.8,29.72,29.71,77.1,,arabian_sea_8n67e,8.0,67.0,2,HIGH,2.9002368450164795,9.331584930419922
2020-06-25 12:00:00,10.3023758076,52.0,26.77,29.47,86.3,,arabian_sea_8n67e,8.0,67.0,1,MODERATE,2.4868993759155273,8.442380905151367
2020-06-26 12:00:00,11.4686825028,71.5,28.16,29.39,83.5,,arabian_sea_8n67e,8.0,67.0,1,MODERATE,2.6516871452331543,9.040600776672363
2020-06-27 12:00:00,12.634989198,73.0,29.3,29.42,80.3,,arabian_sea_8n67e,8.0,67.0,1,MODERATE,2.075131893157959,8.702301979064941
2020-06-28 12:00:00,11.0799136044,89.5,29.46,29.51,79.5,,arabian_sea_8n67e,8.0,67.0,1,MODERATE,2.070441961288452,9.012632369995117
2020-06-29 12:00:00,9.71922246,82.7,29.41,29.57,79.1,,arabian_sea_8n67e,8.0,67.0,1,MODERATE,2.06492280960083,9.666412353515625
2020-06-30 12:00:00,11.0799136044,49.8,29.47,29.59,79.9,,arabian_sea_8n67e,8.0,67.0,1,MODERATE,2.2080636024475098,9.899008750915527
2020-07-01 12:00:00,12.2462202996,37.3,29.02,29.53,81.5,,arabian_sea_8n67e,8.0,67.0,1,MODERATE,2.205268383026123,9.237566947937012
2020-07-02 12:00:00,13.0237580964,66.3,29.26,29.48,79.1,,arabian_sea_8n67e,8.0,67.0,1,MODERATE,2.4458296298980713,9.179133415222168
2020-07-03 12:00:00,11.0799136044,81.4,29.18,29.6,78.7,,arabian_sea_8n67e,8.0,67.0,1,MODERATE,2.4976532459259033,9.174471855163574
2020-07-04 12:00:00,14.1900647916,98.5,28.98,29.6,79.1,,arabian_sea_8n67e,8.0,67.0,1,MODERATE,2.761806011199951,9.234810829162598
2020-07-05 12:00:00,13.9956803424,76.2,28.9,29.46,79.9,,arabian_sea_8n67e,8.0,67.0,1,MODERATE,2.6530001163482666,9.300092697143555
2020-07-06 12:00:00,12.4406047488,55.3,29.09,29.36,79.5,,arabian_sea_8n67e,8.0,67.0,1,MODERATE,2.369095802307129,9.023490905761719
2020-07-07 12:00:00,12.2462202996,47.7,29.17,29.41,79.5,,arabian_sea_8n67e,8.0,67.0,1,MODERATE,2.228823184967041,8.686844825744629
2020-07-08 12:00:00,10.1079913584,58.9,29.1,29.54,77.9,,arabian_sea_8n67e,8.0,67.0,1,MODERATE,2.0190377235412598,9.279067039489746
2020-07-09 12:00:00,9.9136069092,44.1,29.19,29.59,79.1,,arabian_sea_8n67e,8.0,67.0,1,MODERATE,2.225783586502075,10.3942232131958
2020-07-10 12:00:00,11.4686825028,19.7,29.34,29.56,80.3,,arabian_sea_8n67e,8.0,67.0,1,MODERATE,2.230693817138672,11.449542045593262
2020-07-11 12:00:00,10.691144706,36.5,28.02,29.46,82.3,,arabian_sea_8n67e,8.0,67.0,1,MODERATE,2.4003090858459473,11.498191833496094
2020-07-12 12:00:00,6.9978401712,18.1,27.84,29.44,81.5,,arabian_sea_8n67e,8.0,67.0,1,MODERATE,2.236621856689453,11.271928787231445
2020-07-13 12:00:00,6.803455722,65.7,28.53,29.5,77.1,,arabian_sea_8n67e,8.0,67.0,1,MODERATE,2.600557804107666,11.48865795135498
2020-07-14 12:00:00,8.5529157648,92.9,28.95,29.54,78.3,,arabian_sea_8n67e,8.0,67.0,1,MODERATE,2.3729074001312256,10.401335716247559
2020-07-15 12:00:00,13.4125269948,70.6,29.31,29.51,79.1,,arabian_sea_8n67e,8.0,67.0,1,MODERATE,2.4438252449035645,9.245771408081055
2020-07-16 12:00:00,15.7451403852,70.4,29.15,29.48,80.3,,arabian_sea_8n67e,8.0,67.0,1,MODERATE,2.423543930053711,8.232633590698242
2020-07-17 12:00:00,19.2440604708,76.0,28.95,29.45,79.1,,arabian_sea_8n67e,8.0,67.0,2,HIGH,3.2662363052368164,8.959696769714355
2020-07-18 12:00:00,18.0777537756,74.0,28.33,29.22,78.7,,arabian_sea_8n67e,8.0,67.0,2,HIGH,3.648437976837158,9.442254066467285
2020-07-19 12:00:00,18.8552915724,76.9,26.6,29.05,82.3,,arabian_sea_8n67e,8.0,67.0,2,HIGH,3.8907582759857178,10.004937171936035
2020-07-20 12:00:00,16.717062631199997,106.3,27.23,28.97,80.3,,arabian_sea_8n67e,8.0,67.0,2,HIGH,3.0140907764434814,10.170166015625
2020-07-21 12:00:00,13.2181425456,110.2,28.79,28.91,78.3,,arabian_sea_8n67e,8.0,67.0,1,MODERATE,2.7500479221343994,9.404191970825195
2020-07-22 12:00:00,13.606911444,100.7,27.51,28.83,81.1,,arabian_sea_8n67e,8.0,67.0,1,MODERATE,2.610140323638916,9.966386795043945
2020-07-23 12:00:00,16.3282937328,112.8,28.45,28.75,75.5,,arabian_sea_8n67e,8.0,67.0,2,HIGH,2.8461532592773438,8.859366416931152
2020-07-24 12:00:00,10.4967602568,94.1,27.5,28.67,78.7,,arabian_sea_8n67e,8.0,67.0,1,MODERATE,2.225034475326538,8.91611099243164
2020-07-25 12:00:00,10.3023758076,71.9,28.55,28.73,74.3,,arabian_sea_8n67e,8.0,67.0,1,MODERATE,2.2302422523498535,9.707990646362305
2020-07-26 12:00:00,7.1922246204,63.9,27.73,28.73,77.9,,arabian_sea_8n67e,8.0,67.0,1,MODERATE,2.4864416122436523,12.529142379760742
2020-07-27 12:00:00,7.3866090696,106.9,28.42,28.87,77.1,,arabian_sea_8n67e,8.0,67.0,1,MODERATE,2.7699785232543945,12.978255271911621
2020-07-28 12:00:00,9.3304535616,97.4,28.6,28.97,75.9,,arabian_sea_8n67e,8.0,67.0,1,MODERATE,2.504068613052368,11.7738618850708
2020-07-29 12:00:00,13.9956803424,76.2,28.41,28.78,78.7,,arabian_sea_8n67e,8.0,67.0,1,MODERATE,2.5846633911132812,11.493877410888672
2020-07-30 12:00:00,15.550755936,83.2,28.68,28.63,80.7,,arabian_sea_8n67e,8.0,67.0,1,MODERATE,2.585224151611328,10.265301704406738
2020-07-31 12:00:00,14.3844492408,75.0,28.73,28.66,80.7,,arabian_sea_8n67e,8.0,67.0,1,MODERATE,2.3492584228515625,8.570907592773438
2020-08-01 12:00:00,17.1058315296,62.1,28.8,28.62,79.9,,arabian_sea_8n67e,8.0,67.0,1,MODERATE,2.538254737854004,8.068445205688477
2020-08-02 12:00:00,16.522678182,59.7,28.49,28.58,81.1,,arabian_sea_8n67e,8.0,67.0,2,HIGH,2.8118863105773926,8.899484634399414
2020-08-03 12:00:00,16.1339092836,60.3,28.57,28.6,79.1,,arabian_sea_8n67e,8.0,67.0,2,HIGH,2.8392369747161865,8.926487922668457
2020-08-04 12:00:00,16.522678182,71.2,28.66,28.6,81.9,,arabian_sea_8n67e,8.0,67.0,2,HIGH,2.984900712966919,8.952919006347656
2020-08-05 12:00:00,20.2159827168,72.2,28.48,28.6,82.7,,arabian_sea_8n67e,8.0,67.0,2,HIGH,3.6215291023254395,9.171737670898438
2020-08-06 12:00:00,19.0496760216,65.1,28.76,28.5,79.9,,arabian_sea_8n67e,8.0,67.0,2,HIGH,3.7483503818511963,9.033946990966797
2020-08-07 12:00:00,17.1058315296,45.2,28.62,28.48,81.1,,arabian_sea_8n67e,8.0,67.0,2,HIGH,3.417903423309326,9.4583101272583
2020-08-08 12:00:00,16.522678182,48.2,28.22,28.47,80.3,,arabian_sea_8n67e,8.0,67.0,2,HIGH,3.3146886825561523,10.036111831665039
2020-08-09 12:00:00,18.2721382248,62.6,28.5,28.43,74.3,,arabian_sea_8n67e,8.0,67.0,2,HIGH,3.409372329711914,9.648258209228516
2020-08-10 12:00:00,15.1619870376,68.1,28.39,28.37,74.7,,arabian_sea_8n67e,8.0,67.0,2,HIGH,2.9479877948760986,9.430426597595215
2020-08-11 12:00:00,11.663066952,52.2,28.39,28.39,78.7,,arabian_sea_8n67e,8.0,67.0,1,MODERATE,2.380382776260376,8.74343490600586
2020-08-12 12:00:00,7.5809935188,72.0,28.25,28.53,78.3,,arabian_sea_8n67e,8.0,67.0,1,MODERATE,1.9197299480438232,8.946104049682617
2020-08-13 12:00:00,9.71922246,82.7,28.17,28.53,78.3,,arabian_sea_8n67e,8.0,67.0,1,MODERATE,2.06858491897583,9.363626480102539
2020-08-14 12:00:00,12.8293736472,56.2,28.43,28.46,76.3,,arabian_sea_8n67e,8.0,67.0,1,MODERATE,2.028500556945801,8.449779510498047
2020-08-15 12:00:00,11.4686825028,53.8,28.15,28.43,81.9,,arabian_sea_8n67e,8.0,67.0,1,MODERATE,2.2248969078063965,9.053365707397461
2020-08-16 12:00:00,10.691144706,72.4,28.43,28.54,81.9,,arabian_sea_8n67e,8.0,67.0,1,MODERATE,2.132045269012451,8.747064590454102
2020-08-17 12:00:00,10.3023758076,55.0,28.52,28.68,79.9,,arabian_sea_8n67e,8.0,67.0,1,MODERATE,2.179999351501465,9.608516693115234
2020-08-18 12:00:00,7.3866090696,35.7,28.43,28.8,79.9,,arabian_sea_8n67e,8.0,67.0,1,MODERATE,1.9961059093475342,9.40471076965332
2020-08-19 12:00:00,5.6371490267999995,55.0,28.64,29.17,78.7,,arabian_sea_8n67e,8.0,67.0,1,MODERATE,2.0494887828826904,9.833684921264648
2020-08-20 12:00:00,6.9978401712,59.4,28.79,29.12,79.5,,arabian_sea_8n67e,8.0,67.0,1,MODERATE,1.9836246967315674,9.55666732788086
2020-08-21 12:00:00,7.775377968,44.6,28.79,29.07,81.1,,arabian_sea_8n67e,8.0,67.0,1,MODERATE,2.001973867416382,9.517135620117188
2020-08-22 12:00:00,8.1641468664,60.9,28.42,29.06,81.1,,arabian_sea_8n67e,8.0,67.0,1,MODERATE,1.917682409286499,9.097484588623047
2020-08-23 12:00:00,9.71922246,97.0,28.63,29.07,75.1,,arabian_sea_8n67e,8.0,67.0,1,MODERATE,2.237454891204834,9.293134689331055
2020-08-24 12:00:00,5.442764577599999,105.9,28.48,29.2,75.5,,arabian_sea_8n67e,8.0,67.0,1,MODERATE,2.066277503967285,9.241183280944824
2020-08-25 12:00:00,5.442764577599999,101.5,28.2,29.23,78.7,,arabian_sea_8n67e,8.0,67.0,1,MODERATE,1.9696667194366455,9.22955322265625
2020-08-26 12:00:00,7.775377968,93.5,28.61,29.16,74.3,,arabian_sea_8n67e,8.0,67.0,1,MODERATE,1.7428808212280273,8.821552276611328
2020-08-27 12:00:00,8.1641468664,90.4,28.51,29.19,74.7,,arabian_sea_8n67e,8.0,67.0,1,MODERATE,1.6245200634002686,8.85057544708252
2020-08-28 12:00:00,6.414686823599999,55.9,28.68,29.43,74.7,,arabian_sea_8n67e,8.0,67.0,1,MODERATE,1.6824755668640137,10.187171936035156
2020-08-29 12:00:00,7.775377968,48.8,28.88,29.47,74.3,,arabian_sea_8n67e,8.0,67.0,1,MODERATE,1.7887933254241943,10.27028751373291
2020-08-30 12:00:00,6.414686823599999,64.3,28.85,29.63,71.9,,arabian_sea_8n67e,8.0,67.0,1,MODERATE,1.66066312789917,9.912866592407227
2020-08-31 12:00:00,6.2203023744,87.5,28.75,29.79,71.9,,arabian_sea_8n67e,8.0,67.0,1,MODERATE,1.5832633972167969,9.61208438873291
2020-09-01 12:00:00,10.3023758076,110.1,28.73,29.5,74.7,,arabian_sea_8n67e,8.0,67.0,1,MODERATE,1.5677857398986816,10.249077796936035
2020-09-02 12:00:00,11.4686825028,136.7,27.94,29.17,79.1,,arabian_sea_8n67e,8.0,67.0,1,MODERATE,1.6683645248413086,8.943519592285156
2020-09-03 12:00:00,16.3282937328,130.6,28.41,28.86,78.3,,arabian_sea_8n67e,8.0,67.0,1,MODERATE,1.8605003356933594,7.600955963134766
2020-09-04 12:00:00,14.7732181392,132.5,28.02,28.67,80.7,,arabian_sea_8n67e,8.0,67.0,1,MODERATE,2.15539288520813,7.57157039642334
2020-09-05 12:00:00,17.494600428,105.5,26.4,28.53,83.9,,arabian_sea_8n67e,8.0,67.0,1,MODERATE,2.31931209564209,7.469911575317383
2020-09-06 12:00:00,16.9114470804,87.5,27.14,28.35,79.5,,arabian_sea_8n67e,8.0,67.0,1,MODERATE,2.5149781703948975,7.414441108703613
2020-09-07 12:00:00,14.7732181392,105.9,27.76,28.31,79.9,,arabian_sea_8n67e,8.0,67.0,1,MODERATE,2.2484521865844727,8.813423156738281
2020-09-08 12:00:00,15.939524834399998,113.4,28.1,28.35,78.3,,arabian_sea_8n67e,8.0,67.0,1,MODERATE,2.41017746925354,9.604496955871582
2020-09-09 12:00:00,14.3844492408,106.4,28.0,28.36,77.9,,arabian_sea_8n67e,8.0,67.0,1,MODERATE,2.1301183700561523,8.807280540466309
2020-09-10 12:00:00,14.57883369,81.3,28.2,28.38,77.1,,arabian_sea_8n67e,8.0,67.0,1,MODERATE,2.1567251682281494,8.937524795532227
2020-09-11 12:00:00,12.8293736472,69.6,28.17,28.35,78.7,,arabian_sea_8n67e,8.0,67.0,1,MODERATE,2.0013978481292725,8.343179702758789
2020-09-12 12:00:00,8.941684663199998,44.4,28.06,28.39,80.3,,arabian_sea_8n67e,8.0,67.0,1,MODERATE,2.036886692047119,10.117671966552734
2020-09-13 12:00:00,6.9978401712,59.4,27.27,28.25,82.7,,arabian_sea_8n67e,8.0,67.0,1,MODERATE,1.978520393371582,10.143454551696777
2020-09-14 12:00:00,7.775377968,62.3,27.64,28.35,83.5,,arabian_sea_8n67e,8.0,67.0,1,MODERATE,1.9559775590896606,9.538272857666016
2020-09-15 12:00:00,8.5529157648,56.1,28.33,28.6,83.1,,arabian_sea_8n67e,8.0,67.0,1,MODERATE,1.9535319805145264,8.99100112915039
2020-09-16 12:00:00,8.747300214,71.5,27.71,28.39,81.9,,arabian_sea_8n67e,8.0,67.0,1,MODERATE,1.7650859355926514,9.447348594665527
2020-09-17 12:00:00,8.5529157648,84.8,27.42,28.39,82.7,,arabian_sea_8n67e,8.0,67.0,1,MODERATE,1.7658153772354126,8.876953125
2020-09-18 12:00:00,11.2742980536,77.4,28.43,28.44,81.1,,arabian_sea_8n67e,8.0,67.0,1,MODERATE,1.811887502670288,9.325722694396973
2020-09-19 12:00:00,13.8012958932,62.4,28.46,28.42,80.7,,arabian_sea_8n67e,8.0,67.0,1,MODERATE,2.1670608520507812,9.101346969604492
2020-09-20 12:00:00,15.550755936,64.1,28.58,28.44,80.3,,arabian_sea_8n67e,8.0,67.0,1,MODERATE,2.1285648345947266,7.699045181274414
2020-09-21 12:00:00,18.2721382248,65.2,28.28,28.38,80.7,,arabian_sea_8n67e,8.0,67.0,1,MODERATE,2.3023722171783447,7.285311698913574
2020-09-22 12:00:00,16.717062631199997,68.7,28.55,28.36,78.7,,arabian_sea_8n67e,8.0,67.0,1,MODERATE,2.144144058227539,7.455099105834961
2020-09-23 12:00:00,12.634989198,82.1,28.39,28.38,79.1,,arabian_sea_8n67e,8.0,67.0,1,MODERATE,2.0373098850250244,7.769926071166992
2020-09-24 12:00:00,9.5248380108,75.2,28.2,28.52,78.7,,arabian_sea_8n67e,8.0,67.0,1,MODERATE,1.7954163551330566,8.86064624786377
2020-09-25 12:00:00,7.775377968,84.5,28.06,28.68,78.7,,arabian_sea_8n67e,8.0,67.0,1,MODERATE,1.8232420682907104,10.18973159790039
2020-09-26 12:00:00,7.775377968,126.2,27.24,28.48,78.7,,arabian_sea_8n67e,8.0,67.0,1,MODERATE,1.6111050844192505,9.901634216308594
2020-09-27 12:00:00,8.5529157648,180.2,27.84,28.64,78.3,,arabian_sea_8n67e,8.0,67.0,0,LOW,1.4532198905944824,9.30951976776123
2020-09-28 12:00:00,6.414686823599999,188.8,27.94,28.75,75.1,,arabian_sea_8n67e,8.0,67.0,0,LOW,1.399271845817566,10.406087875366211
2020-09-29 12:00:00,4.85961123,155.7,27.77,28.96,73.9,,arabian_sea_8n67e,8.0,67.0,0,LOW,1.4193875789642334,10.923996925354004
2020-09-30 12:00:00,5.831533476,141.5,27.9,29.07,72.3,,arabian_sea_8n67e,8.0,67.0,0,LOW,1.27564537525177,9.912117004394531
2020-10-01 12:00:00,7.775377968,152.3,28.07,28.9,72.3,,arabian_sea_8n67e,8.0,67.0,0,LOW,1.2224626541137695,8.930813789367676
2020-10-02 12:00:00,6.6090712728,142.8,27.94,28.87,71.1,,arabian_sea_8n67e,8.0,67.0,0,LOW,1.0240662097930908,7.699170112609863
2020-10-03 12:00:00,4.85961123,82.3,27.99,29.04,70.3,,arabian_sea_8n67e,8.0,67.0,0,LOW,0.9298568964004517,7.986381530761719
2020-10-04 12:00:00,5.442764577599999,101.5,28.22,29.19,71.5,,arabian_sea_8n67e,8.0,67.0,0,LOW,0.8513091206550598,7.823175430297852
2020-10-05 12:00:00,8.1641468664,144.6,28.16,28.98,71.5,,arabian_sea_8n67e,8.0,67.0,0,LOW,0.8587687015533447,7.8941240310668945
2020-10-06 12:00:00,4.85961123,132.5,27.92,29.12,70.3,,arabian_sea_8n67e,8.0,67.0,0,LOW,0.8702248930931091,8.542232513427734
2020-10-07 12:00:00,5.2483801284,142.5,28.12,29.16,73.5,,arabian_sea_8n67e,8.0,67.0,0,LOW,0.9537276029586792,9.789985656738281
2020-10-08 12:00:00,3.887688984,163.5,28.62,29.5,74.7,,arabian_sea_8n67e,8.0,67.0,0,LOW,1.2154291868209839,10.851601600646973
2020-10-09 12:00:00,3.887688984,163.5,28.62,29.6,75.5,,arabian_sea_8n67e,8.0,67.0,0,LOW,1.3246512413024902,11.273850440979004
2020-10-10 12:00:00,5.2483801284,87.5,28.7,29.54,73.9,,arabian_sea_8n67e,8.0,67.0,0,LOW,1.3557406663894653,11.651606559753418
2020-10-11 12:00:00,12.2462202996,78.3,28.72,29.24,71.9,,arabian_sea_8n67e,8.0,67.0,0,LOW,1.4842379093170166,10.182119369506836
2020-10-12 12:00:00,15.550755936,81.8,28.63,29.0,72.3,,arabian_sea_8n67e,8.0,67.0,1,MODERATE,1.6530442237854004,7.02372932434082
2020-10-13 12:00:00,15.939524834399998,79.2,28.79,28.88,75.5,,arabian_sea_8n67e,8.0,67.0,1,MODERATE,1.6873834133148193,6.657251358032227
2020-10-14 12:00:00,16.717062631199997,92.8,28.19,28.82,77.9,,arabian_sea_8n67e,8.0,67.0,1,MODERATE,1.8034306764602661,6.191493034362793
2020-10-15 12:00:00,16.9114470804,104.7,28.57,28.77,72.3,,arabian_sea_8n67e,8.0,67.0,1,MODERATE,1.7708759307861328,6.177374839782715
2020-10-16 12:00:00,14.7732181392,105.9,28.43,28.67,73.1,,arabian_sea_8n67e,8.0,67.0,1,MODERATE,1.6828675270080566,6.154078483581543
2020-10-17 12:00:00,14.57883369,96.7,28.54,28.63,74.3,,arabian_sea_8n67e,8.0,67.0,1,MODERATE,1.6442904472351074,6.600939750671387
2020-10-18 12:00:00,12.2462202996,94.8,28.35,28.62,75.9,,arabian_sea_8n67e,8.0,67.0,1,MODERATE,1.56670343875885,6.887876510620117
2020-10-19 12:00:00,8.941684663199998,97.8,28.22,28.7,76.7,,arabian_sea_8n67e,8.0,67.0,1,MODERATE,1.5922598838806152,9.036360740661621
2020-10-20 12:00:00,6.2203023744,103.5,28.16,28.77,74.7,,arabian_sea_8n67e,8.0,67.0,1,MODERATE,1.5673840045928955,10.356029510498047
2020-10-21 12:00:00,5.2483801284,122.5,28.28,29.07,73.9,,arabian_sea_8n67e,8.0,67.0,0,LOW,1.3486652374267578,9.65935230255127
2020-10-22 12:00:00,8.5529157648,106.8,28.05,28.91,74.3,,arabian_sea_8n67e,8.0,67.0,0,LOW,1.2198679447174072,9.1055326461792
2020-10-23 12:00:00,9.71922246,92.3,28.28,28.88,72.7,,arabian_sea_8n67e,8.0,67.0,0,LOW,1.1862688064575195,8.082404136657715
2020-10-24 12:00:00,6.803455722,101.5,27.92,28.92,77.5,,arabian_sea_8n67e,8.0,67.0,0,LOW,1.0437313318252563,7.926194190979004
2020-10-25 12:00:00,6.414686823599999,76.2,27.25,28.79,81.1,,arabian_sea_8n67e,8.0,67.0,0,LOW,1.2294061183929443,7.611422538757324
2020-10-26 12:00:00,5.2483801284,111.9,28.42,29.15,75.9,,arabian_sea_8n67e,8.0,67.0,0,LOW,1.1110491752624512,7.850969314575195
2020-10-27 12:00:00,5.831533476,123.5,28.42,29.22,76.7,,arabian_sea_8n67e,8.0,67.0,0,LOW,1.1022448539733887,8.568734169006348
2020-10-28 12:00:00,7.5809935188,123.8,28.27,29.09,76.3,,arabian_sea_8n67e,8.0,67.0,0,LOW,1.1597990989685059,10.702202796936035
2020-10-29 12:00:00,7.775377968,126.2,28.24,29.2,76.7,,arabian_sea_8n67e,8.0,67.0,1,MODERATE,1.5322233438491821,13.093732833862305
2020-10-30 12:00:00,8.1641468664,157.3,28.63,29.19,74.7,,arabian_sea_8n67e,8.0,67.0,1,MODERATE,1.5446488857269287,11.002998352050781
2020-10-31 12:00:00,7.3866090696,171.2,28.54,29.27,75.1,,arabian_sea_8n67e,8.0,67.0,0,LOW,1.3179306983947754,10.626368522644043
2020-11-01 12:00:00,4.665226780799999,160.8,28.7,29.52,73.1,,arabian_sea_8n67e,8.0,67.0,0,LOW,1.1745362281799316,10.442255973815918
2020-11-02 12:00:00,10.3023758076,205.1,28.8,29.32,75.5,,arabian_sea_8n67e,8.0,67.0,0,LOW,1.2276620864868164,9.197781562805176
2020-11-03 12:00:00,10.8855291552,218.1,28.83,29.27,70.3,,arabian_sea_8n67e,8.0,67.0,1,MODERATE,1.9891231060028076,10.485989570617676
2020-11-04 12:00:00,8.941684663199998,204.1,28.57,29.29,72.3,,arabian_sea_8n67e,8.0,67.0,1,MODERATE,1.57247793674469,9.633344650268555
2020-11-05 12:00:00,6.6090712728,204.1,28.6,29.41,72.3,,arabian_sea_8n67e,8.0,67.0,0,LOW,1.224135398864746,9.114971160888672
2020-11-06 12:00:00,6.6090712728,217.3,28.67,29.29,74.3,,arabian_sea_8n67e,8.0,67.0,0,LOW,1.0782971382141113,8.938216209411621
2020-11-07 12:00:00,7.3866090696,233.8,28.67,29.37,78.7,,arabian_sea_8n67e,8.0,67.0,0,LOW,1.092680811882019,9.425981521606445
2020-11-08 12:00:00,9.5248380108,295.1,27.91,,80.3,,arabian_sea_8n67e,8.0,67.0,1,MODERATE,1.5288865566253662,9.168083190917969
2020-11-09 12:00:00,2.3326133903999997,163.5,28.79,29.48,74.3,,arabian_sea_8n67e,8.0,67.0,0,LOW,1.3613755702972412,10.353452682495117
2020-11-10 12:00:00,5.831533476,204.1,27.98,29.21,79.9,,arabian_sea_8n67e,8.0,67.0,0,LOW,1.2161089181900024,9.702472686767578
2020-11-11 12:00:00,11.2742980536,214.0,28.79,29.19,67.5,,arabian_sea_8n67e,8.0,67.0,0,LOW,1.263256549835205,7.247652053833008
2020-11-12 12:00:00,9.71922246,212.5,28.59,,65.2,,arabian_sea_8n67e,8.0,67.0,0,LOW,1.0788743495941162,7.045144081115723
2020-11-13 12:00:00,9.1360691124,198.3,28.43,29.08,66.0,,arabian_sea_8n67e,8.0,67.0,0,LOW,1.0337023735046387,7.558199882507324
2020-11-14 12:00:00,6.2203023744,181.3,28.32,29.14,76.3,,arabian_sea_8n67e,8.0,67.0,0,LOW,1.083903431892395,8.032095909118652
2020-11-15 12:00:00,10.1079913584,203.1,28.13,29.04,81.9,,arabian_sea_8n67e,8.0,67.0,0,LOW,1.0146963596343994,6.750425338745117
2020-11-16 12:00:00,1.7494600428,222.5,27.96,29.03,79.5,,arabian_sea_8n67e,8.0,67.0,0,LOW,0.9909675717353821,7.254111289978027
2020-11-17 12:00:00,5.2483801284,97.0,27.08,28.96,83.5,,arabian_sea_8n67e,8.0,67.0,0,LOW,1.0983960628509521,7.061917304992676
2020-11-18 12:00:00,5.2483801284,7.0,27.46,28.72,80.7,,arabian_sea_8n67e,8.0,67.0,0,LOW,1.2760467529296875,7.401182174682617
2020-11-19 12:00:00,2.7213822887999997,320.6,27.4,28.94,81.1,,arabian_sea_8n67e,8.0,67.0,0,LOW,1.3628013134002686,8.381723403930664
2020-11-20 12:00:00,8.747300214,335.7,27.51,,83.9,,arabian_sea_8n67e,8.0,67.0,1,MODERATE,1.5631788969039917,8.928726196289062
2020-11-21 12:00:00,9.9136069092,13.8,28.12,,81.1,,arabian_sea_8n67e,8.0,67.0,1,MODERATE,1.5396208763122559,7.910714149475098
2020-11-22 12:00:00,2.1382289412,323.8,27.77,,81.1,,arabian_sea_8n67e,8.0,67.0,0,LOW,1.2052133083343506,8.083864212036133
2020-11-23 12:00:00,5.831533476,213.5,28.33,,72.3,,arabian_sea_8n67e,8.0,67.0,0,LOW,1.0074851512908936,7.549054145812988
2020-11-24 12:00:00,7.969762417199999,198.8,28.4,,68.3,,arabian_sea_8n67e,8.0,67.0,0,LOW,0.950092613697052,7.268118858337402
2020-11-25 12:00:00,5.2483801284,243.1,28.55,,72.3,,arabian_sea_8n67e,8.0,67.0,0,LOW,0.9909602999687195,7.51693058013916
2020-11-26 12:00:00,8.358531315599999,224.5,28.23,,71.5,,arabian_sea_8n67e,8.0,67.0,0,LOW,0.9373186230659485,7.5565080642700195
2020-11-27 12:00:00,11.2742980536,219.6,28.64,,69.9,,arabian_sea_8n67e,8.0,67.0,0,LOW,1.086114525794983,6.876114845275879
2020-11-28 12:00:00,7.3866090696,229.3,28.57,29.11,71.1,,arabian_sea_8n67e,8.0,67.0,0,LOW,1.1162641048431396,7.277864456176758
2020-11-29 12:00:00,7.969762417199999,246.2,28.67,29.21,71.9,,arabian_sea_8n67e,8.0,67.0,0,LOW,1.3666824102401733,8.267851829528809
2020-11-30 12:00:00,7.969762417199999,252.8,28.6,29.18,72.3,,arabian_sea_8n67e,8.0,67.0,0,LOW,1.3089373111724854,8.365131378173828
2020-12-01 12:00:00,7.5809935188,206.9,28.59,,73.5,,arabian_sea_8n67e,8.0,67.0,0,LOW,1.101170539855957,8.46851634979248
2020-12-02 12:00:00,8.941684663199998,195.9,28.72,29.24,77.1,,arabian_sea_8n67e,8.0,67.0,0,LOW,1.1538069248199463,8.691777229309082
2020-12-03 12:00:00,10.691144706,181.7,28.73,29.17,74.3,,arabian_sea_8n67e,8.0,67.0,0,LOW,1.222050428390503,7.055699348449707
2020-12-04 12:00:00,9.71922246,170.4,28.54,29.17,72.7,,arabian_sea_8n67e,8.0,67.0,0,LOW,1.282102346420288,7.4410858154296875
2020-12-05 12:00:00,11.0799136044,177.5,28.44,,71.1,,arabian_sea_8n67e,8.0,67.0,0,LOW,1.0544209480285645,6.507475852966309
2020-12-06 12:00:00,13.2181425456,174.1,28.14,,77.9,,arabian_sea_8n67e,8.0,67.0,0,LOW,1.2197058200836182,5.828951835632324
2020-12-07 12:00:00,10.8855291552,205.9,27.82,28.96,81.9,,arabian_sea_8n67e,8.0,67.0,0,LOW,1.2511032819747925,5.914905548095703
2020-12-08 12:00:00,8.941684663199998,187.8,27.98,28.96,81.5,,arabian_sea_8n67e,8.0,67.0,0,LOW,1.152338981628418,6.168820381164551
2020-12-09 12:00:00,8.5529157648,38.7,27.89,29.0,81.5,,arabian_sea_8n67e,8.0,67.0,0,LOW,1.1938724517822266,7.894994735717773
2020-12-10 12:00:00,11.8574514012,34.4,28.14,28.94,81.1,,arabian_sea_8n67e,8.0,67.0,0,LOW,1.4701460599899292,7.460878372192383
2020-12-11 12:00:00,14.3844492408,30.3,28.41,28.9,77.1,,arabian_sea_8n67e,8.0,67.0,1,MODERATE,1.6449055671691895,6.597133636474609
2020-12-12 12:00:00,12.634989198,23.3,28.67,28.9,76.3,,arabian_sea_8n67e,8.0,67.0,1,MODERATE,1.7301840782165527,6.712350845336914
2020-12-13 12:00:00,13.606911444,48.3,28.22,28.86,78.7,,arabian_sea_8n67e,8.0,67.0,1,MODERATE,1.7110275030136108,7.8247880935668945
2020-12-14 12:00:00,6.803455722,57.8,28.05,,82.3,,arabian_sea_8n67e,8.0,67.0,1,MODERATE,1.7067954540252686,8.534585952758789
2020-12-15 12:00:00,8.1641468664,304.4,28.37,,78.3,,arabian_sea_8n67e,8.0,67.0,1,MODERATE,1.582519292831421,9.011016845703125
2020-12-16 12:00:00,9.3304535616,262.5,28.63,28.97,73.9,,arabian_sea_8n67e,8.0,67.0,0,LOW,1.3603322505950928,7.891324043273926
2020-12-17 12:00:00,6.803455722,220.0,28.21,29.1,73.5,,arabian_sea_8n67e,8.0,67.0,0,LOW,1.2211930751800537,7.906416893005371
2020-12-18 12:00:00,9.1360691124,235.2,28.27,28.99,76.7,,arabian_sea_8n67e,8.0,67.0,0,LOW,1.2533689737319946,7.385087013244629
2020-12-19 12:00:00,10.3023758076,244.9,28.71,29.0,77.1,,arabian_sea_8n67e,8.0,67.0,0,LOW,1.16400945186615,6.856118202209473
2020-12-20 12:00:00,13.2181425456,231.0,28.45,28.96,78.7,,arabian_sea_8n67e,8.0,67.0,0,LOW,1.2473247051239014,5.9173784255981445
2020-12-21 12:00:00,11.2742980536,216.8,28.55,,68.7,,arabian_sea_8n67e,8.0,67.0,0,LOW,1.260462760925293,5.97080135345459
2020-12-22 12:00:00,5.442764577599999,228.8,27.78,,75.5,,arabian_sea_8n67e,8.0,67.0,0,LOW,1.1905155181884766,7.455653190612793
2020-12-23 12:00:00,6.9978401712,198.1,27.02,,81.1,,arabian_sea_8n67e,8.0,67.0,0,LOW,1.2091130018234253,8.377591133117676
2020-12-24 12:00:00,7.775377968,202.7,28.08,,78.7,,arabian_sea_8n67e,8.0,67.0,0,LOW,1.374971628189087,7.643789291381836
2020-12-25 12:00:00,4.2764578824,69.1,27.49,,81.9,,arabian_sea_8n67e,8.0,67.0,0,LOW,1.2987735271453857,7.694479942321777
2024-08-11 12:00:00,10.8855291552,128.1,28.92,29.36,80.0,,arabian_sea_8n67e,8.0,67.0,0,LOW,1.4397557973861694,8.395763397216797
2024-08-12 12:00:00,13.0237580964,116.4,28.97,29.32,78.3,,arabian_sea_8n67e,8.0,67.0,1,MODERATE,1.6569828987121582,8.843125343322754
2024-08-13 12:00:00,13.4125269948,123.0,28.86,29.18,77.5,,arabian_sea_8n67e,8.0,67.0,1,MODERATE,1.903210163116455,8.468002319335938
2024-08-14 12:00:00,15.7451403852,122.4,28.76,29.13,81.2,,arabian_sea_8n67e,8.0,67.0,1,MODERATE,2.1318182945251465,8.368815422058105
2024-08-15 12:00:00,17.1058315296,111.7,28.89,29.06,79.2,,arabian_sea_8n67e,8.0,67.0,1,MODERATE,2.2969839572906494,7.956304550170898
2024-08-16 12:00:00,19.0496760216,99.3,29.03,29.0,77.1,,arabian_sea_8n67e,8.0,67.0,1,MODERATE,2.1578478813171387,7.316163063049316
2024-08-17 12:00:00,17.883369326399997,101.2,28.91,28.99,78.3,,arabian_sea_8n67e,8.0,67.0,1,MODERATE,2.292508125305176,7.73929500579834
2024-08-18 12:00:00,14.9676025884,108.8,28.79,28.91,79.2,,arabian_sea_8n67e,8.0,67.0,1,MODERATE,2.273104429244995,8.029179573059082
2024-08-19 12:00:00,15.7451403852,117.2,28.55,28.94,80.4,,arabian_sea_8n67e,8.0,67.0,1,MODERATE,2.233520030975342,8.619682312011719
2024-08-20 12:00:00,16.3282937328,105.5,28.34,28.8,80.4,,arabian_sea_8n67e,8.0,67.0,1,MODERATE,2.4088075160980225,8.512850761413574
2024-08-21 12:00:00,15.550755936,116.0,27.54,28.69,83.7,,arabian_sea_8n67e,8.0,67.0,1,MODERATE,2.4038026332855225,9.328075408935547
2024-08-22 12:00:00,10.1079913584,118.1,28.46,28.61,82.1,,arabian_sea_8n67e,8.0,67.0,1,MODERATE,2.182999610900879,9.263872146606445
2024-08-23 12:00:00,9.71922246,114.1,28.41,28.5,76.7,,arabian_sea_8n67e,8.0,67.0,1,MODERATE,1.9120917320251465,8.912158012390137
2024-08-24 12:00:00,6.9978401712,94.2,28.38,28.79,77.1,,arabian_sea_8n67e,8.0,67.0,1,MODERATE,1.7559497356414795,9.268193244934082
2024-08-25 12:00:00,8.1641468664,54.6,28.49,28.68,78.3,,arabian_sea_8n67e,8.0,67.0,1,MODERATE,1.5633866786956787,8.782326698303223
2024-08-26 12:00:00,9.9136069092,37.6,28.66,28.61,81.2,,arabian_sea_8n67e,8.0,67.0,1,MODERATE,1.5248470306396484,8.258917808532715
2024-08-27 12:00:00,9.71922246,35.8,28.47,28.8,82.1,,arabian_sea_8n67e,8.0,67.0,1,MODERATE,1.7059540748596191,9.892751693725586
2024-08-28 12:00:00,10.3023758076,44.0,29.13,29.16,83.7,,arabian_sea_8n67e,8.0,67.0,1,MODERATE,1.9267401695251465,10.021820068359375
2024-08-29 12:00:00,11.2742980536,48.2,29.1,29.16,82.9,,arabian_sea_8n67e,8.0,67.0,1,MODERATE,1.780038833618164,8.243233680725098
2024-08-30 12:00:00,9.9136069092,50.6,28.67,29.24,83.7,,arabian_sea_8n67e,8.0,67.0,1,MODERATE,1.9783687591552734,9.074954986572266
2024-08-31 12:00:00,8.1641468664,60.9,28.2,29.19,85.0,,arabian_sea_8n67e,8.0,67.0,1,MODERATE,2.0430872440338135,9.703913688659668
2024-09-01 12:00:00,9.9136069092,89.8,28.46,29.07,83.3,,arabian_sea_8n67e,8.0,67.0,1,MODERATE,2.0822739601135254,9.568434715270996
2024-09-02 12:00:00,11.4686825028,85.5,28.8,29.13,81.2,,arabian_sea_8n67e,8.0,67.0,1,MODERATE,2.096308946609497,8.823037147521973
2024-09-03 12:00:00,13.2181425456,84.1,28.87,29.12,80.4,,arabian_sea_8n67e,8.0,67.0,1,MODERATE,2.05709171295166,8.76328182220459
2024-09-04 12:00:00,11.0799136044,93.6,28.83,29.21,80.8,,arabian_sea_8n67e,8.0,67.0,1,MODERATE,2.0310513973236084,8.58242130279541
2024-09-05 12:00:00,9.71922246,101.5,28.91,29.26,79.6,,arabian_sea_8n67e,8.0,67.0,1,MODERATE,1.7631133794784546,8.757530212402344
2024-09-06 12:00:00,9.5248380108,85.1,28.93,29.21,77.5,,arabian_sea_8n67e,8.0,67.0,1,MODERATE,1.777114748954773,8.954699516296387
2024-09-07 12:00:00,9.5248380108,57.8,28.97,29.26,78.8,,arabian_sea_8n67e,8.0,67.0,1,MODERATE,1.7165826559066772,8.64996337890625
2024-09-08 12:00:00,11.2742980536,58.2,29.16,29.18,81.7,,arabian_sea_8n67e,8.0,67.0,1,MODERATE,1.860584020614624,8.962493896484375
2024-09-09 12:00:00,11.0799136044,73.0,28.69,29.13,83.7,,arabian_sea_8n67e,8.0,67.0,1,MODERATE,1.7576123476028442,8.244335174560547
2024-09-10 12:00:00,12.634989198,78.6,28.69,29.09,82.5,,arabian_sea_8n67e,8.0,67.0,1,MODERATE,1.7443578243255615,7.48057746887207
2024-09-11 12:00:00,10.691144706,85.4,28.4,29.07,83.3,,arabian_sea_8n67e,8.0,67.0,1,MODERATE,1.60872483253479,7.328483581542969
2024-09-12 12:00:00,7.1922246204,71.1,28.99,29.38,80.8,,arabian_sea_8n67e,8.0,67.0,0,LOW,1.4669193029403687,7.985568046569824
2024-09-13 12:00:00,6.414686823599999,69.1,28.84,29.63,80.4,,arabian_sea_8n67e,8.0,67.0,0,LOW,1.3961474895477295,8.169750213623047
2024-09-14 12:00:00,6.2203023744,64.3,28.99,29.73,79.2,,arabian_sea_8n67e,8.0,67.0,0,LOW,1.275695562362671,8.160772323608398
2024-09-15 12:00:00,6.803455722,73.5,28.99,29.74,78.3,,arabian_sea_8n67e,8.0,67.0,0,LOW,1.3119053840637207,8.742413520812988
2024-09-16 12:00:00,8.1641468664,98.8,28.54,29.74,80.8,,arabian_sea_8n67e,8.0,67.0,0,LOW,1.4721157550811768,8.95390796661377
2024-09-17 12:00:00,10.3023758076,145.0,28.79,29.61,76.3,,arabian_sea_8n67e,8.0,67.0,1,MODERATE,1.5640860795974731,9.045235633850098
2024-09-18 12:00:00,11.2742980536,138.2,28.52,29.5,76.7,,arabian_sea_8n67e,8.0,67.0,1,MODERATE,1.6414761543273926,8.014532089233398
2024-09-19 12:00:00,4.85961123,139.6,27.79,29.63,80.8,,arabian_sea_8n67e,8.0,67.0,1,MODERATE,1.5177371501922607,8.646251678466797
2024-09-20 12:00:00,4.2764578824,153.5,27.96,29.91,79.2,,arabian_sea_8n67e,8.0,67.0,0,LOW,1.3995983600616455,8.700852394104004
2024-09-21 12:00:00,6.414686823599999,142.8,28.53,29.85,75.9,,arabian_sea_8n67e,8.0,67.0,0,LOW,1.346091389656067,8.846909523010254
2024-09-22 12:00:00,8.941684663199998,145.2,28.72,29.82,75.9,,arabian_sea_8n67e,8.0,67.0,0,LOW,1.27329683303833,7.949885368347168
2024-09-23 12:00:00,9.3304535616,123.9,28.74,29.93,75.4,,arabian_sea_8n67e,8.0,67.0,0,LOW,1.2341904640197754,8.280689239501953
2024-09-24 12:00:00,14.1900647916,119.0,28.44,29.8,78.3,,arabian_sea_8n67e,8.0,67.0,1,MODERATE,1.769948959350586,7.889432907104492
2024-09-25 12:00:00,14.1900647916,111.9,29.13,29.77,76.7,,arabian_sea_8n67e,8.0,67.0,1,MODERATE,1.8374052047729492,7.339885711669922
2024-09-26 12:00:00,12.634989198,102.0,29.21,29.79,77.1,,arabian_sea_8n67e,8.0,67.0,1,MODERATE,1.6485447883605957,7.428580284118652
2024-09-27 12:00:00,10.1079913584,105.9,29.09,29.75,77.9,,arabian_sea_8n67e,8.0,67.0,1,MODERATE,1.6458711624145508,8.179632186889648
2024-09-28 12:00:00,4.85961123,132.5,29.18,29.98,74.2,,arabian_sea_8n67e,8.0,67.0,1,MODERATE,1.8358488082885742,10.86037826538086
2024-09-29 12:00:00,10.1079913584,186.6,29.04,29.86,75.4,,arabian_sea_8n67e,8.0,67.0,1,MODERATE,1.7552566528320312,10.394646644592285
2024-09-30 12:00:00,11.8574514012,181.3,29.01,29.79,78.3,,arabian_sea_8n67e,8.0,67.0,1,MODERATE,1.6357002258300781,8.524456977844238
2024-10-01 12:00:00,9.9136069092,182.1,28.87,29.71,78.8,,arabian_sea_8n67e,8.0,67.0,0,LOW,1.4306700229644775,8.577600479125977
2024-10-02 12:00:00,6.6090712728,147.8,27.5,29.64,81.7,,arabian_sea_8n67e,8.0,67.0,0,LOW,1.3298828601837158,9.237578392028809
2024-10-03 12:00:00,6.803455722,120.2,28.76,29.76,78.3,,arabian_sea_8n67e,8.0,67.0,0,LOW,1.121368408203125,9.061670303344727
2024-10-04 12:00:00,6.6090712728,91.1,28.89,29.84,79.2,,arabian_sea_8n67e,8.0,67.0,0,LOW,1.167698860168457,8.872437477111816
2024-10-05 12:00:00,11.0799136044,91.6,27.65,29.69,85.4,,arabian_sea_8n67e,8.0,67.0,0,LOW,1.118943691253662,7.228646278381348
2024-10-06 12:00:00,19.6328293692,98.8,27.55,29.45,84.1,,arabian_sea_8n67e,8.0,67.0,1,MODERATE,2.1729369163513184,6.26359748840332
2024-10-07 12:00:00,15.939524834399998,116.5,27.2,29.32,86.2,,arabian_sea_8n67e,8.0,67.0,1,MODERATE,1.770695447921753,6.072596549987793
2024-10-08 12:00:00,12.634989198,126.2,27.86,29.25,80.4,,arabian_sea_8n67e,8.0,67.0,1,MODERATE,1.523742437362671,6.619083404541016
2024-10-09 12:00:00,14.3844492408,98.5,27.32,29.13,85.4,,arabian_sea_8n67e,8.0,67.0,1,MODERATE,1.6679351329803467,6.573952674865723
2024-10-10 12:00:00,18.0777537756,102.4,28.55,29.13,80.4,,arabian_sea_8n67e,8.0,67.0,1,MODERATE,2.344686508178711,7.700031280517578
2024-10-11 12:00:00,17.6889848772,104.0,28.74,29.07,76.7,,arabian_sea_8n67e,8.0,67.0,1,MODERATE,2.324289083480835,7.951050758361816
2024-10-12 12:00:00,16.3282937328,105.5,28.59,29.02,77.9,,arabian_sea_8n67e,8.0,67.0,1,MODERATE,2.227729558944702,7.450151443481445
2024-10-13 12:00:00,13.4125269948,92.5,28.0,28.98,80.4,,arabian_sea_8n67e,8.0,67.0,1,MODERATE,2.055553674697876,7.231389045715332
2024-10-14 12:00:00,10.3023758076,96.2,28.49,29.02,77.9,,arabian_sea_8n67e,8.0,67.0,1,MODERATE,1.8337597846984863,8.282822608947754
2024-10-15 12:00:00,8.941684663199998,100.3,28.28,29.08,77.9,,arabian_sea_8n67e,8.0,67.0,1,MODERATE,2.0135369300842285,11.526710510253906
2024-10-16 12:00:00,7.969762417199999,111.5,28.41,29.14,77.9,,arabian_sea_8n67e,8.0,67.0,1,MODERATE,2.2170045375823975,12.51801872253418
2024-10-17 12:00:00,9.71922246,101.5,28.33,29.07,77.1,,arabian_sea_8n67e,8.0,67.0,1,MODERATE,1.8917961120605469,10.990266799926758
2024-10-18 12:00:00,12.634989198,89.3,28.05,29.01,81.7,,arabian_sea_8n67e,8.0,67.0,1,MODERATE,1.7043575048446655,7.6388349533081055
2024-10-19 12:00:00,12.0518358504,100.6,28.4,29.0,81.7,,arabian_sea_8n67e,8.0,67.0,1,MODERATE,1.5596649646759033,7.584650039672852
2024-10-20 12:00:00,9.5248380108,82.7,28.58,29.07,80.4,,arabian_sea_8n67e,8.0,67.0,0,LOW,1.4668692350387573,9.167119026184082
2024-10-21 12:00:00,9.71922246,78.0,28.36,29.07,80.4,,arabian_sea_8n67e,8.0,67.0,1,MODERATE,1.5967063903808594,10.915909767150879
2024-10-22 12:00:00,8.1641468664,110.3,27.46,28.94,85.4,,arabian_sea_8n67e,8.0,67.0,0,LOW,1.3565115928649902,9.594045639038086
2024-10-23 12:00:00,7.969762417199999,118.0,27.23,28.98,87.5,,arabian_sea_8n67e,8.0,67.0,0,LOW,1.259209394454956,8.402068138122559
2024-10-24 12:00:00,6.2203023744,50.6,28.41,29.26,83.3,,arabian_sea_8n67e,8.0,67.0,0,LOW,1.0760338306427002,8.04405403137207
2024-10-25 12:00:00,5.6371490267999995,24.1,28.63,29.56,82.1,,arabian_sea_8n67e,8.0,67.0,0,LOW,1.118375301361084,7.710450172424316
2024-10-26 12:00:00,5.831533476,66.5,28.46,29.51,82.9,,arabian_sea_8n67e,8.0,67.0,0,LOW,1.0575217008590698,7.53073787689209
2024-10-27 12:00:00,7.969762417199999,72.8,27.83,29.48,85.0,,arabian_sea_8n67e,8.0,67.0,0,LOW,1.0560328960418701,8.378963470458984
2024-10-28 12:00:00,8.358531315599999,84.8,27.28,29.32,87.5,,arabian_sea_8n67e,8.0,67.0,0,LOW,1.1981396675109863,8.219972610473633
2024-10-29 12:00:00,4.2764578824,98.8,27.66,29.25,84.1,,arabian_sea_8n67e,8.0,67.0,0,LOW,1.2648913860321045,9.151501655578613
2024-10-30 12:00:00,0.971922246,42.5,29.16,29.62,76.7,,arabian_sea_8n67e,8.0,67.0,0,LOW,1.1804076433181763,9.508420944213867
2024-10-31 12:00:00,4.85961123,17.5,28.98,29.68,79.2,,arabian_sea_8n67e,8.0,67.0,0,LOW,1.0601837635040283,9.144299507141113
2024-11-01 12:00:00,3.6933045348,101.5,28.82,29.96,80.4,,arabian_sea_8n67e,8.0,67.0,0,LOW,0.9353627562522888,8.572240829467773
2024-11-02 12:00:00,5.0539956792,142.5,28.95,29.85,78.8,,arabian_sea_8n67e,8.0,67.0,0,LOW,0.8921476602554321,8.631175994873047
2024-11-03 12:00:00,4.85961123,146.5,29.16,29.89,76.3,,arabian_sea_8n67e,8.0,67.0,0,LOW,0.8261628746986389,8.034557342529297
2024-11-04 12:00:00,6.0259179252,129.8,28.45,29.82,76.7,,arabian_sea_8n67e,8.0,67.0,0,LOW,0.827262282371521,7.7983551025390625
2024-11-05 12:00:00,4.0820734332,55.5,28.83,29.95,74.2,,arabian_sea_8n67e,8.0,67.0,0,LOW,0.8554945588111877,8.1185302734375
2024-11-06 12:00:00,2.1382289412,132.5,29.13,30.24,73.4,,arabian_sea_8n67e,8.0,67.0,0,LOW,0.9136828780174255,7.848148345947266
2024-11-07 12:00:00,5.0539956792,243.1,29.24,30.18,75.4,,arabian_sea_8n67e,8.0,67.0,0,LOW,0.7875284552574158,7.622261047363281
2024-11-08 12:00:00,3.4989200856,217.3,29.33,30.27,71.3,,arabian_sea_8n67e,8.0,67.0,0,LOW,0.7747688293457031,7.9449462890625
2024-11-09 12:00:00,1.5550755936,312.5,28.85,30.02,73.4,,arabian_sea_8n67e,8.0,67.0,0,LOW,0.8268528580665588,8.03594970703125
2024-11-10 12:00:00,1.3606911443999998,294.1,28.37,29.87,77.5,,arabian_sea_8n67e,8.0,67.0,0,LOW,1.0376099348068237,8.799718856811523
2024-11-11 12:00:00,5.0539956792,168.0,29.09,30.01,73.4,,arabian_sea_8n67e,8.0,67.0,0,LOW,1.048706293106079,8.779923439025879
2024-11-12 12:00:00,5.2483801284,195.9,29.03,30.05,73.8,,arabian_sea_8n67e,8.0,67.0,0,LOW,1.034252643585205,8.708144187927246
2024-11-13 12:00:00,6.6090712728,207.2,29.25,30.15,68.8,,arabian_sea_8n67e,8.0,67.0,0,LOW,1.0798931121826172,9.9602632522583
2024-11-14 12:00:00,2.3326133903999997,214.4,28.98,30.41,68.0,,arabian_sea_8n67e,8.0,67.0,0,LOW,1.037326455116272,9.468677520751953
2024-11-15 12:00:00,2.1382289412,204.1,29.14,30.39,70.1,,arabian_sea_8n67e,8.0,67.0,0,LOW,1.0362532138824463,9.155906677246094
2024-11-16 12:00:00,2.1382289412,150.9,29.08,30.42,75.4,,arabian_sea_8n67e,8.0,67.0,0,LOW,1.032989740371704,8.768887519836426
2024-11-17 12:00:00,4.665226780799999,211.2,28.35,30.04,79.2,,arabian_sea_8n67e,8.0,67.0,0,LOW,0.9798615574836731,9.29452133178711
2024-11-18 12:00:00,3.1101511872,294.1,28.6,30.13,79.2,,arabian_sea_8n67e,8.0,67.0,0,LOW,1.0779953002929688,8.906749725341797
2024-11-19 12:00:00,3.3045356364,154.3,27.92,29.76,79.6,,arabian_sea_8n67e,8.0,67.0,0,LOW,1.0861225128173828,10.154974937438965
2024-11-20 12:00:00,1.3606911443999998,204.1,28.0,29.78,81.2,,arabian_sea_8n67e,8.0,67.0,0,LOW,1.2446420192718506,9.703198432922363
2024-11-21 12:00:00,6.803455722,210.2,28.93,29.87,79.6,,arabian_sea_8n67e,8.0,67.0,0,LOW,1.3088430166244507,8.739376068115234
2024-11-22 12:00:00,4.665226780799999,272.7,28.36,29.87,80.4,,arabian_sea_8n67e,8.0,67.0,0,LOW,1.2430641651153564,8.492193222045898
2024-11-23 12:00:00,4.2764578824,230.6,28.84,30.1,78.8,,arabian_sea_8n67e,8.0,67.0,0,LOW,0.9931507110595703,8.233781814575195
2024-11-24 12:00:00,4.2764578824,256.2,28.69,30.17,79.6,,arabian_sea_8n67e,8.0,67.0,0,LOW,0.988334596157074,7.4606828689575195
2024-11-25 12:00:00,11.4686825028,221.1,29.18,29.97,75.0,,arabian_sea_8n67e,8.0,67.0,0,LOW,1.111588478088379,6.899533271789551
2024-11-26 12:00:00,10.3023758076,200.1,28.84,29.87,67.2,,arabian_sea_8n67e,8.0,67.0,0,LOW,1.008695363998413,6.311587333679199
2024-11-27 12:00:00,8.1641468664,186.0,29.02,29.83,61.4,,arabian_sea_8n67e,8.0,67.0,0,LOW,1.0011405944824219,7.3554887771606445
2024-11-28 12:00:00,8.1641468664,171.8,29.0,29.72,65.1,,arabian_sea_8n67e,8.0,67.0,0,LOW,0.9975306391716003,6.764252662658691
2024-11-29 12:00:00,10.691144706,162.4,28.92,29.63,67.2,,arabian_sea_8n67e,8.0,67.0,0,LOW,1.1320312023162842,6.348336219787598
2024-11-30 12:00:00,7.3866090696,155.1,28.52,29.53,65.1,,arabian_sea_8n67e,8.0,67.0,0,LOW,1.0687170028686523,6.828957557678223
2024-12-01 12:00:00,9.1360691124,143.1,28.56,29.43,68.0,,arabian_sea_8n67e,8.0,67.0,0,LOW,1.1909353733062744,8.724892616271973
2024-12-02 12:00:00,10.691144706,146.2,28.5,29.34,66.7,,arabian_sea_8n67e,8.0,67.0,0,LOW,1.370104432106018,7.92100715637207
2024-12-03 12:00:00,11.4686825028,155.3,28.48,29.27,63.8,,arabian_sea_8n67e,8.0,67.0,0,LOW,1.2486557960510254,7.223711013793945
2024-12-04 12:00:00,8.5529157648,128.7,28.42,29.23,64.3,,arabian_sea_8n67e,8.0,67.0,0,LOW,1.0327434539794922,7.003960609436035
2024-12-05 12:00:00,5.6371490267999995,70.4,28.54,29.31,73.0,,arabian_sea_8n67e,8.0,67.0,0,LOW,1.1051058769226074,6.970163345336914
2024-12-06 12:00:00,1.3606911443999998,150.9,28.85,29.5,70.5,,arabian_sea_8n67e,8.0,67.0,0,LOW,0.976388692855835,7.607807159423828
2024-12-07 12:00:00,6.9978401712,217.7,28.71,29.28,73.8,,arabian_sea_8n67e,8.0,67.0,0,LOW,0.8807002305984497,7.648578643798828
2024-12-08 12:00:00,7.1922246204,240.9,28.74,29.37,72.5,,arabian_sea_8n67e,8.0,67.0,0,LOW,0.8822155594825745,7.465856552124023
2024-12-09 12:00:00,8.1641468664,240.9,28.87,29.37,74.2,,arabian_sea_8n67e,8.0,67.0,0,LOW,1.0229084491729736,7.506344795227051
2024-12-10 12:00:00,4.85961123,236.5,28.56,29.32,77.5,,arabian_sea_8n67e,8.0,67.0,0,LOW,1.2732787132263184,9.869763374328613
2024-12-11 12:00:00,12.0518358504,196.5,27.85,29.23,82.9,,arabian_sea_8n67e,8.0,67.0,1,MODERATE,1.567051649093628,8.518399238586426
2024-12-12 12:00:00,12.634989198,207.2,28.89,29.24,78.3,,arabian_sea_8n67e,8.0,67.0,0,LOW,1.4513194561004639,7.348764419555664
2024-12-13 12:00:00,12.0518358504,213.2,29.01,29.25,78.3,,arabian_sea_8n67e,8.0,67.0,0,LOW,1.417191982269287,7.917963027954102
2024-12-14 12:00:00,8.747300214,195.9,28.44,29.19,83.3,,arabian_sea_8n67e,8.0,67.0,0,LOW,1.4517273902893066,7.649816513061523
2024-12-15 12:00:00,12.2462202996,184.8,28.15,29.19,85.0,,arabian_sea_8n67e,8.0,67.0,0,LOW,1.2939984798431396,7.672091484069824
2024-12-16 12:00:00,12.2462202996,250.8,28.35,29.24,84.1,,arabian_sea_8n67e,8.0,67.0,1,MODERATE,1.6061832904815674,7.755671501159668
2024-12-17 12:00:00,13.606911444,223.7,28.08,29.17,81.2,,arabian_sea_8n67e,8.0,67.0,1,MODERATE,1.6740409135818481,7.516589164733887
2024-12-18 12:00:00,14.9676025884,197.4,28.59,28.99,78.3,,arabian_sea_8n67e,8.0,67.0,1,MODERATE,1.5954270362854004,7.012364387512207
2024-12-19 12:00:00,13.9956803424,180.7,28.37,28.99,76.3,,arabian_sea_8n67e,8.0,67.0,0,LOW,1.4942771196365356,6.674901962280273
2024-12-20 12:00:00,12.4406047488,164.8,28.14,28.95,72.1,,arabian_sea_8n67e,8.0,67.0,0,LOW,1.3524787425994873,6.268337249755859
2024-12-21 12:00:00,9.3304535616,157.5,27.87,28.92,68.0,,arabian_sea_8n67e,8.0,67.0,0,LOW,1.113173007965088,7.555285453796387
2024-12-22 12:00:00,8.941684663199998,169.7,27.79,28.95,67.2,,arabian_sea_8n67e,8.0,67.0,0,LOW,1.0801856517791748,8.206387519836426
2024-12-23 12:00:00,9.5248380108,172.7,27.8,28.89,66.3,,arabian_sea_8n67e,8.0,67.0,0,LOW,1.1694951057434082,7.462137222290039
2024-12-24 12:00:00,5.0539956792,191.5,27.95,28.89,58.5,,arabian_sea_8n67e,8.0,67.0,0,LOW,1.0130045413970947,8.461228370666504
2024-12-25 12:00:00,3.6933045348,191.5,27.86,29.12,62.6,,arabian_sea_8n67e,8.0,67.0,0,LOW,1.050661563873291,9.153216361999512
2024-12-26 12:00:00,7.3866090696,211.2,27.97,28.94,68.4,,arabian_sea_8n67e,8.0,67.0,0,LOW,1.0930477380752563,8.298982620239258
2024-12-27 12:00:00,10.3023758076,213.0,27.7,28.94,79.6,,arabian_sea_8n67e,8.0,67.0,0,LOW,1.2787878513336182,6.686128616333008
2024-12-28 12:00:00,9.3304535616,213.9,27.14,28.85,83.7,,arabian_sea_8n67e,8.0,67.0,0,LOW,1.398032784461975,6.592156410217285
2024-12-29 12:00:00,10.691144706,201.2,27.82,28.74,82.5,,arabian_sea_8n67e,8.0,67.0,0,LOW,1.4132227897644043,6.6149091720581055
2024-12-30 12:00:00,8.941684663199998,231.7,28.4,28.9,79.6,,arabian_sea_8n67e,8.0,67.0,0,LOW,1.2133021354675293,7.710563659667969
2024-12-31 12:00:00,12.2462202996,210.7,28.31,28.83,82.5,,arabian_sea_8n67e,8.0,67.0,0,LOW,1.2767053842544556,6.747434616088867
2025-01-01 12:00:00,10.4967602568,202.1,27.84,28.96,82.9,,arabian_sea_8n67e,8.0,67.0,0,LOW,1.1898061037063599,6.518671989440918
2025-01-02 12:00:00,11.663066952,201.5,28.49,29.2,75.9,,arabian_sea_8n67e,8.0,67.0,0,LOW,1.24468994140625,6.345398902893066
2025-01-03 12:00:00,12.2462202996,208.2,28.47,29.04,75.0,,arabian_sea_8n67e,8.0,67.0,0,LOW,1.2872369289398193,6.168797492980957
2025-01-04 12:00:00,8.941684663199998,209.8,27.9,28.97,78.8,,arabian_sea_8n67e,8.0,67.0,0,LOW,1.2532706260681152,6.3759565353393555
2025-01-05 12:00:00,12.8293736472,200.9,28.26,28.86,79.6,,arabian_sea_8n67e,8.0,67.0,1,MODERATE,1.5713247060775757,6.381923675537109
2025-01-06 12:00:00,10.4967602568,233.2,27.83,28.79,82.5,,arabian_sea_8n67e,8.0,67.0,1,MODERATE,1.6350963115692139,7.325270652770996
2025-01-07 12:00:00,8.747300214,233.8,27.13,28.75,85.0,,arabian_sea_8n67e,8.0,67.0,0,LOW,1.4867132902145386,6.717109680175781
2025-01-08 12:00:00,10.691144706,222.5,27.22,28.77,84.6,,arabian_sea_8n67e,8.0,67.0,0,LOW,1.4611825942993164,6.202859878540039
2025-01-09 12:00:00,9.3304535616,242.0,27.56,28.91,81.7,,arabian_sea_8n67e,8.0,67.0,0,LOW,1.121941328048706,6.35233211517334
2025-01-10 12:00:00,10.1079913584,246.9,27.27,28.64,82.5,,arabian_sea_8n67e,8.0,67.0,0,LOW,1.020817756652832,6.331107139587402
2025-01-11 12:00:00,11.663066952,239.2,27.55,28.4,84.6,,arabian_sea_8n67e,8.0,67.0,0,LOW,1.0993902683258057,5.966821670532227
2025-01-12 12:00:00,13.0237580964,253.5,27.86,28.36,85.4,,arabian_sea_8n67e,8.0,67.0,0,LOW,1.4066898822784424,6.044001579284668
2025-01-13 12:00:00,7.1922246204,330.9,27.71,28.47,83.7,,arabian_sea_8n67e,8.0,67.0,0,LOW,1.103701114654541,6.888375282287598
2025-01-14 12:00:00,6.803455722,239.4,28.11,28.66,82.5,,arabian_sea_8n67e,8.0,67.0,0,LOW,1.1476950645446777,9.58918285369873
2025-01-15 12:00:00,13.2181425456,211.7,27.54,28.52,84.1,,arabian_sea_8n67e,8.0,67.0,1,MODERATE,1.5251967906951904,8.099678993225098
2025-01-16 12:00:00,9.71922246,209.3,27.54,28.51,83.3,,arabian_sea_8n67e,8.0,67.0,1,MODERATE,1.6315491199493408,7.371682167053223
2025-01-17 12:00:00,8.941684663199998,235.2,27.96,28.6,83.3,,arabian_sea_8n67e,8.0,67.0,0,LOW,1.4183437824249268,7.224062919616699
2025-01-18 12:00:00,6.6090712728,260.4,28.0,28.63,82.9,,arabian_sea_8n67e,8.0,67.0,1,MODERATE,1.566220760345459,8.399962425231934
2025-01-19 12:00:00,7.3866090696,261.2,28.4,28.7,80.0,,arabian_sea_8n67e,8.0,67.0,0,LOW,1.359022855758667,9.292492866516113
2025-01-20 12:00:00,6.0259179252,219.8,27.71,28.6,82.9,,arabian_sea_8n67e,8.0,67.0,0,LOW,1.21993088722229,8.242976188659668
2025-01-21 12:00:00,10.691144706,205.9,28.36,28.61,83.7,,arabian_sea_8n67e,8.0,67.0,0,LOW,1.2461583614349365,6.851762771606445
2025-01-22 12:00:00,13.2181425456,191.1,28.27,28.55,78.3,,arabian_sea_8n67e,8.0,67.0,0,LOW,1.2423691749572754,6.260919570922852
2025-01-23 12:00:00,14.9676025884,183.5,28.05,28.4,75.4,,arabian_sea_8n67e,8.0,67.0,1,MODERATE,1.557417631149292,5.9575605392456055
2025-01-24 12:00:00,10.8855291552,188.0,26.64,28.33,86.2,,arabian_sea_8n67e,8.0,67.0,1,MODERATE,1.5560517311096191,6.619261741638184
2025-01-25 12:00:00,7.775377968,212.0,27.81,28.38,83.7,,arabian_sea_8n67e,8.0,67.0,0,LOW,1.2468466758728027,7.243332862854004
2025-01-26 12:00:00,5.831533476,211.2,27.48,28.31,85.0,,arabian_sea_8n67e,8.0,67.0,0,LOW,1.20722234249115,7.328476905822754
2025-01-27 12:00:00,7.969762417199999,177.5,27.06,28.2,84.6,,arabian_sea_8n67e,8.0,67.0,0,LOW,1.069589614868164,6.727597236633301
2025-01-28 12:00:00,6.9978401712,208.5,27.48,28.25,81.7,,arabian_sea_8n67e,8.0,67.0,0,LOW,0.9537044167518616,7.152750015258789
2025-01-29 12:00:00,9.3304535616,208.5,28.18,28.41,77.5,,arabian_sea_8n67e,8.0,67.0,0,LOW,0.9544553756713867,6.731732368469238
2025-01-30 12:00:00,6.9978401712,208.5,28.01,28.48,79.6,,arabian_sea_8n67e,8.0,67.0,0,LOW,0.9588034749031067,7.13395881652832
2025-01-31 12:00:00,9.1360691124,195.2,27.9,28.59,78.3,,arabian_sea_8n67e,8.0,67.0,0,LOW,0.9847146272659302,6.654809951782227
2025-02-01 12:00:00,6.803455722,202.5,27.93,28.59,78.8,,arabian_sea_8n67e,8.0,67.0,0,LOW,0.871296763420105,6.422209739685059
2025-02-02 12:00:00,4.2764578824,222.5,28.15,28.53,80.4,,arabian_sea_8n67e,8.0,67.0,0,LOW,0.9235724806785583,6.804347991943359
2025-02-03 12:00:00,4.0820734332,209.5,28.27,28.9,78.8,,arabian_sea_8n67e,8.0,67.0,0,LOW,0.8576861619949341,6.741279602050781
2025-02-04 12:00:00,6.414686823599999,195.9,28.16,29.04,80.0,,arabian_sea_8n67e,8.0,67.0,0,LOW,1.0907901525497437,7.354357719421387
2025-02-05 12:00:00,11.8574514012,211.7,27.81,28.68,80.4,,arabian_sea_8n67e,8.0,67.0,0,LOW,1.2288124561309814,6.700470924377441
2025-02-06 12:00:00,13.2181425456,220.1,28.27,28.67,78.8,,arabian_sea_8n67e,8.0,67.0,1,MODERATE,1.5652689933776855,7.200389862060547
2025-02-07 12:00:00,11.2742980536,233.8,28.41,28.72,78.8,,arabian_sea_8n67e,8.0,67.0,0,LOW,1.249570608139038,7.031444549560547
2025-02-08 12:00:00,11.4686825028,240.9,28.36,28.9,74.2,,arabian_sea_8n67e,8.0,67.0,0,LOW,1.242478370666504,6.711806297302246
2025-02-09 12:00:00,8.358531315599999,242.2,28.3,28.94,69.6,,arabian_sea_8n67e,8.0,67.0,0,LOW,1.0962111949920654,6.89914608001709
2025-02-10 12:00:00,8.941684663199998,222.5,28.26,28.95,73.0,,arabian_sea_8n67e,8.0,67.0,0,LOW,0.944017231464386,7.184139251708984
2025-02-11 12:00:00,11.663066952,217.1,28.4,28.95,77.1,,arabian_sea_8n67e,8.0,67.0,0,LOW,1.1247996091842651,6.742558479309082
2025-02-12 12:00:00,10.3023758076,232.0,28.64,29.03,73.8,,arabian_sea_8n67e,8.0,67.0,0,LOW,1.160491704940796,6.675619125366211
2025-02-13 12:00:00,9.3304535616,220.8,28.53,29.05,74.2,,arabian_sea_8n67e,8.0,67.0,0,LOW,1.1120307445526123,7.137754440307617
2025-02-14 12:00:00,8.358531315599999,208.9,28.24,29.18,73.4,,arabian_sea_8n67e,8.0,67.0,0,LOW,1.0109124183654785,7.39228630065918
2025-02-15 12:00:00,4.665226780799999,187.8,28.18,29.33,70.1,,arabian_sea_8n67e,8.0,67.0,0,LOW,0.9650140404701233,7.701264381408691
2025-02-16 12:00:00,6.9978401712,190.7,28.31,29.21,75.4,,arabian_sea_8n67e,8.0,67.0,0,LOW,1.0151759386062622,8.375733375549316
2025-02-17 12:00:00,5.831533476,222.5,28.71,29.35,75.0,,arabian_sea_8n67e,8.0,67.0,0,LOW,0.9605310559272766,8.593650817871094
2025-02-18 12:00:00,8.358531315599999,232.3,28.8,29.35,77.5,,arabian_sea_8n67e,8.0,67.0,0,LOW,0.8626925349235535,7.840238571166992
2025-02-19 12:00:00,5.6371490267999995,250.4,28.86,29.29,68.4,,arabian_sea_8n67e,8.0,67.0,0,LOW,1.1278553009033203,10.30268669128418
2025-02-20 12:00:00,6.6090712728,225.0,28.59,29.24,72.1,,arabian_sea_8n67e,8.0,67.0,0,LOW,1.2790584564208984,10.543209075927734
2025-02-21 12:00:00,5.831533476,211.2,28.65,29.31,74.2,,arabian_sea_8n67e,8.0,67.0,0,LOW,1.2186715602874756,10.250171661376953
2025-02-22 12:00:00,7.5809935188,209.5,28.7,29.3,77.5,,arabian_sea_8n67e,8.0,67.0,0,LOW,1.0526318550109863,9.228416442871094
2025-02-23 12:00:00,9.1360691124,218.9,28.81,29.38,77.9,,arabian_sea_8n67e,8.0,67.0,0,LOW,1.110145926475525,8.999246597290039
2025-02-24 12:00:00,6.803455722,222.5,28.98,29.45,78.3,,arabian_sea_8n67e,8.0,67.0,0,LOW,0.9248030781745911,8.1075439453125
2025-02-25 12:00:00,6.803455722,222.5,29.1,29.53,76.7,,arabian_sea_8n67e,8.0,67.0,0,LOW,1.0810000896453857,10.429186820983887
2025-02-26 12:00:00,7.969762417199999,230.6,29.05,29.46,75.0,,arabian_sea_8n67e,8.0,67.0,0,LOW,1.1173272132873535,8.9104585647583
2025-02-27 12:00:00,7.1922246204,193.9,28.99,29.56,75.9,,arabian_sea_8n67e,8.0,67.0,0,LOW,0.9678218364715576,7.9588422775268555
2025-02-28 12:00:00,10.3023758076,173.1,28.83,29.43,78.3,,arabian_sea_8n67e,8.0,67.0,0,LOW,1.1196365356445312,6.642356872558594
2025-03-01 12:00:00,9.3304535616,167.6,28.78,29.33,77.1,,arabian_sea_8n67e,8.0,67.0,0,LOW,0.9390003681182861,6.834403038024902
2025-03-02 12:00:00,4.2764578824,166.2,27.96,29.16,80.0,,arabian_sea_8n67e,8.0,67.0,0,LOW,0.9226399064064026,6.5878801345825195
2025-03-03 12:00:00,10.1079913584,188.8,28.67,29.21,82.1,,arabian_sea_8n67e,8.0,67.0,0,LOW,1.0567214488983154,6.026603698730469
2025-03-04 12:00:00,10.8855291552,234.4,29.09,29.28,81.7,,arabian_sea_8n67e,8.0,67.0,0,LOW,1.157179594039917,5.6787214279174805
2025-03-05 12:00:00,5.442764577599999,244.9,29.26,29.61,77.9,,arabian_sea_8n67e,8.0,67.0,0,LOW,1.134373664855957,6.958356857299805
2025-03-06 12:00:00,6.0259179252,219.8,29.05,29.59,77.9,,arabian_sea_8n67e,8.0,67.0,0,LOW,1.0897151231765747,7.262541770935059
2025-03-07 12:00:00,4.665226780799999,182.7,29.2,29.85,75.0,,arabian_sea_8n67e,8.0,67.0,0,LOW,1.0244673490524292,7.6311845779418945
2025-03-08 12:00:00,5.831533476,165.4,28.88,29.7,75.4,,arabian_sea_8n67e,8.0,67.0,0,LOW,0.8713266253471375,7.481919288635254
2025-03-09 12:00:00,9.5248380108,177.5,28.54,29.65,74.2,,arabian_sea_8n67e,8.0,67.0,0,LOW,0.8364713788032532,7.5522356033325195
2025-03-10 12:00:00,9.5248380108,219.1,28.74,29.5,75.4,,arabian_sea_8n67e,8.0,67.0,0,LOW,1.1816091537475586,7.588191032409668
2025-03-11 12:00:00,3.887688984,226.9,29.59,29.98,73.4,,arabian_sea_8n67e,8.0,67.0,0,LOW,1.0893867015838623,9.514880180358887
2025-03-12 12:00:00,8.941684663199998,213.3,29.01,29.61,79.2,,arabian_sea_8n67e,8.0,67.0,0,LOW,1.3223159313201904,8.567566871643066
2025-03-13 12:00:00,10.691144706,240.9,28.63,29.52,80.0,,arabian_sea_8n67e,8.0,67.0,0,LOW,1.1750154495239258,8.267292976379395
2025-03-14 12:00:00,10.3023758076,263.1,29.12,29.51,81.2,,arabian_sea_8n67e,8.0,67.0,0,LOW,1.180372714996338,7.814409255981445
2025-03-15 12:00:00,9.71922246,279.3,29.35,29.6,77.5,,arabian_sea_8n67e,8.0,67.0,0,LOW,1.1034021377563477,7.684911727905273
2025-03-16 12:00:00,9.5248380108,252.9,29.22,29.61,74.6,,arabian_sea_8n67e,8.0,67.0,0,LOW,1.112583875656128,7.076667785644531
2025-03-17 12:00:00,8.1641468664,197.7,29.31,29.9,75.9,,arabian_sea_8n67e,8.0,67.0,0,LOW,0.9410451054573059,7.848383903503418
2025-03-18 12:00:00,6.9978401712,198.1,29.42,30.06,74.2,,arabian_sea_8n67e,8.0,67.0,0,LOW,1.0916516780853271,8.422531127929688
2025-03-19 12:00:00,10.691144706,219.5,29.48,30.01,73.8,,arabian_sea_8n67e,8.0,67.0,0,LOW,1.0610129833221436,7.210489273071289
2025-03-20 12:00:00,8.941684663199998,235.2,29.39,30.09,78.8,,arabian_sea_8n67e,8.0,67.0,0,LOW,1.0458769798278809,7.885944366455078
2025-03-21 12:00:00,8.5529157648,254.1,29.31,30.09,80.4,,arabian_sea_8n67e,8.0,67.0,0,LOW,1.1256306171417236,8.938095092773438
2025-03-22 12:00:00,8.941684663199998,246.7,29.39,30.13,80.0,,arabian_sea_8n67e,8.0,67.0,0,LOW,1.1211031675338745,8.572976112365723
2025-03-23 12:00:00,10.4967602568,230.2,29.43,30.13,77.5,,arabian_sea_8n67e,8.0,67.0,0,LOW,1.1013243198394775,8.116159439086914
2025-03-24 12:00:00,10.3023758076,217.9,29.49,30.05,77.5,,arabian_sea_8n67e,8.0,67.0,0,LOW,1.0590040683746338,7.229524612426758
2025-03-25 12:00:00,5.831533476,185.6,28.94,30.17,76.3,,arabian_sea_8n67e,8.0,67.0,0,LOW,1.0230937004089355,7.883640289306641
2025-03-26 12:00:00,6.9978401712,174.1,29.2,30.25,70.5,,arabian_sea_8n67e,8.0,67.0,0,LOW,0.9412548542022705,8.481273651123047
2025-03-27 12:00:00,8.747300214,211.2,29.27,30.18,71.3,,arabian_sea_8n67e,8.0,67.0,0,LOW,0.9511024355888367,8.011465072631836
2025-03-28 12:00:00,8.747300214,207.6,29.51,,71.7,,arabian_sea_8n67e,8.0,67.0,0,LOW,0.9435300230979919,7.9165544509887695
2025-03-29 12:00:00,9.3304535616,184.9,29.41,,73.4,,arabian_sea_8n67e,8.0,67.0,0,LOW,1.002634048461914,7.487079620361328
2025-03-30 12:00:00,8.358531315599999,177.5,29.26,,73.0,,arabian_sea_8n67e,8.0,67.0,0,LOW,0.9282230138778687,7.155566215515137
2025-03-31 12:00:00,8.1641468664,169.0,29.27,,72.1,,arabian_sea_8n67e,8.0,67.0,0,LOW,0.9140579104423523,7.332001686096191
2025-04-01 12:00:00,6.6090712728,177.5,29.18,,70.9,,arabian_sea_8n67e,8.0,67.0,0,LOW,0.9130508303642273,7.415815353393555
2025-04-02 12:00:00,2.3326133903999997,140.6,29.2,,68.8,,arabian_sea_8n67e,8.0,67.0,0,LOW,0.9654609560966492,8.053672790527344
2025-04-03 12:00:00,1.5550755936,132.5,29.51,,69.6,,arabian_sea_8n67e,8.0,67.0,0,LOW,0.9556139707565308,8.06688404083252
2025-04-04 12:00:00,6.414686823599999,240.9,29.35,,72.5,,arabian_sea_8n67e,8.0,67.0,0,LOW,0.8982696533203125,8.799858093261719
2025-04-05 12:00:00,5.2483801284,228.8,29.7,,71.3,,arabian_sea_8n67e,8.0,67.0,0,LOW,0.9922508001327515,9.476616859436035
2025-04-06 12:00:00,7.969762417199999,174.6,29.69,,75.9,,arabian_sea_8n67e,8.0,67.0,0,LOW,1.0710175037384033,9.894186973571777
2025-04-07 12:00:00,9.3304535616,146.5,29.95,,77.1,,arabian_sea_8n67e,8.0,67.0,0,LOW,1.0189905166625977,8.796700477600098
2025-04-08 12:00:00,6.9978401712,146.5,29.74,,73.8,,arabian_sea_8n67e,8.0,67.0,0,LOW,0.9777731895446777,7.6813154220581055
2025-04-09 12:00:00,6.9978401712,123.0,29.86,,73.8,,arabian_sea_8n67e,8.0,67.0,0,LOW,0.9720200896263123,8.807256698608398
2025-04-10 12:00:00,9.9136069092,116.1,29.74,,72.1,,arabian_sea_8n67e,8.0,67.0,0,LOW,1.3941004276275635,9.634551048278809
2025-04-11 12:00:00,6.414686823599999,122.2,29.62,,68.0,,arabian_sea_8n67e,8.0,67.0,0,LOW,1.3200292587280273,10.021993637084961
2025-04-12 12:00:00,5.2483801284,148.9,29.72,,66.3,,arabian_sea_8n67e,8.0,67.0,0,LOW,1.2758846282958984,10.960009574890137
2025-04-13 12:00:00,8.358531315599999,174.8,29.6,,67.6,,arabian_sea_8n67e,8.0,67.0,0,LOW,1.2760870456695557,10.788516998291016
2025-04-14 12:00:00,9.5248380108,160.6,29.79,,68.8,,arabian_sea_8n67e,8.0,67.0,0,LOW,1.3924778699874878,10.130953788757324
2025-04-15 12:00:00,8.358531315599999,180.2,29.79,,71.3,,arabian_sea_8n67e,8.0,67.0,0,LOW,1.2428661584854126,9.162151336669922
2025-04-16 12:00:00,8.1641468664,186.0,29.8,,72.1,,arabian_sea_8n67e,8.0,67.0,0,LOW,1.0860716104507446,8.783685684204102
2025-04-17 12:00:00,8.358531315599999,194.2,29.59,,69.6,,arabian_sea_8n67e,8.0,67.0,0,LOW,1.008570671081543,8.250215530395508
2025-04-18 12:00:00,5.831533476,169.4,29.53,,68.0,,arabian_sea_8n67e,8.0,67.0,0,LOW,0.9360126256942749,9.083880424499512
2025-04-19 12:00:00,5.831533476,147.2,29.63,,67.6,,arabian_sea_8n67e,8.0,67.0,0,LOW,0.876373827457428,8.98583984375
2025-04-20 12:00:00,6.6090712728,173.9,29.69,,73.4,,arabian_sea_8n67e,8.0,67.0,0,LOW,0.877618670463562,9.32613754272461
2025-04-21 12:00:00,4.2764578824,230.6,29.73,,75.4,,arabian_sea_8n67e,8.0,67.0,0,LOW,0.9316833019256592,10.410552024841309
2025-04-22 12:00:00,3.6933045348,312.5,30.1,,68.8,,arabian_sea_8n67e,8.0,67.0,0,LOW,1.103447675704956,11.976676940917969
2025-04-23 12:00:00,2.1382289412,11.5,30.12,,69.2,,arabian_sea_8n67e,8.0,67.0,0,LOW,1.1995048522949219,11.842060089111328
2025-04-24 12:00:00,3.4989200856,57.8,29.93,,72.5,,arabian_sea_8n67e,8.0,67.0,0,LOW,1.016383409500122,10.25678539276123
2025-04-25 12:00:00,7.775377968,130.4,29.5,,77.9,,arabian_sea_8n67e,8.0,67.0,0,LOW,0.9574488997459412,9.394834518432617
2025-04-26 12:00:00,6.6090712728,139.9,29.89,,70.1,,arabian_sea_8n67e,8.0,67.0,0,LOW,0.8940932750701904,8.379387855529785
2025-04-27 12:00:00,5.831533476,132.5,29.98,,68.8,,arabian_sea_8n67e,8.0,67.0,0,LOW,0.8341319561004639,8.220365524291992
2025-04-28 12:00:00,3.887688984,165.0,29.87,,73.8,,arabian_sea_8n67e,8.0,67.0,0,LOW,0.9067255854606628,9.1294527053833
2025-04-29 12:00:00,2.7213822887999997,267.5,30.16,,72.5,,arabian_sea_8n67e,8.0,67.0,0,LOW,1.0399608612060547,10.49870491027832
2025-04-30 12:00:00,1.7494600428,195.9,30.52,,71.7,,arabian_sea_8n67e,8.0,67.0,0,LOW,1.0280685424804688,10.509613990783691
2025-05-01 12:00:00,5.442764577599999,267.5,30.46,,75.9,,arabian_sea_8n67e,8.0,67.0,0,LOW,1.0345866680145264,10.417387962341309
2025-05-02 12:00:00,4.665226780799999,301.2,30.54,,75.0,,arabian_sea_8n67e,8.0,67.0,0,LOW,0.9886220097541809,10.201736450195312
2025-05-03 12:00:00,5.0539956792,11.5,30.19,,75.9,,arabian_sea_8n67e,8.0,67.0,0,LOW,0.9319872260093689,9.222902297973633
2025-05-04 12:00:00,2.915766738,105.9,29.4,,75.9,,arabian_sea_8n67e,8.0,67.0,0,LOW,0.8817332983016968,8.465243339538574
2025-05-05 12:00:00,6.414686823599999,142.8,30.16,,73.8,,arabian_sea_8n67e,8.0,67.0,0,LOW,0.8973695635795593,8.264557838439941
2025-05-06 12:00:00,9.3304535616,149.8,30.26,,68.4,,arabian_sea_8n67e,8.0,67.0,0,LOW,0.9339133501052856,7.994368553161621
2025-05-07 12:00:00,2.915766738,138.8,30.08,,69.2,,arabian_sea_8n67e,8.0,67.0,0,LOW,1.0062084197998047,9.055012702941895
2025-05-08 12:00:00,6.803455722,59.4,30.21,,71.3,,arabian_sea_8n67e,8.0,67.0,0,LOW,0.9103272557258606,8.752860069274902
2025-05-09 12:00:00,7.5809935188,84.5,30.48,,71.3,,arabian_sea_8n67e,8.0,67.0,0,LOW,1.0198824405670166,7.70374870300293
2025-05-10 12:00:00,7.3866090696,90.7,30.1,,73.0,,arabian_sea_8n67e,8.0,67.0,0,LOW,1.0771397352218628,7.559381484985352
2025-05-11 12:00:00,9.71922246,101.5,28.94,,76.7,,arabian_sea_8n67e,8.0,67.0,0,LOW,1.2729520797729492,8.006620407104492
2025-05-12 12:00:00,11.663066952,115.8,30.28,,75.4,,arabian_sea_8n67e,8.0,67.0,0,LOW,1.4617198705673218,8.224644660949707
2025-05-13 12:00:00,12.2462202996,94.8,29.55,,77.1,,arabian_sea_8n67e,8.0,67.0,1,MODERATE,1.5288593769073486,7.831514358520508
2025-05-14 12:00:00,9.71922246,119.3,30.13,,72.1,,arabian_sea_8n67e,8.0,67.0,0,LOW,1.3954743146896362,8.256471633911133
2025-05-15 12:00:00,6.6090712728,117.2,30.0,,70.9,,arabian_sea_8n67e,8.0,67.0,0,LOW,1.3003458976745605,8.561745643615723
2025-05-16 12:00:00,5.831533476,95.6,29.89,,70.9,,arabian_sea_8n67e,8.0,67.0,0,LOW,1.302253007888794,8.835527420043945
2025-05-17 12:00:00,6.803455722,104.8,29.67,,75.0,,arabian_sea_8n67e,8.0,67.0,0,LOW,1.2224512100219727,8.001472473144531
2025-05-18 12:00:00,9.5248380108,117.2,30.16,,73.4,,arabian_sea_8n67e,8.0,67.0,0,LOW,1.2618709802627563,7.693860054016113
2025-05-19 12:00:00,11.4686825028,93.4,30.46,,76.7,,arabian_sea_8n67e,8.0,67.0,0,LOW,1.286763310432434,6.957727432250977
2025-05-20 12:00:00,12.4406047488,76.5,30.52,,78.8,,arabian_sea_8n67e,8.0,67.0,0,LOW,1.4097659587860107,6.789955139160156
2025-05-21 12:00:00,12.2462202996,70.8,30.05,,77.9,,arabian_sea_8n67e,8.0,67.0,1,MODERATE,1.5766785144805908,7.571174621582031
2025-05-22 12:00:00,13.4125269948,70.6,29.35,,81.2,,arabian_sea_8n67e,8.0,67.0,1,MODERATE,1.8995773792266846,7.409704208374023
2025-05-23 12:00:00,18.6609071232,65.7,30.12,,81.2,,arabian_sea_8n67e,8.0,67.0,1,MODERATE,2.2961885929107666,7.244045257568359
2025-05-24 12:00:00,18.0777537756,60.9,29.68,,80.4,,arabian_sea_8n67e,8.0,67.0,1,MODERATE,2.699554681777954,7.613354682922363
2025-05-25 12:00:00,17.1058315296,69.1,29.58,,77.9,,arabian_sea_8n67e,8.0,67.0,2,HIGH,2.8564834594726562,8.38603687286377
2025-05-26 12:00:00,15.550755936,70.0,29.92,,80.0,,arabian_sea_8n67e,8.0,67.0,1,MODERATE,2.5223865509033203,8.569592475891113
2025-05-27 12:00:00,16.1339092836,76.5,29.83,,81.7,,arabian_sea_8n67e,8.0,67.0,1,MODERATE,2.3119547367095947,8.384336471557617
2025-05-28 12:00:00,18.2721382248,75.2,30.22,,80.4,,arabian_sea_8n67e,8.0,67.0,1,MODERATE,2.5284764766693115,8.780454635620117
2025-05-29 12:00:00,20.0215982676,68.4,30.26,,82.5,,arabian_sea_8n67e,8.0,67.0,2,HIGH,3.132020950317383,8.423630714416504
2025-05-30 12:00:00,17.494600428,75.9,30.13,,82.5,,arabian_sea_8n67e,8.0,67.0,2,HIGH,2.9111695289611816,8.479619026184082
2025-05-31 12:00:00,14.3844492408,73.5,29.83,,82.5,,arabian_sea_8n67e,8.0,67.0,1,MODERATE,2.5825483798980713,8.785661697387695
2025-06-01 12:00:00,16.1339092836,77.8,29.86,,81.2,,arabian_sea_8n67e,8.0,67.0,1,MODERATE,2.4780473709106445,8.148420333862305
2025-06-02 12:00:00,15.939524834399998,64.7,29.43,,80.8,,arabian_sea_8n67e,8.0,67.0,1,MODERATE,2.31254506111145,7.803717613220215
2025-06-03 12:00:00,16.3282937328,73.8,29.89,,80.0,,arabian_sea_8n67e,8.0,67.0,1,MODERATE,2.3376872539520264,8.148332595825195
2025-06-04 12:00:00,12.2462202996,96.7,29.78,,79.6,,arabian_sea_8n67e,8.0,67.0,1,MODERATE,2.197011947631836,8.644640922546387
2025-06-05 12:00:00,10.1079913584,118.1,29.71,,78.3,,arabian_sea_8n67e,8.0,67.0,1,MODERATE,1.938870906829834,9.440550804138184
2025-06-06 12:00:00,8.1641468664,116.5,29.51,,76.7,,arabian_sea_8n67e,8.0,67.0,1,MODERATE,1.8720917701721191,10.076769828796387
2025-06-07 12:00:00,7.775377968,108.8,29.32,,77.5,,arabian_sea_8n67e,8.0,67.0,1,MODERATE,1.7353147268295288,9.982686996459961
2025-06-08 12:00:00,10.1079913584,105.9,29.44,,77.5,,arabian_sea_8n67e,8.0,67.0,1,MODERATE,1.7200448513031006,9.516748428344727
2025-06-09 12:00:00,11.0799136044,110.4,29.55,,77.9,,arabian_sea_8n67e,8.0,67.0,1,MODERATE,1.6168456077575684,8.157306671142578
2025-06-10 12:00:00,11.8574514012,113.2,28.79,,78.3,,arabian_sea_8n67e,8.0,67.0,1,MODERATE,1.7501049041748047,8.35793399810791
2025-06-11 12:00:00,11.663066952,107.2,29.03,,75.9,,arabian_sea_8n67e,8.0,67.0,1,MODERATE,1.7529723644256592,8.007772445678711
2025-06-12 12:00:00,14.57883369,93.7,28.9,,81.2,,arabian_sea_8n67e,8.0,67.0,1,MODERATE,2.0296497344970703,8.528151512145996
2025-06-13 12:00:00,17.1058315296,92.7,29.21,,79.6,,arabian_sea_8n67e,8.0,67.0,1,MODERATE,2.2154765129089355,7.64492130279541
2025-06-14 12:00:00,20.2159827168,75.3,29.35,,79.2,,arabian_sea_8n67e,8.0,67.0,1,MODERATE,2.5993356704711914,7.174034118652344
2025-06-15 12:00:00,22.354211658,75.6,28.82,,80.4,,arabian_sea_8n67e,8.0,67.0,2,HIGH,3.719956398010254,8.461409568786621
2025-06-16 12:00:00,18.8552915724,73.2,29.01,,80.0,,arabian_sea_8n67e,8.0,67.0,2,HIGH,3.318645477294922,8.738840103149414
2025-06-17 12:00:00,16.1339092836,67.8,29.3,,80.0,,arabian_sea_8n67e,8.0,67.0,1,MODERATE,2.779240608215332,8.655970573425293
2025-06-18 12:00:00,13.606911444,69.1,29.47,,79.6,,arabian_sea_8n67e,8.0,67.0,1,MODERATE,2.2593140602111816,8.291897773742676
2025-06-19 12:00:00,13.4125269948,66.9,29.44,,80.0,,arabian_sea_8n67e,8.0,67.0,1,MODERATE,2.222646474838257,9.189685821533203
2025-06-20 12:00:00,12.2462202996,56.9,29.36,,81.2,,arabian_sea_8n67e,8.0,67.0,1,MODERATE,2.2657432556152344,9.240405082702637
2025-06-21 12:00:00,12.0518358504,43.8,29.5,,80.8,,arabian_sea_8n67e,8.0,67.0,1,MODERATE,2.0491862297058105,8.766740798950195
2025-06-22 12:00:00,13.4125269948,52.0,29.45,,80.4,,arabian_sea_8n67e,8.0,67.0,1,MODERATE,1.9486585855484009,8.294210433959961
2025-06-23 12:00:00,13.4125269948,55.7,29.52,,81.7,,arabian_sea_8n67e,8.0,67.0,1,MODERATE,1.9514411687850952,8.181770324707031
2025-06-24 12:00:00,13.8012958932,58.8,29.56,,82.1,,arabian_sea_8n67e,8.0,67.0,1,MODERATE,1.9748492240905762,7.985129356384277
2025-06-25 12:00:00,14.57883369,62.3,29.52,,81.2,,arabian_sea_8n67e,8.0,67.0,1,MODERATE,2.2761290073394775,7.955024719238281
2025-06-26 12:00:00,17.3002159788,63.8,29.73,,80.4,,arabian_sea_8n67e,8.0,67.0,1,MODERATE,2.547184944152832,8.072128295898438
2025-06-27 12:00:00,17.494600428,59.8,29.37,,80.8,,arabian_sea_8n67e,8.0,67.0,1,MODERATE,2.6615114212036133,8.756921768188477
2025-06-28 12:00:00,13.606911444,54.3,29.22,,78.8,,arabian_sea_8n67e,8.0,67.0,1,MODERATE,2.4145030975341797,9.031353950500488
2025-06-29 12:00:00,11.8574514012,53.3,29.34,,76.7,,arabian_sea_8n67e,8.0,67.0,1,MODERATE,2.129405975341797,9.262344360351562
2025-06-30 12:00:00,9.71922246,55.7,29.2,,75.9,,arabian_sea_8n67e,8.0,67.0,1,MODERATE,2.0185484886169434,9.325648307800293
2025-07-01 12:00:00,12.8293736472,47.5,28.73,,81.7,,arabian_sea_8n67e,8.0,67.0,1,MODERATE,2.2621445655822754,8.916152954101562
2025-07-02 12:00:00,14.9676025884,54.2,29.35,,80.8,,arabian_sea_8n67e,8.0,67.0,1,MODERATE,2.368048906326294,8.51589584350586
2025-07-03 12:00:00,17.3002159788,53.5,28.9,,82.1,,arabian_sea_8n67e,8.0,67.0,1,MODERATE,2.7613255977630615,8.093626976013184
2025-07-04 12:00:00,15.939524834399998,51.5,29.58,,80.8,,arabian_sea_8n67e,8.0,67.0,1,MODERATE,2.715278387069702,8.54063892364502
2025-07-05 12:00:00,14.1900647916,56.0,29.48,,81.2,,arabian_sea_8n67e,8.0,67.0,1,MODERATE,2.332408905029297,8.140240669250488
2025-07-06 12:00:00,13.0237580964,62.5,29.44,,79.2,,arabian_sea_8n67e,8.0,67.0,1,MODERATE,2.3736495971679688,9.304250717163086
2025-07-07 12:00:00,12.2462202996,66.7,29.42,,80.4,,arabian_sea_8n67e,8.0,67.0,1,MODERATE,2.2335002422332764,9.102911949157715
2025-07-08 12:00:00,12.634989198,78.6,29.39,,80.4,,arabian_sea_8n67e,8.0,67.0,1,MODERATE,2.268723964691162,8.376611709594727
2025-07-09 12:00:00,15.7451403852,79.0,28.42,,82.5,,arabian_sea_8n67e,8.0,67.0,1,MODERATE,2.197573184967041,7.800450325012207
2025-07-10 12:00:00,17.1058315296,82.3,29.15,,78.3,,arabian_sea_8n67e,8.0,67.0,2,HIGH,2.8532469272613525,8.294198036193848
2025-07-11 12:00:00,15.3563714868,72.8,29.26,,76.3,,arabian_sea_8n67e,8.0,67.0,1,MODERATE,2.5305016040802,8.852166175842285
2025-07-12 12:00:00,13.2181425456,75.5,29.25,,78.3,,arabian_sea_8n67e,8.0,67.0,1,MODERATE,2.572139263153076,9.63353443145752
2025-07-13 12:00:00,14.57883369,63.7,29.26,,79.2,,arabian_sea_8n67e,8.0,67.0,1,MODERATE,2.245332956314087,8.675189018249512
2025-07-14 12:00:00,15.1619870376,64.9,29.3,,77.5,,arabian_sea_8n67e,8.0,67.0,1,MODERATE,2.2729415893554688,7.996424674987793
2025-07-15 12:00:00,14.3844492408,75.0,29.37,,79.6,,arabian_sea_8n67e,8.0,67.0,1,MODERATE,2.350616931915283,8.080323219299316
2025-07-16 12:00:00,15.3563714868,77.3,29.31,,80.0,,arabian_sea_8n67e,8.0,67.0,1,MODERATE,2.694732189178467,8.864021301269531
2025-07-17 12:00:00,16.9114470804,77.0,29.32,,80.4,,arabian_sea_8n67e,8.0,67.0,1,MODERATE,2.6069207191467285,8.43809700012207
2025-07-18 12:00:00,18.8552915724,68.3,29.29,,78.3,,arabian_sea_8n67e,8.0,67.0,2,HIGH,2.8756093978881836,8.412394523620605
2025-07-19 12:00:00,19.43844492,70.2,28.18,,80.4,,arabian_sea_8n67e,8.0,67.0,2,HIGH,2.8934998512268066,8.040850639343262
2025-07-20 12:00:00,20.7991360644,71.4,28.06,,82.5,,arabian_sea_8n67e,8.0,67.0,2,HIGH,3.1222915649414062,8.321568489074707
2025-07-21 12:00:00,17.1058315296,82.3,27.43,,84.6,,arabian_sea_8n67e,8.0,67.0,2,HIGH,3.00947642326355,8.808420181274414
2025-07-22 12:00:00,15.550755936,86.1,26.69,,87.9,,arabian_sea_8n67e,8.0,67.0,2,HIGH,2.9479639530181885,8.773816108703613
2025-07-23 12:00:00,14.57883369,79.8,27.42,,86.6,,arabian_sea_8n67e,8.0,67.0,1,MODERATE,2.647266149520874,8.646533012390137
2025-07-24 12:00:00,16.717062631199997,75.4,27.71,,87.0,,arabian_sea_8n67e,8.0,67.0,2,HIGH,2.904970407485962,8.69396686553955
2025-07-25 12:00:00,16.522678182,60.9,28.56,,85.8,,arabian_sea_8n67e,8.0,67.0,2,HIGH,3.2081432342529297,9.16563606262207
2025-07-26 12:00:00,13.2181425456,64.8,27.99,,85.4,,arabian_sea_8n67e,8.0,67.0,2,HIGH,2.803623676300049,9.177502632141113
2025-07-27 12:00:00,15.1619870376,64.9,28.01,,82.9,,arabian_sea_8n67e,8.0,67.0,1,MODERATE,2.5572707653045654,8.957182884216309
2025-07-28 12:00:00,13.9956803424,82.7,28.58,,82.1,,arabian_sea_8n67e,8.0,67.0,1,MODERATE,2.405743360519409,8.781332015991211
2025-07-29 12:00:00,15.939524834399998,91.7,28.53,,81.7,,arabian_sea_8n67e,8.0,67.0,1,MODERATE,2.73773455619812,8.689655303955078
2025-07-30 12:00:00,18.466522674,96.0,28.58,,78.8,,arabian_sea_8n67e,8.0,67.0,2,HIGH,2.885366916656494,8.079596519470215
2025-07-31 12:00:00,18.2721382248,82.6,28.65,,75.9,,arabian_sea_8n67e,8.0,67.0,2,HIGH,3.022533893585205,8.487581253051758
2025-08-01 12:00:00,15.1619870376,86.0,28.55,,77.1,,arabian_sea_8n67e,8.0,67.0,1,MODERATE,2.6527087688446045,8.41775131225586
2025-08-02 12:00:00,14.7732181392,105.9,28.58,,78.3,,arabian_sea_8n67e,8.0,67.0,1,MODERATE,2.590261936187744,9.677453994750977
2025-08-03 12:00:00,15.3563714868,102.2,28.54,,76.7,,arabian_sea_8n67e,8.0,67.0,1,MODERATE,2.6873209476470947,9.675436973571777
2025-08-04 12:00:00,16.3282937328,99.9,28.45,,77.9,,arabian_sea_8n67e,8.0,67.0,1,MODERATE,2.6290993690490723,9.216774940490723
2025-08-05 12:00:00,15.939524834399998,104.6,28.34,,76.7,,arabian_sea_8n67e,8.0,67.0,1,MODERATE,2.6925926208496094,9.045160293579102
2025-08-06 12:00:00,14.3844492408,120.3,28.18,,75.9,,arabian_sea_8n67e,8.0,67.0,1,MODERATE,2.3454372882843018,8.954959869384766
2025-08-07 12:00:00,11.4686825028,133.9,28.06,,76.7,,arabian_sea_8n67e,8.0,67.0,1,MODERATE,1.9148619174957275,8.818735122680664
2025-08-08 12:00:00,10.8855291552,139.8,28.18,,77.9,,arabian_sea_8n67e,8.0,67.0,1,MODERATE,1.8132213354110718,9.031328201293945
2025-08-09 12:00:00,8.747300214,153.3,28.25,,76.3,,arabian_sea_8n67e,8.0,67.0,1,MODERATE,1.722322702407837,9.376628875732422
2025-08-10 12:00:00,7.3866090696,121.2,28.15,,76.3,,arabian_sea_8n67e,8.0,67.0,0,LOW,1.3834148645401,8.905153274536133
2025-08-11 12:00:00,11.2742980536,97.6,28.36,,77.1,,arabian_sea_8n67e,8.0,67.0,0,LOW,1.3751552104949951,8.868856430053711
2025-08-12 12:00:00,12.2462202996,102.4,28.4,,76.3,,arabian_sea_8n67e,8.0,67.0,1,MODERATE,1.5897972583770752,8.547043800354004
2025-08-13 12:00:00,13.8012958932,81.0,28.39,,75.4,,arabian_sea_8n67e,8.0,67.0,1,MODERATE,1.733609914779663,7.752715110778809
2025-08-14 12:00:00,15.1619870376,61.6,28.58,,76.7,,arabian_sea_8n67e,8.0,67.0,1,MODERATE,1.8446850776672363,7.160408020019531
2025-08-15 12:00:00,15.550755936,70.0,28.7,,80.8,,arabian_sea_8n67e,8.0,67.0,1,MODERATE,2.077233076095581,7.394024848937988
2025-08-16 12:00:00,15.3563714868,71.4,28.69,,82.1,,arabian_sea_8n67e,8.0,67.0,1,MODERATE,2.1894571781158447,7.803732872009277
2025-08-17 12:00:00,15.550755936,65.4,28.75,,82.5,,arabian_sea_8n67e,8.0,67.0,1,MODERATE,2.328372001647949,7.820878028869629
2025-08-18 12:00:00,13.606911444,69.1,28.69,,82.1,,arabian_sea_8n67e,8.0,67.0,1,MODERATE,2.2078359127044678,8.085792541503906
2025-08-19 12:00:00,11.4686825028,81.6,28.51,,81.2,,arabian_sea_8n67e,8.0,67.0,1,MODERATE,1.9245421886444092,8.065135955810547
2025-08-20 12:00:00,10.3023758076,69.8,28.54,,81.7,,arabian_sea_8n67e,8.0,67.0,1,MODERATE,1.730026364326477,8.177387237548828
2025-08-21 12:00:00,8.747300214,69.1,28.7,,80.4,,arabian_sea_8n67e,8.0,67.0,1,MODERATE,1.748586893081665,9.05350112915039
2025-08-22 12:00:00,6.6090712728,109.3,28.51,,78.3,,arabian_sea_8n67e,8.0,67.0,1,MODERATE,1.779268503189087,9.624903678894043
2025-08-23 12:00:00,4.665226780799999,97.8,28.37,,75.0,,arabian_sea_8n67e,8.0,67.0,1,MODERATE,1.7308464050292969,9.806459426879883
2025-08-24 12:00:00,2.3326133903999997,98.8,29.0,,70.9,,arabian_sea_8n67e,8.0,67.0,1,MODERATE,1.6098542213439941,9.99875259399414
2025-08-25 12:00:00,6.2203023744,64.3,28.85,,72.5,,arabian_sea_8n67e,8.0,67.0,0,LOW,1.4131927490234375,9.28962516784668
2025-08-26 12:00:00,12.634989198,57.8,29.19,,75.0,,arabian_sea_8n67e,8.0,67.0,0,LOW,1.4170992374420166,6.999998092651367
2025-08-27 12:00:00,17.1058315296,60.4,29.18,,77.5,,arabian_sea_8n67e,8.0,67.0,1,MODERATE,1.7293875217437744,6.45009708404541
2025-08-28 12:00:00,16.522678182,71.2,28.77,,80.4,,arabian_sea_8n67e,8.0,67.0,1,MODERATE,2.1885721683502197,7.373408317565918
2025-08-29 12:00:00,16.1339092836,70.8,28.92,,81.2,,arabian_sea_8n67e,8.0,67.0,1,MODERATE,2.1806983947753906,7.467198371887207
2025-08-30 12:00:00,15.1619870376,69.5,28.75,,79.2,,arabian_sea_8n67e,8.0,67.0,1,MODERATE,2.3800206184387207,7.997087478637695
2025-08-31 12:00:00,13.9956803424,87.5,28.71,,80.0,,arabian_sea_8n67e,8.0,67.0,1,MODERATE,2.036602735519409,8.388571739196777
2025-09-01 12:00:00,14.57883369,93.7,28.62,,79.6,,arabian_sea_8n67e,8.0,67.0,1,MODERATE,2.1315791606903076,9.003816604614258
2025-09-02 12:00:00,13.4125269948,80.8,28.62,,75.9,,arabian_sea_8n67e,8.0,67.0,1,MODERATE,2.192425489425659,8.630257606506348
2025-09-03 12:00:00,12.634989198,85.7,28.57,,76.7,,arabian_sea_8n67e,8.0,67.0,1,MODERATE,2.015611171722412,8.039335250854492
2025-09-04 12:00:00,11.0799136044,89.5,28.45,,78.3,,arabian_sea_8n67e,8.0,67.0,1,MODERATE,1.7984247207641602,7.774693489074707
2025-09-05 12:00:00,9.3304535616,94.9,28.35,,77.5,,arabian_sea_8n67e,8.0,67.0,1,MODERATE,1.6824474334716797,8.378308296203613
2025-09-06 12:00:00,9.3304535616,99.8,28.25,,78.8,,arabian_sea_8n67e,8.0,67.0,1,MODERATE,1.5496611595153809,8.242883682250977
2025-09-07 12:00:00,11.2742980536,107.8,28.34,,79.6,,arabian_sea_8n67e,8.0,67.0,0,LOW,1.4949954748153687,7.751102447509766
2025-09-08 12:00:00,11.4686825028,103.5,28.3,,77.1,,arabian_sea_8n67e,8.0,67.0,1,MODERATE,1.598530650138855,8.29820728302002
2025-09-09 12:00:00,10.3023758076,103.1,28.38,,79.2,,arabian_sea_8n67e,8.0,67.0,1,MODERATE,1.5544743537902832,8.545205116271973
2025-09-10 12:00:00,11.663066952,105.3,28.41,,78.8,,arabian_sea_8n67e,8.0,67.0,1,MODERATE,1.6660633087158203,8.394427299499512
2025-09-11 12:00:00,10.691144706,109.3,28.24,,80.0,,arabian_sea_8n67e,8.0,67.0,1,MODERATE,1.6590994596481323,8.656256675720215
2025-09-12 12:00:00,10.4967602568,107.3,28.1,,78.8,,arabian_sea_8n67e,8.0,67.0,1,MODERATE,1.6266708374023438,8.720489501953125
2025-09-13 12:00:00,2.5269978396,109.3,27.49,,36.5,,arabian_sea_8n67e,8.0,67.0,1,MODERATE,1.5678569078445435,8.753480911254883
2020-01-01 12:00:00,13.4125269948,256.6,28.0,28.11,81.9,,bay_of_bengal_12n90e,12.0,90.0,0,LOW,1.3025851249694824,7.132768630981445
2020-01-02 12:00:00,12.8293736472,265.7,28.2,28.15,81.8,,bay_of_bengal_12n90e,12.0,90.0,0,LOW,1.440024733543396,7.122603416442871
2020-01-03 12:00:00,11.0799136044,268.0,27.9,28.16,78.9,,bay_of_bengal_12n90e,12.0,90.0,0,LOW,1.402661919593811,7.9020233154296875
2020-01-04 12:00:00,6.9978401712,265.2,27.9,28.31,78.6,,bay_of_bengal_12n90e,12.0,90.0,0,LOW,1.2314289808273315,9.41423511505127
2020-01-05 12:00:00,10.691144706,235.4,27.8,28.28,79.7,,bay_of_bengal_12n90e,12.0,90.0,0,LOW,1.106022834777832,8.089770317077637
2020-01-06 12:00:00,16.1339092836,225.5,27.6,28.17,77.8,,bay_of_bengal_12n90e,12.0,90.0,0,LOW,1.4984469413757324,5.938302993774414
2020-01-07 12:00:00,13.8012958932,216.4,26.9,28.13,73.2,,bay_of_bengal_12n90e,12.0,90.0,0,LOW,1.4725682735443115,6.302166938781738
2020-01-08 12:00:00,10.8855291552,213.4,26.8,28.04,73.2,,bay_of_bengal_12n90e,12.0,90.0,0,LOW,1.3642730712890625,7.904497146606445
2020-01-09 12:00:00,10.691144706,203.7,26.9,28.04,76.7,,bay_of_bengal_12n90e,12.0,90.0,0,LOW,1.230750322341919,8.22555160522461
2020-01-10 12:00:00,13.2181425456,211.1,27.2,27.86,76.9,,bay_of_bengal_12n90e,12.0,90.0,0,LOW,1.3900723457336426,6.994697570800781
2020-01-11 12:00:00,15.1619870376,208.2,26.9,27.66,72.3,,bay_of_bengal_12n90e,12.0,90.0,1,MODERATE,1.6327197551727295,6.287581443786621
2020-01-12 12:00:00,10.8855291552,196.5,25.9,27.46,63.8,,bay_of_bengal_12n90e,12.0,90.0,0,LOW,1.4803833961486816,7.061429023742676
2020-01-13 12:00:00,7.775377968,209.7,25.6,27.42,63.1,,bay_of_bengal_12n90e,12.0,90.0,0,LOW,1.1170694828033447,8.531805038452148
2020-01-14 12:00:00,8.747300214,215.1,26.3,27.34,73.5,,bay_of_bengal_12n90e,12.0,90.0,0,LOW,1.0377771854400635,8.639262199401855
2020-01-15 12:00:00,12.634989198,222.5,26.8,27.29,77.9,,bay_of_bengal_12n90e,12.0,90.0,0,LOW,1.2140552997589111,7.302060127258301
2020-01-16 12:00:00,11.2742980536,237.7,26.9,27.28,78.6,,bay_of_bengal_12n90e,12.0,90.0,0,LOW,1.1834584474563599,8.72014045715332
2020-01-17 12:00:00,13.2181425456,226.2,27.1,27.56,77.2,,bay_of_bengal_12n90e,12.0,90.0,0,LOW,1.2537485361099243,8.190775871276855
2020-01-18 12:00:00,11.4686825028,227.1,27.1,27.55,76.1,,bay_of_bengal_12n90e,12.0,90.0,0,LOW,1.2237000465393066,7.980766296386719
2020-01-19 12:00:00,10.3023758076,215.8,27.0,27.59,79.2,,bay_of_bengal_12n90e,12.0,90.0,0,LOW,1.0934665203094482,8.118678092956543
2020-01-20 12:00:00,12.2462202996,220.5,27.0,27.53,75.8,,bay_of_bengal_12n90e,12.0,90.0,0,LOW,1.203089714050293,7.608031272888184
2020-01-21 12:00:00,14.7732181392,226.6,27.3,27.62,78.2,,bay_of_bengal_12n90e,12.0,90.0,0,LOW,1.4252774715423584,6.844168663024902
2020-01-22 12:00:00,15.939524834399998,222.0,27.1,27.55,78.2,,bay_of_bengal_12n90e,12.0,90.0,1,MODERATE,1.6236763000488281,6.759051322937012
2020-01-23 12:00:00,11.2742980536,218.0,27.2,27.51,74.2,,bay_of_bengal_12n90e,12.0,90.0,0,LOW,1.4242758750915527,8.683171272277832
2020-01-24 12:00:00,13.4125269948,220.9,27.0,27.49,73.9,,bay_of_bengal_12n90e,12.0,90.0,0,LOW,1.4682868719100952,8.930082321166992
2020-01-25 12:00:00,13.4125269948,212.5,26.8,27.51,68.3,,bay_of_bengal_12n90e,12.0,90.0,1,MODERATE,1.5804939270019531,7.182600021362305
2020-01-26 12:00:00,11.4686825028,209.6,26.1,27.49,66.5,,bay_of_bengal_12n90e,12.0,90.0,0,LOW,1.2683839797973633,6.835794448852539
2020-01-27 12:00:00,9.71922246,219.4,26.4,27.62,64.0,,bay_of_bengal_12n90e,12.0,90.0,0,LOW,1.2954541444778442,8.729369163513184
2020-01-28 12:00:00,10.3023758076,201.2,26.4,27.55,66.1,,bay_of_bengal_12n90e,12.0,90.0,0,LOW,1.204345464706421,7.794490814208984
2020-01-29 12:00:00,11.8574514012,233.7,26.4,27.46,69.9,,bay_of_bengal_12n90e,12.0,90.0,0,LOW,1.3433136940002441,8.164532661437988
2020-01-30 12:00:00,9.5248380108,227.5,26.7,27.59,74.2,,bay_of_bengal_12n90e,12.0,90.0,0,LOW,1.1159684658050537,7.877619743347168
2020-01-31 12:00:00,9.3304535616,242.9,26.9,27.55,74.5,,bay_of_bengal_12n90e,12.0,90.0,0,LOW,0.9616549611091614,8.512150764465332
2020-02-01 12:00:00,11.663066952,228.4,27.0,27.57,74.8,,bay_of_bengal_12n90e,12.0,90.0,0,LOW,0.9505020380020142,6.909536361694336
2020-02-02 12:00:00,13.8012958932,227.3,27.0,27.46,77.5,,bay_of_bengal_12n90e,12.0,90.0,0,LOW,1.2728798389434814,6.266855239868164
2020-02-03 12:00:00,15.550755936,230.1,26.9,27.39,75.2,,bay_of_bengal_12n90e,12.0,90.0,0,LOW,1.4091501235961914,6.113890647888184
2020-02-04 12:00:00,13.4125269948,231.5,26.6,27.33,74.2,,bay_of_bengal_12n90e,12.0,90.0,0,LOW,1.4785137176513672,6.564538955688477
2020-02-05 12:00:00,11.4686825028,213.1,26.5,27.36,71.0,,bay_of_bengal_12n90e,12.0,90.0,0,LOW,1.2248692512512207,7.091058731079102
2020-02-06 12:00:00,11.4686825028,222.3,26.9,27.65,70.5,,bay_of_bengal_12n90e,12.0,90.0,0,LOW,1.1200435161590576,8.192187309265137
2020-02-07 12:00:00,11.2742980536,241.2,26.9,27.76,71.5,,bay_of_bengal_12n90e,12.0,90.0,0,LOW,1.1152968406677246,7.504636764526367
2020-02-08 12:00:00,10.1079913584,242.4,27.0,27.78,67.3,,bay_of_bengal_12n90e,12.0,90.0,0,LOW,1.1175843477249146,8.040079116821289
2020-02-09 12:00:00,11.4686825028,225.0,27.0,27.83,74.2,,bay_of_bengal_12n90e,12.0,90.0,0,LOW,1.1303191184997559,7.693833351135254
2020-02-10 12:00:00,15.1619870376,224.0,27.2,27.87,72.8,,bay_of_bengal_12n90e,12.0,90.0,0,LOW,1.3742034435272217,6.72210693359375
2020-02-11 12:00:00,17.3002159788,221.4,27.2,27.92,77.4,,bay_of_bengal_12n90e,12.0,90.0,1,MODERATE,1.5193415880203247,6.705751419067383
2020-02-12 12:00:00,16.3282937328,211.8,27.0,27.75,75.0,,bay_of_bengal_12n90e,12.0,90.0,1,MODERATE,1.6279445886611938,7.160464286804199
2020-02-13 12:00:00,11.663066952,207.8,26.5,27.78,73.0,,bay_of_bengal_12n90e,12.0,90.0,1,MODERATE,1.5382846593856812,7.554546356201172
2020-02-14 12:00:00,5.0539956792,200.6,26.0,27.98,69.5,,bay_of_bengal_12n90e,12.0,90.0,0,LOW,1.1901156902313232,10.071581840515137
2020-02-15 12:00:00,7.775377968,235.1,26.0,27.92,66.8,,bay_of_bengal_12n90e,12.0,90.0,0,LOW,1.1269707679748535,11.092845916748047
2020-02-16 12:00:00,10.1079913584,233.6,26.6,27.8,66.0,,bay_of_bengal_12n90e,12.0,90.0,0,LOW,1.0455273389816284,9.42288875579834
2020-02-17 12:00:00,10.691144706,223.5,26.4,27.79,61.0,,bay_of_bengal_12n90e,12.0,90.0,0,LOW,1.0569281578063965,7.3799285888671875
2020-02-18 12:00:00,8.5529157648,223.2,26.1,27.97,67.8,,bay_of_bengal_12n90e,12.0,90.0,0,LOW,0.9311107397079468,7.850848197937012
2020-02-19 12:00:00,12.0518358504,223.0,27.0,27.93,77.4,,bay_of_bengal_12n90e,12.0,90.0,0,LOW,1.0492191314697266,7.4679670333862305
2020-02-20 12:00:00,14.7732181392,232.5,27.3,27.97,80.9,,bay_of_bengal_12n90e,12.0,90.0,0,LOW,1.4821860790252686,8.639622688293457
2020-02-21 12:00:00,16.3282937328,231.8,27.5,28.04,77.3,,bay_of_bengal_12n90e,12.0,90.0,1,MODERATE,1.7106714248657227,8.539983749389648
2020-02-22 12:00:00,16.1339092836,229.4,27.6,28.03,76.9,,bay_of_bengal_12n90e,12.0,90.0,1,MODERATE,1.5460559129714966,7.222146987915039
2020-02-23 12:00:00,14.1900647916,231.7,27.7,28.06,76.6,,bay_of_bengal_12n90e,12.0,90.0,0,LOW,1.344686508178711,6.904914855957031
2020-02-24 12:00:00,12.4406047488,239.0,27.7,28.08,75.9,,bay_of_bengal_12n90e,12.0,90.0,0,LOW,1.0798957347869873,6.716761589050293
2020-02-25 12:00:00,10.1079913584,250.9,27.6,28.08,79.0,,bay_of_bengal_12n90e,12.0,90.0,0,LOW,1.0048880577087402,8.087333679199219
2020-02-26 12:00:00,9.9136069092,245.5,27.5,28.09,77.8,,bay_of_bengal_12n90e,12.0,90.0,0,LOW,0.9954661726951599,7.790994644165039
2020-02-27 12:00:00,12.0518358504,227.6,27.2,28.03,77.0,,bay_of_bengal_12n90e,12.0,90.0,0,LOW,1.3139100074768066,7.656808853149414
2020-02-28 12:00:00,13.0237580964,218.9,26.9,27.95,75.9,,bay_of_bengal_12n90e,12.0,90.0,0,LOW,1.2049157619476318,6.678421974182129
2020-02-29 12:00:00,9.1360691124,213.7,26.8,28.05,75.1,,bay_of_bengal_12n90e,12.0,90.0,0,LOW,1.0845448970794678,7.8300371170043945
2020-03-01 12:00:00,9.1360691124,222.4,26.8,27.85,74.6,,bay_of_bengal_12n90e,12.0,90.0,0,LOW,0.9984047412872314,7.999096870422363
2020-03-02 12:00:00,7.775377968,236.3,26.9,27.66,73.2,,bay_of_bengal_12n90e,12.0,90.0,0,LOW,1.0665464401245117,9.220697402954102
2020-03-03 12:00:00,6.9978401712,228.4,26.9,27.7,74.6,,bay_of_bengal_12n90e,12.0,90.0,0,LOW,0.8696323037147522,8.750696182250977
2020-03-04 12:00:00,7.5809935188,246.0,26.8,27.86,74.3,,bay_of_bengal_12n90e,12.0,90.0,0,LOW,0.9558478593826294,9.44363784790039
2020-03-05 12:00:00,5.2483801284,252.9,27.0,28.06,75.8,,bay_of_bengal_12n90e,12.0,90.0,0,LOW,0.8469541072845459,9.707467079162598
2020-03-06 12:00:00,9.5248380108,246.0,27.4,27.99,81.6,,bay_of_bengal_12n90e,12.0,90.0,0,LOW,1.0398614406585693,10.04804515838623
2020-03-07 12:00:00,9.1360691124,255.1,27.6,28.1,81.2,,bay_of_bengal_12n90e,12.0,90.0,0,LOW,1.0007150173187256,9.258269309997559
2020-03-08 12:00:00,8.5529157648,225.0,27.3,28.08,78.1,,bay_of_bengal_12n90e,12.0,90.0,0,LOW,1.0842862129211426,8.844636917114258
2020-03-09 12:00:00,8.358531315599999,213.7,27.2,28.11,72.7,,bay_of_bengal_12n90e,12.0,90.0,0,LOW,0.9996618628501892,7.754086494445801
2020-03-10 12:00:00,7.775377968,225.0,27.5,28.2,74.2,,bay_of_bengal_12n90e,12.0,90.0,0,LOW,0.9670814275741577,7.960848808288574
2020-03-11 12:00:00,6.414686823599999,228.7,27.0,28.19,72.0,,bay_of_bengal_12n90e,12.0,90.0,0,LOW,0.9187806844711304,8.037894248962402
2020-03-12 12:00:00,7.969762417199999,221.1,27.1,28.2,72.3,,bay_of_bengal_12n90e,12.0,90.0,0,LOW,1.136173963546753,11.89840316772461
2020-03-13 12:00:00,9.3304535616,242.9,27.2,28.1,75.0,,bay_of_bengal_12n90e,12.0,90.0,0,LOW,1.4062567949295044,11.881311416625977
2020-03-14 12:00:00,7.3866090696,222.9,27.4,28.26,78.5,,bay_of_bengal_12n90e,12.0,90.0,0,LOW,1.3208014965057373,10.730685234069824
2020-03-15 12:00:00,10.3023758076,219.7,27.7,28.22,83.3,,bay_of_bengal_12n90e,12.0,90.0,0,LOW,1.2773866653442383,8.831833839416504
2020-03-16 12:00:00,7.775377968,213.7,28.2,28.49,80.7,,bay_of_bengal_12n90e,12.0,90.0,0,LOW,1.0728416442871094,9.600086212158203
2020-03-17 12:00:00,6.414686823599999,222.5,28.1,28.61,81.6,,bay_of_bengal_12n90e,12.0,90.0,0,LOW,1.105013132095337,9.67818832397461
2020-03-18 12:00:00,8.5529157648,214.8,27.8,28.62,75.6,,bay_of_bengal_12n90e,12.0,90.0,0,LOW,1.0344932079315186,8.8966703414917
2020-03-19 12:00:00,5.831533476,226.3,27.8,28.64,75.5,,bay_of_bengal_12n90e,12.0,90.0,0,LOW,0.9933547377586365,9.386560440063477
2020-03-20 12:00:00,6.803455722,216.9,27.4,28.54,73.0,,bay_of_bengal_12n90e,12.0,90.0,0,LOW,1.0291292667388916,8.8280668258667
2020-03-21 12:00:00,5.831533476,256.4,27.2,28.72,72.8,,bay_of_bengal_12n90e,12.0,90.0,0,LOW,0.9494491815567017,9.260249137878418
2020-03-22 12:00:00,5.442764577599999,222.1,27.7,29.01,71.1,,bay_of_bengal_12n90e,12.0,90.0,0,LOW,0.9395317435264587,10.176677703857422
2020-03-23 12:00:00,6.803455722,223.8,27.5,28.81,73.4,,bay_of_bengal_12n90e,12.0,90.0,0,LOW,0.9613077044487,9.241143226623535
2020-03-24 12:00:00,10.691144706,225.0,27.6,28.8,75.8,,bay_of_bengal_12n90e,12.0,90.0,0,LOW,1.092550277709961,6.648224830627441
2020-03-25 12:00:00,6.0259179252,231.6,27.7,28.6,73.4,,bay_of_bengal_12n90e,12.0,90.0,0,LOW,0.9434424638748169,7.985345840454102
2020-03-26 12:00:00,9.71922246,229.0,27.6,28.84,75.3,,bay_of_bengal_12n90e,12.0,90.0,0,LOW,0.9897506833076477,7.450262069702148
2020-03-27 12:00:00,8.1641468664,210.3,27.8,28.88,74.1,,bay_of_bengal_12n90e,12.0,90.0,0,LOW,0.8821411728858948,8.603343963623047
2020-03-28 12:00:00,5.2483801284,206.6,27.8,28.95,68.4,,bay_of_bengal_12n90e,12.0,90.0,0,LOW,0.7130330801010132,8.436107635498047
2020-03-29 12:00:00,4.665226780799999,192.3,27.9,29.01,69.6,,bay_of_bengal_12n90e,12.0,90.0,0,LOW,0.6505318284034729,9.396034240722656
2020-03-30 12:00:00,5.0539956792,215.5,28.4,29.37,71.7,,bay_of_bengal_12n90e,12.0,90.0,0,LOW,0.7011325359344482,10.563750267028809
2020-03-31 12:00:00,5.6371490267999995,204.8,28.4,29.32,78.3,,bay_of_bengal_12n90e,12.0,90.0,0,LOW,0.7657967209815979,10.369161605834961
2020-04-01 12:00:00,4.665226780799999,177.6,28.4,29.36,77.4,,bay_of_bengal_12n90e,12.0,90.0,0,LOW,0.8798770904541016,10.590060234069824
2020-04-02 12:00:00,3.1101511872,240.3,28.4,29.51,73.9,,bay_of_bengal_12n90e,12.0,90.0,0,LOW,1.0578563213348389,11.253642082214355
2020-04-03 12:00:00,3.1101511872,270.0,28.7,29.66,74.1,,bay_of_bengal_12n90e,12.0,90.0,0,LOW,1.2141839265823364,12.210787773132324
2020-04-04 12:00:00,6.0259179252,225.0,28.7,29.63,76.6,,bay_of_bengal_12n90e,12.0,90.0,0,LOW,1.2190377712249756,11.717894554138184
2020-04-05 12:00:00,5.831533476,187.6,28.6,29.7,75.2,,bay_of_bengal_12n90e,12.0,90.0,0,LOW,1.1296660900115967,12.048250198364258
2020-04-06 12:00:00,5.2483801284,199.8,28.6,29.85,72.3,,bay_of_bengal_12n90e,12.0,90.0,0,LOW,1.1368651390075684,11.820451736450195
2020-04-07 12:00:00,3.4989200856,186.3,28.6,29.92,71.8,,bay_of_bengal_12n90e,12.0,90.0,0,LOW,1.296417236328125,13.042181968688965
2020-04-08 12:00:00,4.2764578824,198.4,28.8,29.96,73.3,,bay_of_bengal_12n90e,12.0,90.0,1,MODERATE,1.6225626468658447,14.00840950012207
2020-04-09 12:00:00,4.2764578824,249.1,28.6,29.98,71.5,,bay_of_bengal_12n90e,12.0,90.0,1,MODERATE,1.6498910188674927,12.975476264953613
2020-04-10 12:00:00,6.2203023744,244.2,28.6,29.82,72.4,,bay_of_bengal_12n90e,12.0,90.0,0,LOW,1.4608232975006104,12.209771156311035
2020-04-11 12:00:00,7.1922246204,229.4,28.8,29.84,73.8,,bay_of_bengal_12n90e,12.0,90.0,0,LOW,1.4500601291656494,11.516935348510742
2020-04-12 12:00:00,5.6371490267999995,211.0,28.9,29.92,73.6,,bay_of_bengal_12n90e,12.0,90.0,1,MODERATE,1.6649296283721924,12.047820091247559
2020-04-13 12:00:00,4.470842331599999,232.1,28.7,30.04,76.2,,bay_of_bengal_12n90e,12.0,90.0,1,MODERATE,1.9389292001724243,12.134431838989258
2020-04-14 12:00:00,5.6371490267999995,236.3,29.0,29.89,75.5,,bay_of_bengal_12n90e,12.0,90.0,1,MODERATE,1.678344488143921,11.51937198638916
2020-04-15 12:00:00,4.85961123,208.6,29.0,29.98,74.9,,bay_of_bengal_12n90e,12.0,90.0,0,LOW,1.4893102645874023,11.008472442626953
2020-04-16 12:00:00,3.6933045348,216.3,29.1,30.19,73.5,,bay_of_bengal_12n90e,12.0,90.0,0,LOW,1.2871506214141846,10.688356399536133
2020-04-17 12:00:00,2.915766738,270.0,29.3,30.53,74.8,,bay_of_bengal_12n90e,12.0,90.0,0,LOW,1.1669948101043701,10.30867862701416
2020-04-18 12:00:00,4.470842331599999,262.6,29.7,30.6,75.2,,bay_of_bengal_12n90e,12.0,90.0,0,LOW,1.1661255359649658,10.447342872619629
2020-04-19 12:00:00,8.1641468664,238.6,29.7,30.54,76.1,,bay_of_bengal_12n90e,12.0,90.0,0,LOW,1.3321056365966797,10.340731620788574
2020-04-20 12:00:00,9.5248380108,238.2,29.9,30.46,77.3,,bay_of_bengal_12n90e,12.0,90.0,0,LOW,1.2468295097351074,9.672652244567871
2020-04-21 12:00:00,7.775377968,243.4,29.8,30.5,76.8,,bay_of_bengal_12n90e,12.0,90.0,0,LOW,1.2755017280578613,10.814159393310547
2020-04-22 12:00:00,6.2203023744,262.9,29.9,30.6,76.1,,bay_of_bengal_12n90e,12.0,90.0,0,LOW,1.1297436952590942,10.794819831848145
2020-04-23 12:00:00,5.0539956792,265.6,29.8,30.79,74.8,,bay_of_bengal_12n90e,12.0,90.0,0,LOW,1.1177480220794678,11.51965045928955
2020-04-24 12:00:00,3.3045356364,287.4,29.9,30.98,73.1,,bay_of_bengal_12n90e,12.0,90.0,0,LOW,1.1623690128326416,11.84567642211914
2020-04-25 12:00:00,7.3866090696,283.7,30.2,30.98,75.8,,bay_of_bengal_12n90e,12.0,90.0,0,LOW,1.333406925201416,11.395251274108887
2020-04-26 12:00:00,9.5248380108,309.2,30.2,30.64,75.5,,bay_of_bengal_12n90e,12.0,90.0,0,LOW,1.3101431131362915,10.589144706726074
2020-04-27 12:00:00,8.1641468664,279.7,30.2,30.84,75.2,,bay_of_bengal_12n90e,12.0,90.0,1,MODERATE,1.5790495872497559,12.09582805633545
2020-04-28 12:00:00,8.747300214,316.8,29.9,30.77,76.5,,bay_of_bengal_12n90e,12.0,90.0,1,MODERATE,1.7340385913848877,11.407142639160156
2020-04-29 12:00:00,2.5269978396,265.6,28.9,30.74,79.5,,bay_of_bengal_12n90e,12.0,90.0,1,MODERATE,1.5550408363342285,11.83359146118164
2020-04-30 12:00:00,4.2764578824,294.2,29.5,30.86,76.2,,bay_of_bengal_12n90e,12.0,90.0,0,LOW,1.2928574085235596,10.550715446472168
2020-05-01 12:00:00,2.5269978396,283.0,30.0,31.48,73.1,,bay_of_bengal_12n90e,12.0,90.0,0,LOW,1.0682661533355713,9.139999389648438
2020-05-02 12:00:00,5.6371490267999995,292.2,29.5,31.03,76.8,,bay_of_bengal_12n90e,12.0,90.0,0,LOW,0.94999098777771,9.151432037353516
2020-05-03 12:00:00,5.831533476,327.4,29.9,31.1,76.9,,bay_of_bengal_12n90e,12.0,90.0,0,LOW,1.3094457387924194,13.115471839904785
2020-05-04 12:00:00,2.915766738,293.2,30.4,31.33,73.5,,bay_of_bengal_12n90e,12.0,90.0,1,MODERATE,1.9315147399902344,14.288561820983887
2020-05-05 12:00:00,2.5269978396,270.0,30.3,31.31,76.2,,bay_of_bengal_12n90e,12.0,90.0,1,MODERATE,1.9716819524765015,13.681581497192383
2020-05-06 12:00:00,0.7775377968,166.0,30.3,31.47,74.2,,bay_of_bengal_12n90e,12.0,90.0,1,MODERATE,1.825144648551941,12.277576446533203
2020-05-07 12:00:00,2.3326133903999997,125.0,30.0,31.12,75.3,,bay_of_bengal_12n90e,12.0,90.0,1,MODERATE,1.5366079807281494,10.843400001525879
2020-05-08 12:00:00,2.7213822887999997,140.7,30.6,31.74,71.9,,bay_of_bengal_12n90e,12.0,90.0,1,MODERATE,1.6395728588104248,10.704553604125977
2020-05-09 12:00:00,3.6933045348,233.7,30.7,31.48,72.0,,bay_of_bengal_12n90e,12.0,90.0,1,MODERATE,1.5845158100128174,10.695903778076172
2020-05-10 12:00:00,2.5269978396,237.5,30.5,31.56,73.2,,bay_of_bengal_12n90e,12.0,90.0,1,MODERATE,1.5326087474822998,11.280655860900879
2020-05-11 12:00:00,7.5809935188,247.4,30.4,31.38,72.3,,bay_of_bengal_12n90e,12.0,90.0,0,LOW,1.3969831466674805,10.803661346435547
2020-05-12 12:00:00,9.1360691124,276.1,29.7,31.19,77.6,,bay_of_bengal_12n90e,12.0,90.0,1,MODERATE,1.6115527153015137,10.517263412475586
2020-05-13 12:00:00,13.8012958932,275.6,29.0,30.92,83.9,,bay_of_bengal_12n90e,12.0,90.0,1,MODERATE,1.7902674674987793,8.164648056030273
2020-05-14 12:00:00,15.939524834399998,305.0,28.6,30.69,84.0,,bay_of_bengal_12n90e,12.0,90.0,1,MODERATE,1.9215391874313354,8.29400634765625
2020-05-15 12:00:00,17.3002159788,297.4,28.8,30.55,82.2,,bay_of_bengal_12n90e,12.0,90.0,1,MODERATE,2.036010265350342,8.500547409057617
2020-05-16 12:00:00,19.43844492,294.3,28.0,30.37,87.1,,bay_of_bengal_12n90e,12.0,90.0,1,MODERATE,2.323268175125122,7.242420196533203
2020-05-17 12:00:00,28.185745134,330.3,28.7,30.01,86.6,,bay_of_bengal_12n90e,12.0,90.0,3,EXTREME,4.105937957763672,9.490816116333008
2020-05-18 12:00:00,29.15766738,23.7,28.6,29.17,81.6,,bay_of_bengal_12n90e,12.0,90.0,3,EXTREME,4.907165050506592,9.677865028381348
2020-05-19 12:00:00,20.2159827168,36.4,29.1,28.8,84.6,,bay_of_bengal_12n90e,12.0,90.0,3,EXTREME,4.294107913970947,10.154909133911133
2020-05-20 12:00:00,19.43844492,31.5,29.3,29.0,87.5,,bay_of_bengal_12n90e,12.0,90.0,3,EXTREME,4.036886692047119,10.676342964172363
2020-05-21 12:00:00,13.2181425456,31.1,29.2,29.01,87.8,,bay_of_bengal_12n90e,12.0,90.0,1,MODERATE,2.632467031478882,9.283377647399902
2020-05-22 12:00:00,10.8855291552,15.5,29.1,29.08,86.8,,bay_of_bengal_12n90e,12.0,90.0,1,MODERATE,2.03275728225708,9.363280296325684
2020-05-23 12:00:00,7.969762417199999,350.1,29.3,29.5,83.7,,bay_of_bengal_12n90e,12.0,90.0,1,MODERATE,2.0219650268554688,10.252269744873047
2020-05-24 12:00:00,7.5809935188,311.9,29.5,29.71,82.4,,bay_of_bengal_12n90e,12.0,90.0,1,MODERATE,1.5784245729446411,10.059758186340332
2020-05-25 12:00:00,9.3304535616,328.6,29.6,29.73,82.4,,bay_of_bengal_12n90e,12.0,90.0,1,MODERATE,1.6183714866638184,9.190713882446289
2020-05-26 12:00:00,8.747300214,351.0,29.7,29.94,81.1,,bay_of_bengal_12n90e,12.0,90.0,1,MODERATE,1.6628773212432861,10.691924095153809
2020-05-27 12:00:00,10.691144706,27.0,29.6,29.82,81.8,,bay_of_bengal_12n90e,12.0,90.0,1,MODERATE,2.1154494285583496,11.621001243591309
2020-05-28 12:00:00,10.4967602568,32.2,29.7,29.71,83.6,,bay_of_bengal_12n90e,12.0,90.0,1,MODERATE,2.3288869857788086,10.844643592834473
2020-05-29 12:00:00,11.8574514012,35.0,29.4,29.61,84.5,,bay_of_bengal_12n90e,12.0,90.0,1,MODERATE,2.2482986450195312,10.222583770751953
2020-05-30 12:00:00,10.3023758076,38.8,29.5,29.72,82.9,,bay_of_bengal_12n90e,12.0,90.0,1,MODERATE,2.1036250591278076,10.403790473937988
2020-05-31 12:00:00,7.969762417199999,31.0,29.4,29.84,83.1,,bay_of_bengal_12n90e,12.0,90.0,1,MODERATE,1.9390580654144287,10.529826164245605
2020-06-01 12:00:00,5.6371490267999995,67.8,29.2,30.07,82.4,,bay_of_bengal_12n90e,12.0,90.0,1,MODERATE,1.6855592727661133,10.256744384765625
2020-06-02 12:00:00,7.969762417199999,72.9,28.7,29.86,82.7,,bay_of_bengal_12n90e,12.0,90.0,1,MODERATE,1.5057520866394043,9.93213939666748
2020-06-03 12:00:00,11.4686825028,56.9,29.8,30.04,79.1,,bay_of_bengal_12n90e,12.0,90.0,0,LOW,1.4660038948059082,10.06737995147705
2020-06-04 12:00:00,13.2181425456,52.8,29.8,29.95,80.1,,bay_of_bengal_12n90e,12.0,90.0,1,MODERATE,1.6505006551742554,9.061019897460938
2020-06-05 12:00:00,13.4125269948,52.6,29.6,29.88,81.9,,bay_of_bengal_12n90e,12.0,90.0,1,MODERATE,1.6720688343048096,9.183300018310547
2020-06-06 12:00:00,15.939524834399998,59.0,28.8,29.85,80.8,,bay_of_bengal_12n90e,12.0,90.0,1,MODERATE,2.1067070960998535,9.476820945739746
2020-06-07 12:00:00,13.2181425456,76.4,29.1,29.73,79.4,,bay_of_bengal_12n90e,12.0,90.0,1,MODERATE,2.535736560821533,9.656997680664062
2020-06-08 12:00:00,13.2181425456,61.2,28.5,29.61,81.9,,bay_of_bengal_12n90e,12.0,90.0,1,MODERATE,2.400850534439087,8.730260848999023
2020-06-09 12:00:00,14.7732181392,67.5,28.6,29.42,82.8,,bay_of_bengal_12n90e,12.0,90.0,1,MODERATE,2.366769790649414,7.48747444152832
2020-06-10 12:00:00,16.3282937328,40.2,28.8,29.38,82.0,,bay_of_bengal_12n90e,12.0,90.0,1,MODERATE,2.4909281730651855,7.355698585510254
2020-06-11 12:00:00,17.494600428,29.4,28.7,29.38,83.1,,bay_of_bengal_12n90e,12.0,90.0,1,MODERATE,2.665444850921631,8.027006149291992
2020-06-12 12:00:00,16.1339092836,34.7,29.6,29.34,83.6,,bay_of_bengal_12n90e,12.0,90.0,1,MODERATE,2.4272420406341553,8.532464027404785
2020-06-13 12:00:00,14.3844492408,32.8,29.6,29.56,83.5,,bay_of_bengal_12n90e,12.0,90.0,1,MODERATE,2.177885055541992,9.176541328430176
2020-06-14 12:00:00,14.1900647916,32.2,29.6,29.58,83.3,,bay_of_bengal_12n90e,12.0,90.0,1,MODERATE,1.8964807987213135,8.473357200622559
2020-06-15 12:00:00,15.1619870376,22.6,29.6,29.57,85.0,,bay_of_bengal_12n90e,12.0,90.0,1,MODERATE,1.9865325689315796,7.519767761230469
2020-06-16 12:00:00,16.3282937328,33.9,29.7,29.69,84.9,,bay_of_bengal_12n90e,12.0,90.0,1,MODERATE,2.281289577484131,8.475044250488281
2020-06-17 12:00:00,15.939524834399998,26.9,29.7,29.63,84.3,,bay_of_bengal_12n90e,12.0,90.0,1,MODERATE,2.4433155059814453,9.097966194152832
2020-06-18 12:00:00,14.9676025884,36.0,29.7,29.67,84.5,,bay_of_bengal_12n90e,12.0,90.0,1,MODERATE,2.305911064147949,8.944302558898926
2020-06-19 12:00:00,13.8012958932,32.3,29.7,29.63,83.6,,bay_of_bengal_12n90e,12.0,90.0,1,MODERATE,1.9628684520721436,8.952715873718262
2020-06-20 12:00:00,12.4406047488,25.8,29.7,29.66,84.4,,bay_of_bengal_12n90e,12.0,90.0,1,MODERATE,1.7844538688659668,9.309690475463867
2020-06-21 12:00:00,11.8574514012,46.3,29.4,29.64,83.2,,bay_of_bengal_12n90e,12.0,90.0,1,MODERATE,1.9376904964447021,9.324466705322266
2020-06-22 12:00:00,9.9136069092,33.1,28.6,29.8,83.4,,bay_of_bengal_12n90e,12.0,90.0,1,MODERATE,1.9886186122894287,10.665492057800293
2020-06-23 12:00:00,5.6371490267999995,14.0,28.8,29.99,78.6,,bay_of_bengal_12n90e,12.0,90.0,1,MODERATE,2.04243803024292,11.501124382019043
2020-06-24 12:00:00,6.0259179252,317.6,28.4,29.76,80.4,,bay_of_bengal_12n90e,12.0,90.0,1,MODERATE,1.7420337200164795,11.143108367919922
2020-06-25 12:00:00,8.941684663199998,2.5,28.8,29.76,80.2,,bay_of_bengal_12n90e,12.0,90.0,1,MODERATE,1.861899495124817,9.920408248901367
2020-06-26 12:00:00,10.1079913584,21.6,29.2,29.78,79.3,,bay_of_bengal_12n90e,12.0,90.0,1,MODERATE,1.9231715202331543,9.366772651672363
2020-06-27 12:00:00,10.4967602568,18.4,29.5,29.83,79.8,,bay_of_bengal_12n90e,12.0,90.0,1,MODERATE,1.916928768157959,10.653717994689941
2020-06-28 12:00:00,11.663066952,7.7,29.3,29.84,81.6,,bay_of_bengal_12n90e,12.0,90.0,1,MODERATE,1.7205884456634521,9.184507369995117
2020-06-29 12:00:00,13.4125269948,16.9,29.1,29.89,83.2,,bay_of_bengal_12n90e,12.0,90.0,1,MODERATE,1.7619441747665405,7.973785400390625
2020-06-30 12:00:00,13.0237580964,19.2,27.8,29.74,83.9,,bay_of_bengal_12n90e,12.0,90.0,1,MODERATE,1.9880928993225098,7.778891563415527
2020-07-01 12:00:00,13.606911444,42.1,28.9,29.66,83.7,,bay_of_bengal_12n90e,12.0,90.0,1,MODERATE,2.402534008026123,9.664080619812012
2020-07-02 12:00:00,16.9114470804,45.5,29.0,29.63,83.2,,bay_of_bengal_12n90e,12.0,90.0,1,MODERATE,2.6655561923980713,9.074152946472168
2020-07-03 12:00:00,21.382289412,29.4,28.8,29.57,82.0,,bay_of_bengal_12n90e,12.0,90.0,2,HIGH,3.1773407459259033,8.667635917663574
2020-07-04 12:00:00,19.6328293692,32.9,29.3,29.49,82.0,,bay_of_bengal_12n90e,12.0,90.0,2,HIGH,3.042323589324951,8.206002235412598
2020-07-05 12:00:00,16.9114470804,39.0,29.2,29.45,83.3,,bay_of_bengal_12n90e,12.0,90.0,1,MODERATE,2.4674532413482666,8.358198165893555
2020-07-06 12:00:00,14.7732181392,36.4,29.5,29.51,83.1,,bay_of_bengal_12n90e,12.0,90.0,1,MODERATE,2.251664161682129,8.558647155761719
2020-07-07 12:00:00,8.941684663199998,24.3,29.4,29.56,82.3,,bay_of_bengal_12n90e,12.0,90.0,1,MODERATE,1.7918115854263306,9.746659278869629
2020-07-08 12:00:00,6.6090712728,8.4,27.7,29.42,83.0,,bay_of_bengal_12n90e,12.0,90.0,1,MODERATE,1.6696723699569702,9.898940086364746
2020-07-09 12:00:00,11.4686825028,29.6,28.4,29.39,82.3,,bay_of_bengal_12n90e,12.0,90.0,1,MODERATE,1.7736351490020752,9.4501314163208
2020-07-10 12:00:00,14.1900647916,32.2,28.9,29.45,82.5,,bay_of_bengal_12n90e,12.0,90.0,1,MODERATE,2.037578582763672,10.600909233093262
2020-07-11 12:00:00,13.9956803424,40.5,29.1,29.44,82.0,,bay_of_bengal_12n90e,12.0,90.0,1,MODERATE,2.5187172889709473,11.631004333496094
2020-07-12 12:00:00,11.4686825028,36.1,29.0,29.45,82.0,,bay_of_bengal_12n90e,12.0,90.0,1,MODERATE,2.682422637939453,13.455766677856445
2020-07-13 12:00:00,14.57883369,35.2,28.8,29.35,82.3,,bay_of_bengal_12n90e,12.0,90.0,1,MODERATE,2.511934757232666,12.40394115447998
2020-07-14 12:00:00,15.7451403852,25.0,28.6,29.28,83.7,,bay_of_bengal_12n90e,12.0,90.0,1,MODERATE,2.7862374782562256,12.124236106872559
2020-07-15 12:00:00,16.3282937328,26.3,29.2,29.24,81.7,,bay_of_bengal_12n90e,12.0,90.0,1,MODERATE,2.5329365730285645,10.245283126831055
2020-07-16 12:00:00,14.57883369,29.6,27.7,29.17,83.9,,bay_of_bengal_12n90e,12.0,90.0,1,MODERATE,2.259725570678711,9.286832809448242
2020-07-17 12:00:00,9.9136069092,2.2,28.3,29.15,82.4,,bay_of_bengal_12n90e,12.0,90.0,1,MODERATE,2.3787851333618164,12.006327629089355
2020-07-18 12:00:00,8.941684663199998,358.8,28.9,29.35,81.3,,bay_of_bengal_12n90e,12.0,90.0,1,MODERATE,2.534546375274658,13.234002113342285
2020-07-19 12:00:00,7.969762417199999,12.7,28.6,29.4,81.4,,bay_of_bengal_12n90e,12.0,90.0,1,MODERATE,2.3546254634857178,13.113335609436035
2020-07-20 12:00:00,9.3304535616,23.4,29.0,29.59,79.7,,bay_of_bengal_12n90e,12.0,90.0,1,MODERATE,2.0167763233184814,11.966796875
2020-07-21 12:00:00,9.71922246,13.8,29.1,29.65,79.2,,bay_of_bengal_12n90e,12.0,90.0,1,MODERATE,2.0483877658843994,11.866106033325195
2020-07-22 12:00:00,9.9136069092,19.5,29.2,29.65,79.8,,bay_of_bengal_12n90e,12.0,90.0,1,MODERATE,1.8708826303482056,10.716386795043945
2020-07-23 12:00:00,11.4686825028,70.0,28.2,29.5,80.4,,bay_of_bengal_12n90e,12.0,90.0,1,MODERATE,1.7262802124023438,10.440909385681152
2020-07-24 12:00:00,3.4989200856,102.5,27.3,29.27,83.6,,bay_of_bengal_12n90e,12.0,90.0,1,MODERATE,1.755063772201538,11.34238052368164
2020-07-25 12:00:00,3.6933045348,186.0,29.0,29.74,73.4,,bay_of_bengal_12n90e,12.0,90.0,1,MODERATE,1.683122992515564,11.134992599487305
2020-07-26 12:00:00,3.6933045348,154.8,29.2,30.02,75.1,,bay_of_bengal_12n90e,12.0,90.0,1,MODERATE,1.6129063367843628,12.315031051635742
2020-07-27 12:00:00,1.943844492,180.0,29.1,30.06,76.2,,bay_of_bengal_12n90e,12.0,90.0,1,MODERATE,2.7148027420043945,15.415266990661621
2020-07-28 12:00:00,8.1641468664,323.7,28.9,29.81,80.8,,bay_of_bengal_12n90e,12.0,90.0,1,MODERATE,2.655924081802368,13.7357759475708
2020-07-29 12:00:00,13.2181425456,23.5,29.0,29.73,80.1,,bay_of_bengal_12n90e,12.0,90.0,2,HIGH,3.1344680786132812,10.801250457763672
2020-07-30 12:00:00,13.2181425456,29.2,29.0,29.67,80.8,,bay_of_bengal_12n90e,12.0,90.0,1,MODERATE,2.607929229736328,10.951336860656738
2020-07-31 12:00:00,13.9956803424,53.4,29.3,29.62,80.2,,bay_of_bengal_12n90e,12.0,90.0,1,MODERATE,2.6959381103515625,10.239608764648438
2020-08-01 12:00:00,15.1619870376,55.5,28.3,29.53,84.8,,bay_of_bengal_12n90e,12.0,90.0,1,MODERATE,2.410569190979004,8.809900283813477
2020-08-02 12:00:00,18.6609071232,71.8,28.4,29.44,85.4,,bay_of_bengal_12n90e,12.0,90.0,2,HIGH,3.2862515449523926,8.451486587524414
2020-08-03 12:00:00,23.5205183532,60.3,29.2,29.34,82.1,,bay_of_bengal_12n90e,12.0,90.0,2,HIGH,3.9102818965911865,8.529515266418457
2020-08-04 12:00:00,22.9373650056,59.5,28.9,29.29,83.2,,bay_of_bengal_12n90e,12.0,90.0,3,EXTREME,4.304969310760498,9.064247131347656
2020-08-05 12:00:00,21.771058310399997,34.8,29.5,29.25,80.6,,bay_of_bengal_12n90e,12.0,90.0,2,HIGH,3.4850544929504395,9.021835327148438
2020-08-06 12:00:00,16.9114470804,31.3,29.4,29.25,82.4,,bay_of_bengal_12n90e,12.0,90.0,1,MODERATE,2.7034285068511963,9.474864959716797
2020-08-07 12:00:00,12.0518358504,50.2,29.2,29.38,84.7,,bay_of_bengal_12n90e,12.0,90.0,1,MODERATE,2.434749126434326,10.3696870803833
2020-08-08 12:00:00,14.9676025884,63.8,28.3,29.34,84.3,,bay_of_bengal_12n90e,12.0,90.0,1,MODERATE,2.5563879013061523,11.174783706665039
2020-08-09 12:00:00,16.1339092836,55.7,28.4,29.28,82.6,,bay_of_bengal_12n90e,12.0,90.0,2,HIGH,3.142526626586914,10.094303131103516
2020-08-10 12:00:00,15.1619870376,48.1,28.8,29.25,83.1,,bay_of_bengal_12n90e,12.0,90.0,1,MODERATE,2.6113178730010986,9.606207847595215
2020-08-11 12:00:00,17.3002159788,50.4,29.3,29.28,81.5,,bay_of_bengal_12n90e,12.0,90.0,1,MODERATE,2.326671838760376,8.64699935913086
2020-08-12 12:00:00,16.3282937328,61.6,28.7,29.24,83.0,,bay_of_bengal_12n90e,12.0,90.0,1,MODERATE,2.2612826824188232,8.311582565307617
2020-08-13 12:00:00,19.43844492,41.3,29.3,29.24,82.6,,bay_of_bengal_12n90e,12.0,90.0,2,HIGH,2.90476655960083,9.075540542602539
2020-08-14 12:00:00,18.466522674,32.5,29.3,29.26,82.0,,bay_of_bengal_12n90e,12.0,90.0,2,HIGH,3.013852119445801,9.624584197998047
2020-08-15 12:00:00,17.494600428,32.8,29.3,29.28,80.8,,bay_of_bengal_12n90e,12.0,90.0,1,MODERATE,2.7339301109313965,8.861959457397461
2020-08-16 12:00:00,15.7451403852,32.9,29.0,29.24,81.2,,bay_of_bengal_12n90e,12.0,90.0,1,MODERATE,2.203578472137451,8.653558731079102
2020-08-17 12:00:00,15.1619870376,24.9,29.1,29.24,80.1,,bay_of_bengal_12n90e,12.0,90.0,1,MODERATE,2.011786460876465,8.415401458740234
2020-08-18 12:00:00,14.7732181392,38.1,29.0,29.23,81.7,,bay_of_bengal_12n90e,12.0,90.0,1,MODERATE,2.030041456222534,8.11613655090332
2020-08-19 12:00:00,16.9114470804,34.2,28.7,29.17,81.7,,bay_of_bengal_12n90e,12.0,90.0,1,MODERATE,2.2003676891326904,7.991399765014648
2020-08-20 12:00:00,16.717062631199997,29.8,29.3,29.14,80.1,,bay_of_bengal_12n90e,12.0,90.0,1,MODERATE,2.2326481342315674,8.31032943725586
2020-08-21 12:00:00,13.8012958932,28.7,29.2,29.18,79.1,,bay_of_bengal_12n90e,12.0,90.0,1,MODERATE,1.8974816799163818,8.724411010742188
2020-08-22 12:00:00,13.8012958932,36.4,29.1,29.23,78.6,,bay_of_bengal_12n90e,12.0,90.0,1,MODERATE,1.823199987411499,8.755687713623047
2020-08-23 12:00:00,13.8012958932,52.5,29.1,29.25,78.7,,bay_of_bengal_12n90e,12.0,90.0,1,MODERATE,1.755765438079834,8.145429611206055
2020-08-24 12:00:00,13.0237580964,42.6,29.0,29.24,77.4,,bay_of_bengal_12n90e,12.0,90.0,1,MODERATE,1.8482600450515747,9.855685234069824
2020-08-25 12:00:00,13.2181425456,43.8,29.0,29.26,77.2,,bay_of_bengal_12n90e,12.0,90.0,1,MODERATE,1.7843639850616455,9.79425048828125
2020-08-26 12:00:00,14.1900647916,44.4,29.0,29.25,77.6,,bay_of_bengal_12n90e,12.0,90.0,1,MODERATE,1.7836523056030273,8.263935089111328
2020-08-27 12:00:00,12.4406047488,46.3,29.1,29.3,78.6,,bay_of_bengal_12n90e,12.0,90.0,1,MODERATE,1.5493247509002686,8.31883716583252
2020-08-28 12:00:00,10.691144706,51.7,29.2,29.36,78.8,,bay_of_bengal_12n90e,12.0,90.0,1,MODERATE,1.5987353324890137,8.940345764160156
2020-08-29 12:00:00,6.6090712728,63.4,29.0,29.38,79.7,,bay_of_bengal_12n90e,12.0,90.0,1,MODERATE,1.7804925441741943,10.94704532623291
2020-08-30 12:00:00,5.0539956792,105.6,29.2,29.71,77.6,,bay_of_bengal_12n90e,12.0,90.0,1,MODERATE,1.95558500289917,12.406518936157227
2020-08-31 12:00:00,3.6933045348,143.7,29.2,29.75,77.8,,bay_of_bengal_12n90e,12.0,90.0,1,MODERATE,1.9770622253417969,11.98146915435791
2020-09-01 12:00:00,2.915766738,340.3,29.0,29.99,77.9,,bay_of_bengal_12n90e,12.0,90.0,1,MODERATE,1.6788697242736816,11.070611000061035
2020-09-02 12:00:00,6.2203023744,341.6,28.9,29.97,78.1,,bay_of_bengal_12n90e,12.0,90.0,1,MODERATE,1.7325735092163086,12.091224670410156
2020-09-03 12:00:00,3.1101511872,52.4,29.0,30.1,77.8,,bay_of_bengal_12n90e,12.0,90.0,1,MODERATE,1.8705101013183594,11.680545806884766
2020-09-04 12:00:00,1.943844492,354.3,29.8,30.4,73.1,,bay_of_bengal_12n90e,12.0,90.0,1,MODERATE,1.8402073383331299,11.05203914642334
2020-09-05 12:00:00,4.665226780799999,62.4,29.4,30.35,78.6,,bay_of_bengal_12n90e,12.0,90.0,1,MODERATE,1.7577885389328003,10.953798294067383
2020-09-06 12:00:00,5.6371490267999995,43.6,28.2,30.04,81.5,,bay_of_bengal_12n90e,12.0,90.0,1,MODERATE,1.5105836391448975,10.481335639953613
2020-09-07 12:00:00,5.6371490267999995,36.5,28.8,30.21,77.2,,bay_of_bengal_12n90e,12.0,90.0,0,LOW,1.4835596084594727,10.325386047363281
2020-09-08 12:00:00,6.414686823599999,46.2,29.1,30.14,78.3,,bay_of_bengal_12n90e,12.0,90.0,1,MODERATE,2.28786301612854,11.919926643371582
2020-09-09 12:00:00,10.8855291552,64.8,28.3,29.87,81.9,,bay_of_bengal_12n90e,12.0,90.0,1,MODERATE,2.1147375106811523,12.760405540466309
2020-09-10 12:00:00,12.8293736472,52.4,28.3,29.72,82.3,,bay_of_bengal_12n90e,12.0,90.0,1,MODERATE,2.5829946994781494,11.693628311157227
2020-09-11 12:00:00,15.3563714868,73.9,28.1,29.56,82.9,,bay_of_bengal_12n90e,12.0,90.0,1,MODERATE,2.7804505825042725,9.858804702758789
2020-09-12 12:00:00,14.9676025884,61.4,28.3,29.37,82.4,,bay_of_bengal_12n90e,12.0,90.0,1,MODERATE,2.602804660797119,9.190914154052734
2020-09-13 12:00:00,13.9956803424,56.3,28.7,29.47,81.4,,bay_of_bengal_12n90e,12.0,90.0,1,MODERATE,2.418217658996582,10.507224082946777
2020-09-14 12:00:00,11.0799136044,40.7,28.3,29.44,81.6,,bay_of_bengal_12n90e,12.0,90.0,1,MODERATE,2.217452049255371,9.966983795166016
2020-09-15 12:00:00,15.3563714868,34.7,28.5,29.42,81.7,,bay_of_bengal_12n90e,12.0,90.0,1,MODERATE,2.4786784648895264,9.54910659790039
2020-09-16 12:00:00,12.0518358504,31.9,27.6,29.31,83.6,,bay_of_bengal_12n90e,12.0,90.0,1,MODERATE,2.3082988262176514,9.556967735290527
2020-09-17 12:00:00,13.2181425456,57.0,27.8,29.22,85.3,,bay_of_bengal_12n90e,12.0,90.0,1,MODERATE,2.657172679901123,9.969970703125
2020-09-18 12:00:00,15.550755936,74.7,27.5,29.16,84.5,,bay_of_bengal_12n90e,12.0,90.0,1,MODERATE,2.636838674545288,8.770546913146973
2020-09-19 12:00:00,21.382289412,59.5,28.1,29.04,83.8,,bay_of_bengal_12n90e,12.0,90.0,2,HIGH,3.4778518676757812,8.173856735229492
2020-09-20 12:00:00,22.7429805564,49.5,28.7,28.96,82.2,,bay_of_bengal_12n90e,12.0,90.0,2,HIGH,3.9605960845947266,8.828683853149414
2020-09-21 12:00:00,20.0215982676,37.5,29.0,28.92,81.6,,bay_of_bengal_12n90e,12.0,90.0,2,HIGH,3.2481729984283447,8.366854667663574
2020-09-22 12:00:00,14.1900647916,34.3,29.0,29.06,82.1,,bay_of_bengal_12n90e,12.0,90.0,1,MODERATE,2.184671401977539,8.389425277709961
2020-09-23 12:00:00,11.0799136044,34.2,28.8,29.12,82.2,,bay_of_bengal_12n90e,12.0,90.0,1,MODERATE,1.8275930881500244,9.047025680541992
2020-09-24 12:00:00,6.6090712728,15.3,27.3,28.96,83.8,,bay_of_bengal_12n90e,12.0,90.0,1,MODERATE,1.6584534645080566,9.44829273223877
2020-09-25 12:00:00,13.9956803424,47.8,27.4,28.87,84.0,,bay_of_bengal_12n90e,12.0,90.0,1,MODERATE,1.9484862089157104,7.962192535400391
2020-09-26 12:00:00,12.2462202996,52.0,28.0,28.87,81.8,,bay_of_bengal_12n90e,12.0,90.0,1,MODERATE,2.144430160522461,10.150657653808594
2020-09-27 12:00:00,13.2181425456,50.9,28.0,28.81,82.7,,bay_of_bengal_12n90e,12.0,90.0,1,MODERATE,2.3675265312194824,10.07441234588623
2020-09-28 12:00:00,16.717062631199997,63.7,28.1,28.85,83.6,,bay_of_bengal_12n90e,12.0,90.0,1,MODERATE,2.2002973556518555,8.633382797241211
2020-09-29 12:00:00,16.3282937328,74.8,26.6,28.81,86.2,,bay_of_bengal_12n90e,12.0,90.0,1,MODERATE,2.3004910945892334,7.253830909729004
2020-09-30 12:00:00,18.2721382248,56.3,28.6,28.77,82.4,,bay_of_bengal_12n90e,12.0,90.0,1,MODERATE,2.7255964279174805,8.162849426269531
2020-10-01 12:00:00,16.3282937328,57.6,28.7,28.96,83.6,,bay_of_bengal_12n90e,12.0,90.0,1,MODERATE,2.5073747634887695,8.391751289367676
2020-10-02 12:00:00,17.1058315296,53.8,28.9,28.98,82.8,,bay_of_bengal_12n90e,12.0,90.0,1,MODERATE,2.282366991043091,7.914746284484863
2020-10-03 12:00:00,14.7732181392,42.9,28.8,28.9,82.8,,bay_of_bengal_12n90e,12.0,90.0,1,MODERATE,1.8278061151504517,7.804252624511719
2020-10-04 12:00:00,14.9676025884,49.2,28.8,28.74,82.9,,bay_of_bengal_12n90e,12.0,90.0,1,MODERATE,1.744375467300415,7.295831680297852
2020-10-05 12:00:00,11.8574514012,33.7,28.7,28.82,82.9,,bay_of_bengal_12n90e,12.0,90.0,1,MODERATE,1.6492960453033447,8.080159187316895
2020-10-06 12:00:00,11.663066952,24.4,28.7,28.85,82.0,,bay_of_bengal_12n90e,12.0,90.0,0,LOW,1.465683937072754,9.313228607177734
2020-10-07 12:00:00,5.442764577599999,58.0,28.7,28.99,80.9,,bay_of_bengal_12n90e,12.0,90.0,1,MODERATE,1.6395186185836792,10.091987609863281
2020-10-08 12:00:00,1.943844492,95.7,28.7,29.27,77.6,,bay_of_bengal_12n90e,12.0,90.0,1,MODERATE,1.7293452024459839,10.404335975646973
2020-10-09 12:00:00,11.663066952,119.1,27.7,29.02,82.0,,bay_of_bengal_12n90e,12.0,90.0,1,MODERATE,1.6200613975524902,10.042160987854004
2020-10-10 12:00:00,13.9956803424,101.2,28.3,28.95,80.1,,bay_of_bengal_12n90e,12.0,90.0,1,MODERATE,2.019558906555176,8.934809684753418
2020-10-11 12:00:00,15.3563714868,56.3,28.2,28.91,84.1,,bay_of_bengal_12n90e,12.0,90.0,1,MODERATE,2.3926851749420166,8.965078353881836
2020-10-12 12:00:00,18.2721382248,51.1,28.5,28.88,82.8,,bay_of_bengal_12n90e,12.0,90.0,1,MODERATE,2.6089768409729004,8.73515510559082
2020-10-13 12:00:00,16.1339092836,37.1,29.0,28.91,80.0,,bay_of_bengal_12n90e,12.0,90.0,1,MODERATE,2.5255181789398193,8.998315811157227
2020-10-14 12:00:00,15.550755936,45.5,28.8,28.84,82.2,,bay_of_bengal_12n90e,12.0,90.0,1,MODERATE,2.4880008697509766,9.161707878112793
2020-10-15 12:00:00,11.663066952,62.2,28.6,28.84,83.1,,bay_of_bengal_12n90e,12.0,90.0,1,MODERATE,2.146852493286133,8.866339683532715
2020-10-16 12:00:00,5.442764577599999,73.5,28.1,28.81,83.9,,bay_of_bengal_12n90e,12.0,90.0,1,MODERATE,1.7260804176330566,9.077662467956543
2020-10-17 12:00:00,6.2203023744,77.3,28.1,29.01,82.8,,bay_of_bengal_12n90e,12.0,90.0,0,LOW,1.3513216972351074,8.530871391296387
2020-10-18 12:00:00,9.3304535616,64.0,28.0,28.97,84.3,,bay_of_bengal_12n90e,12.0,90.0,0,LOW,1.46269953250885,8.018491744995117
2020-10-19 12:00:00,13.4125269948,50.3,28.5,28.87,83.5,,bay_of_bengal_12n90e,12.0,90.0,1,MODERATE,1.7182364463806152,7.648909568786621
2020-10-20 12:00:00,15.1619870376,54.9,27.7,28.67,87.1,,bay_of_bengal_12n90e,12.0,90.0,1,MODERATE,2.0631115436553955,7.884593963623047
2020-10-21 12:00:00,15.3563714868,43.0,28.5,28.73,83.5,,bay_of_bengal_12n90e,12.0,90.0,1,MODERATE,2.200471878051758,9.49284839630127
2020-10-22 12:00:00,13.2181425456,41.4,28.3,28.73,85.5,,bay_of_bengal_12n90e,12.0,90.0,1,MODERATE,2.1361277103424072,9.2236967086792
2020-10-23 12:00:00,11.663066952,44.3,28.6,28.77,84.2,,bay_of_bengal_12n90e,12.0,90.0,1,MODERATE,1.8503313064575195,9.140509605407715
2020-10-24 12:00:00,9.71922246,66.5,28.1,28.81,83.5,,bay_of_bengal_12n90e,12.0,90.0,1,MODERATE,1.5654598474502563,9.342698097229004
2020-10-25 12:00:00,4.85961123,48.2,26.9,28.75,82.4,,bay_of_bengal_12n90e,12.0,90.0,0,LOW,1.4288690090179443,9.136569023132324
2020-10-26 12:00:00,7.1922246204,139.4,26.8,28.67,85.3,,bay_of_bengal_12n90e,12.0,90.0,0,LOW,1.3283343315124512,10.177873611450195
2020-10-27 12:00:00,2.1382289412,243.4,28.1,29.25,77.7,,bay_of_bengal_12n90e,12.0,90.0,0,LOW,1.1261706352233887,10.193978309631348
2020-10-28 12:00:00,2.3326133903999997,149.0,28.5,29.5,75.3,,bay_of_bengal_12n90e,12.0,90.0,0,LOW,1.0138030052185059,9.854790687561035
2020-10-29 12:00:00,5.0539956792,122.5,28.6,29.34,77.6,,bay_of_bengal_12n90e,12.0,90.0,0,LOW,1.2084928750991821,12.158674240112305
2020-10-30 12:00:00,6.803455722,90.0,28.1,29.11,81.0,,bay_of_bengal_12n90e,12.0,90.0,1,MODERATE,2.0082719326019287,13.479072570800781
2020-10-31 12:00:00,6.9978401712,63.4,28.6,29.15,80.3,,bay_of_bengal_12n90e,12.0,90.0,1,MODERATE,1.9871201515197754,11.835108757019043
2020-11-01 12:00:00,1.5550755936,90.0,28.9,29.59,78.6,,bay_of_bengal_12n90e,12.0,90.0,1,MODERATE,1.7870850563049316,11.113886833190918
2020-11-02 12:00:00,3.6933045348,291.3,29.1,29.83,77.7,,bay_of_bengal_12n90e,12.0,90.0,0,LOW,1.4969491958618164,10.721219062805176
2020-11-03 12:00:00,7.5809935188,297.2,28.9,29.37,78.9,,bay_of_bengal_12n90e,12.0,90.0,0,LOW,1.2947871685028076,10.164700508117676
2020-11-04 12:00:00,5.6371490267999995,284.0,28.9,29.59,78.5,,bay_of_bengal_12n90e,12.0,90.0,0,LOW,1.37985098361969,11.006147384643555
2020-11-05 12:00:00,8.941684663199998,249.6,29.0,29.49,78.3,,bay_of_bengal_12n90e,12.0,90.0,1,MODERATE,1.646010398864746,12.314678192138672
2020-11-06 12:00:00,9.71922246,234.7,29.1,29.58,77.8,,bay_of_bengal_12n90e,12.0,90.0,1,MODERATE,1.5741467475891113,10.671126365661621
2020-11-07 12:00:00,13.0237580964,228.0,29.1,29.42,79.3,,bay_of_bengal_12n90e,12.0,90.0,0,LOW,1.482573390007019,9.110795974731445
2020-11-08 12:00:00,3.6933045348,248.7,27.9,29.43,81.8,,bay_of_bengal_12n90e,12.0,90.0,0,LOW,1.3992478847503662,8.852409362792969
2020-11-09 12:00:00,6.0259179252,264.5,28.4,29.57,81.1,,bay_of_bengal_12n90e,12.0,90.0,1,MODERATE,1.5884263515472412,12.802427291870117
2020-11-10 12:00:00,10.3023758076,299.5,27.9,29.35,81.9,,bay_of_bengal_12n90e,12.0,90.0,1,MODERATE,1.8335405588150024,11.156330108642578
2020-11-11 12:00:00,12.4406047488,278.1,28.8,29.32,79.1,,bay_of_bengal_12n90e,12.0,90.0,1,MODERATE,1.643383502960205,9.650972366333008
2020-11-12 12:00:00,11.663066952,243.4,28.8,29.31,77.9,,bay_of_bengal_12n90e,12.0,90.0,0,LOW,1.4299485683441162,8.807351112365723
2020-11-13 12:00:00,13.0237580964,253.5,28.5,29.27,80.2,,bay_of_bengal_12n90e,12.0,90.0,0,LOW,1.4455676078796387,7.620455741882324
2020-11-14 12:00:00,13.2181425456,273.4,27.9,29.16,85.2,,bay_of_bengal_12n90e,12.0,90.0,1,MODERATE,1.642497181892395,7.551138877868652
2020-11-15 12:00:00,12.4406047488,267.3,28.8,29.14,79.4,,bay_of_bengal_12n90e,12.0,90.0,0,LOW,1.3975088596343994,8.273130416870117
2020-11-16 12:00:00,11.663066952,255.5,28.8,29.12,73.6,,bay_of_bengal_12n90e,12.0,90.0,0,LOW,1.4790046215057373,10.128378868103027
2020-11-17 12:00:00,10.4967602568,250.6,28.8,29.13,75.8,,bay_of_bengal_12n90e,12.0,90.0,0,LOW,1.3501050472259521,9.403470039367676
2020-11-18 12:00:00,11.4686825028,227.7,28.2,29.07,78.6,,bay_of_bengal_12n90e,12.0,90.0,0,LOW,1.4122772216796875,9.139707565307617
2020-11-19 12:00:00,14.1900647916,230.0,28.9,29.06,71.2,,bay_of_bengal_12n90e,12.0,90.0,1,MODERATE,1.5466392040252686,8.147836685180664
2020-11-20 12:00:00,14.3844492408,222.8,28.8,29.05,70.8,,bay_of_bengal_12n90e,12.0,90.0,1,MODERATE,1.6268996000289917,7.7719879150390625
2020-11-21 12:00:00,10.8855291552,236.6,28.0,29.08,78.7,,bay_of_bengal_12n90e,12.0,90.0,0,LOW,1.1958708763122559,8.339913368225098
2020-11-22 12:00:00,12.8293736472,264.8,27.7,29.06,83.4,,bay_of_bengal_12n90e,12.0,90.0,0,LOW,1.4246957302093506,7.248903274536133
2020-11-23 12:00:00,12.634989198,280.6,26.8,28.96,85.8,,bay_of_bengal_12n90e,12.0,90.0,0,LOW,1.4405906200408936,7.401593208312988
2020-11-24 12:00:00,15.3563714868,288.4,28.0,28.9,82.3,,bay_of_bengal_12n90e,12.0,90.0,0,LOW,1.3954050540924072,7.827445030212402
2020-11-25 12:00:00,12.4406047488,287.3,28.5,28.92,79.2,,bay_of_bengal_12n90e,12.0,90.0,1,MODERATE,1.5883724689483643,7.46688175201416
2020-11-26 12:00:00,11.0799136044,274.0,28.7,28.95,77.3,,bay_of_bengal_12n90e,12.0,90.0,1,MODERATE,1.5803849697113037,8.26744556427002
2020-11-27 12:00:00,11.2742980536,256.0,28.4,28.91,79.5,,bay_of_bengal_12n90e,12.0,90.0,1,MODERATE,1.511651635169983,7.685929298400879
2020-11-28 12:00:00,10.4967602568,244.9,28.4,28.88,78.9,,bay_of_bengal_12n90e,12.0,90.0,0,LOW,1.4141156673431396,6.462923049926758
2020-11-29 12:00:00,16.1339092836,231.3,28.8,28.81,77.7,,bay_of_bengal_12n90e,12.0,90.0,1,MODERATE,1.5917800664901733,6.860625267028809
2020-11-30 12:00:00,17.6889848772,237.5,28.6,28.78,78.4,,bay_of_bengal_12n90e,12.0,90.0,1,MODERATE,1.7830584049224854,7.257953643798828
2020-12-01 12:00:00,18.466522674,262.7,28.7,28.73,80.6,,bay_of_bengal_12n90e,12.0,90.0,1,MODERATE,1.877781867980957,7.1836042404174805
2020-12-02 12:00:00,15.3563714868,278.0,28.2,28.77,81.8,,bay_of_bengal_12n90e,12.0,90.0,1,MODERATE,1.7075178623199463,7.297001838684082
2020-12-03 12:00:00,13.2181425456,281.0,28.0,28.78,81.3,,bay_of_bengal_12n90e,12.0,90.0,0,LOW,1.476689100265503,8.755650520324707
2020-12-04 12:00:00,15.3563714868,299.5,27.9,28.75,82.2,,bay_of_bengal_12n90e,12.0,90.0,1,MODERATE,1.607541799545288,8.473068237304688
2020-12-05 12:00:00,12.634989198,289.8,27.9,28.76,79.8,,bay_of_bengal_12n90e,12.0,90.0,1,MODERATE,1.5248799324035645,8.641509056091309
2020-12-06 12:00:00,12.2462202996,274.5,28.1,28.7,77.0,,bay_of_bengal_12n90e,12.0,90.0,1,MODERATE,1.5497839450836182,8.493990898132324
2020-12-07 12:00:00,11.8574514012,247.7,28.4,28.69,74.8,,bay_of_bengal_12n90e,12.0,90.0,0,LOW,1.3158005475997925,7.813831329345703
2020-12-08 12:00:00,14.57883369,233.1,28.3,28.65,69.0,,bay_of_bengal_12n90e,12.0,90.0,0,LOW,1.222163200378418,6.405636787414551
2020-12-09 12:00:00,13.0237580964,219.6,27.8,28.55,64.8,,bay_of_bengal_12n90e,12.0,90.0,0,LOW,1.2461185455322266,6.688451766967773
2020-12-10 12:00:00,9.3304535616,218.3,27.5,28.51,66.7,,bay_of_bengal_12n90e,12.0,90.0,0,LOW,1.1932905912399292,8.884950637817383
2020-12-11 12:00:00,9.3304535616,228.4,27.5,28.51,62.9,,bay_of_bengal_12n90e,12.0,90.0,0,LOW,1.3360676765441895,10.01778793334961
2020-12-12 12:00:00,7.5809935188,234.3,27.4,28.58,63.7,,bay_of_bengal_12n90e,12.0,90.0,0,LOW,1.0182700157165527,9.293161392211914
2020-12-13 12:00:00,12.2462202996,208.6,27.6,28.44,68.1,,bay_of_bengal_12n90e,12.0,90.0,0,LOW,1.1734298467636108,9.923909187316895
2020-12-14 12:00:00,12.0518358504,227.6,27.7,28.34,74.1,,bay_of_bengal_12n90e,12.0,90.0,0,LOW,1.1027915477752686,8.899087905883789
2020-12-15 12:00:00,11.8574514012,235.0,27.8,28.37,80.1,,bay_of_bengal_12n90e,12.0,90.0,1,MODERATE,1.506347417831421,9.198760986328125
2020-12-16 12:00:00,11.2742980536,239.0,27.4,28.38,82.6,,bay_of_bengal_12n90e,12.0,90.0,1,MODERATE,1.5019338130950928,8.756070137023926
2020-12-17 12:00:00,9.9136069092,250.5,27.2,28.38,83.1,,bay_of_bengal_12n90e,12.0,90.0,0,LOW,1.4228532314300537,8.188643455505371
2020-12-18 12:00:00,14.1900647916,223.3,28.0,28.43,76.8,,bay_of_bengal_12n90e,12.0,90.0,0,LOW,1.4389158487319946,6.501297950744629
2020-12-19 12:00:00,16.717062631199997,217.9,27.8,28.41,72.4,,bay_of_bengal_12n90e,12.0,90.0,1,MODERATE,1.64496648311615,6.441079139709473
2020-12-20 12:00:00,16.522678182,210.5,27.6,28.39,75.7,,bay_of_bengal_12n90e,12.0,90.0,1,MODERATE,1.6960551738739014,6.4593706130981445
2020-12-21 12:00:00,13.606911444,229.7,27.5,28.32,79.5,,bay_of_bengal_12n90e,12.0,90.0,0,LOW,1.380091667175293,6.82114315032959
2020-12-22 12:00:00,12.634989198,251.0,27.8,28.29,75.0,,bay_of_bengal_12n90e,12.0,90.0,0,LOW,1.2771854400634766,7.147303581237793
2020-12-23 12:00:00,13.2181425456,244.6,27.8,28.24,68.7,,bay_of_bengal_12n90e,12.0,90.0,0,LOW,1.2552555799484253,7.770169258117676
2020-12-24 12:00:00,12.8293736472,229.3,27.6,28.28,70.2,,bay_of_bengal_12n90e,12.0,90.0,0,LOW,1.476778268814087,8.719717025756836
2020-12-25 12:00:00,13.4125269948,222.7,27.6,28.35,78.0,,bay_of_bengal_12n90e,12.0,90.0,1,MODERATE,1.5390079021453857,9.518454551696777
2020-12-26 12:00:00,16.717062631199997,217.0,27.8,28.24,78.3,,bay_of_bengal_12n90e,12.0,90.0,1,MODERATE,1.6887402534484863,7.872339248657227
2020-12-27 12:00:00,12.4406047488,239.8,27.2,28.16,85.7,,bay_of_bengal_12n90e,12.0,90.0,0,LOW,1.3650398254394531,7.7897138595581055
2020-12-28 12:00:00,6.0259179252,253.3,27.7,28.36,83.6,,bay_of_bengal_12n90e,12.0,90.0,0,LOW,1.1651546955108643,8.308406829833984
2020-12-29 12:00:00,12.8293736472,245.0,28.0,28.37,81.8,,bay_of_bengal_12n90e,12.0,90.0,0,LOW,1.1155290603637695,6.829845428466797
2020-12-30 12:00:00,14.9676025884,231.3,27.8,28.28,75.2,,bay_of_bengal_12n90e,12.0,90.0,1,MODERATE,1.6014494895935059,7.915604591369629
2020-12-31 12:00:00,13.0237580964,221.3,27.4,28.27,72.4,,bay_of_bengal_12n90e,12.0,90.0,1,MODERATE,1.6886851787567139,10.780252456665039
2021-01-01 12:00:00,15.7451403852,246.6,27.9,28.23,76.1,,bay_of_bengal_12n90e,12.0,90.0,1,MODERATE,1.9235007762908936,9.689901351928711
2021-01-02 12:00:00,15.3563714868,248.6,27.8,28.16,72.6,,bay_of_bengal_12n90e,12.0,90.0,1,MODERATE,1.6447761058807373,7.995665550231934
2021-01-03 12:00:00,14.9676025884,251.1,27.8,28.21,73.7,,bay_of_bengal_12n90e,12.0,90.0,1,MODERATE,1.5779722929000854,7.145228385925293
2021-01-04 12:00:00,14.57883369,250.6,28.1,28.26,77.7,,bay_of_bengal_12n90e,12.0,90.0,0,LOW,1.3820710182189941,6.697904586791992
2021-01-05 12:00:00,12.0518358504,246.3,28.1,28.28,78.3,,bay_of_bengal_12n90e,12.0,90.0,0,LOW,1.174816608428955,7.79457950592041
2021-01-06 12:00:00,11.0799136044,250.6,28.0,28.28,79.3,,bay_of_bengal_12n90e,12.0,90.0,0,LOW,1.2155002355575562,7.782717704772949
2021-01-07 12:00:00,12.4406047488,228.8,27.9,28.36,78.8,,bay_of_bengal_12n90e,12.0,90.0,0,LOW,1.1410887241363525,7.421010971069336
2021-01-08 12:00:00,13.606911444,237.9,28.1,28.41,78.9,,bay_of_bengal_12n90e,12.0,90.0,0,LOW,1.1198118925094604,7.129563331604004
2021-01-09 12:00:00,15.1619870376,250.6,28.3,28.4,79.5,,bay_of_bengal_12n90e,12.0,90.0,1,MODERATE,1.5554285049438477,8.038595199584961
2021-01-10 12:00:00,14.57883369,256.1,28.2,28.41,79.9,,bay_of_bengal_12n90e,12.0,90.0,1,MODERATE,1.7161478996276855,10.025237083435059
2021-01-11 12:00:00,14.1900647916,262.1,28.1,28.38,77.6,,bay_of_bengal_12n90e,12.0,90.0,1,MODERATE,1.7258551120758057,9.474663734436035
2021-01-12 12:00:00,11.8574514012,259.6,28.0,28.43,75.9,,bay_of_bengal_12n90e,12.0,90.0,0,LOW,1.48848557472229,8.162694931030273
2021-01-13 12:00:00,10.4967602568,264.7,27.9,28.4,75.2,,bay_of_bengal_12n90e,12.0,90.0,0,LOW,1.393242597579956,7.760717391967773
2021-01-14 12:00:00,12.0518358504,260.7,27.9,28.39,75.5,,bay_of_bengal_12n90e,12.0,90.0,0,LOW,1.2767013311386108,7.23486328125
2021-01-15 12:00:00,11.0799136044,248.4,27.8,28.4,74.8,,bay_of_bengal_12n90e,12.0,90.0,0,LOW,1.2122186422348022,8.37808895111084
2021-01-16 12:00:00,12.4406047488,239.8,27.6,28.32,72.2,,bay_of_bengal_12n90e,12.0,90.0,0,LOW,1.327222466468811,7.875426292419434
2021-01-17 12:00:00,14.3844492408,222.8,27.3,28.29,68.9,,bay_of_bengal_12n90e,12.0,90.0,1,MODERATE,1.5350362062454224,7.1221723556518555
2021-01-18 12:00:00,12.8293736472,243.0,27.4,28.23,78.7,,bay_of_bengal_12n90e,12.0,90.0,1,MODERATE,1.6015236377716064,6.969304084777832
2021-01-19 12:00:00,10.691144706,284.8,28.2,28.29,78.7,,bay_of_bengal_12n90e,12.0,90.0,0,LOW,1.4488024711608887,7.143969535827637
2021-01-20 12:00:00,8.1641468664,291.0,27.9,28.23,75.5,,bay_of_bengal_12n90e,12.0,90.0,0,LOW,1.2226366996765137,8.374446868896484
2021-01-21 12:00:00,6.0259179252,240.9,27.6,28.41,69.8,,bay_of_bengal_12n90e,12.0,90.0,0,LOW,1.0607194900512695,9.656229019165039
2021-01-22 12:00:00,10.4967602568,227.2,27.4,28.31,64.3,,bay_of_bengal_12n90e,12.0,90.0,0,LOW,0.9678044319152832,9.04733943939209
2021-01-23 12:00:00,11.0799136044,215.1,27.6,,63.0,,bay_of_bengal_12n90e,12.0,90.0,0,LOW,1.0804804563522339,6.5191802978515625
2021-01-24 12:00:00,9.1360691124,205.5,27.1,,56.0,,bay_of_bengal_12n90e,12.0,90.0,0,LOW,0.9942682981491089,6.430499076843262
2021-01-25 12:00:00,11.2742980536,219.4,27.0,,60.7,,bay_of_bengal_12n90e,12.0,90.0,0,LOW,1.0943078994750977,6.1906890869140625
2021-01-26 12:00:00,14.7732181392,220.2,27.5,,62.3,,bay_of_bengal_12n90e,12.0,90.0,1,MODERATE,1.5249274969100952,7.485123634338379
2021-01-27 12:00:00,15.939524834399998,217.6,27.5,28.11,70.2,,bay_of_bengal_12n90e,12.0,90.0,1,MODERATE,1.562875509262085,8.773221015930176
2021-01-28 12:00:00,15.3563714868,223.5,27.5,28.1,77.5,,bay_of_bengal_12n90e,12.0,90.0,1,MODERATE,1.6150221824645996,7.758329391479492
2021-01-29 12:00:00,11.0799136044,220.1,27.4,28.15,81.3,,bay_of_bengal_12n90e,12.0,90.0,0,LOW,1.3029319047927856,8.094268798828125
2021-01-30 12:00:00,6.803455722,248.5,26.7,,83.7,,bay_of_bengal_12n90e,12.0,90.0,0,LOW,1.342208743095398,9.055680274963379
2021-01-31 12:00:00,12.8293736472,228.1,27.7,,80.4,,bay_of_bengal_12n90e,12.0,90.0,0,LOW,1.305952787399292,8.727106094360352
2021-02-01 12:00:00,16.3282937328,222.6,27.5,,73.6,,bay_of_bengal_12n90e,12.0,90.0,1,MODERATE,2.007906913757324,7.6682634353637695
2021-02-02 12:00:00,14.9676025884,215.5,26.9,,68.7,,bay_of_bengal_12n90e,12.0,90.0,1,MODERATE,1.8664523363113403,7.994505882263184
2021-02-03 12:00:00,14.1900647916,216.1,26.7,,64.9,,bay_of_bengal_12n90e,12.0,90.0,1,MODERATE,1.6762630939483643,8.121150970458984
2021-02-04 12:00:00,12.2462202996,220.5,26.8,,69.9,,bay_of_bengal_12n90e,12.0,90.0,1,MODERATE,1.5866549015045166,9.044687271118164
2021-02-05 12:00:00,11.8574514012,215.0,27.3,,78.9,,bay_of_bengal_12n90e,12.0,90.0,0,LOW,1.3953242301940918,8.684857368469238
2021-02-06 12:00:00,10.4967602568,223.5,27.2,,81.0,,bay_of_bengal_12n90e,12.0,90.0,0,LOW,1.2963547706604004,9.099043846130371
2021-02-07 12:00:00,14.1900647916,211.5,27.4,,78.8,,bay_of_bengal_12n90e,12.0,90.0,0,LOW,1.3463804721832275,8.908282279968262
2021-02-08 12:00:00,16.9114470804,213.3,27.2,,68.3,,bay_of_bengal_12n90e,12.0,90.0,1,MODERATE,1.863465428352356,7.022896766662598
2021-02-09 12:00:00,13.9956803424,206.2,26.6,,63.6,,bay_of_bengal_12n90e,12.0,90.0,1,MODERATE,1.5834763050079346,7.078774452209473
2021-02-10 12:00:00,9.3304535616,230.0,27.1,,57.2,,bay_of_bengal_12n90e,12.0,90.0,0,LOW,1.2740771770477295,7.855916976928711
2021-02-11 12:00:00,10.8855291552,232.9,27.1,,65.1,,bay_of_bengal_12n90e,12.0,90.0,0,LOW,1.188990592956543,8.391043663024902
2021-02-12 12:00:00,12.0518358504,230.2,27.4,,74.8,,bay_of_bengal_12n90e,12.0,90.0,0,LOW,1.2608928680419922,8.080240249633789
2021-02-13 12:00:00,12.634989198,223.8,27.3,,74.8,,bay_of_bengal_12n90e,12.0,90.0,0,LOW,1.3112609386444092,7.973415374755859
2021-02-14 12:00:00,10.1079913584,221.9,27.3,,74.5,,bay_of_bengal_12n90e,12.0,90.0,0,LOW,1.2330522537231445,8.407773971557617
2021-02-15 12:00:00,9.71922246,220.1,27.3,,74.1,,bay_of_bengal_12n90e,12.0,90.0,0,LOW,1.3334263563156128,8.880507469177246
2021-02-16 12:00:00,9.71922246,228.3,27.1,,74.5,,bay_of_bengal_12n90e,12.0,90.0,1,MODERATE,1.611875057220459,11.369709014892578
2021-02-17 12:00:00,13.606911444,222.1,27.2,,75.6,,bay_of_bengal_12n90e,12.0,90.0,1,MODERATE,1.7244935035705566,12.551122665405273
2021-02-18 12:00:00,12.0518358504,234.2,26.6,,86.6,,bay_of_bengal_12n90e,12.0,90.0,1,MODERATE,1.7434145212173462,10.366720199584961
2021-02-19 12:00:00,8.747300214,228.6,26.2,,85.6,,bay_of_bengal_12n90e,12.0,90.0,1,MODERATE,1.6789543628692627,8.561323165893555
2021-02-20 12:00:00,10.3023758076,249.2,27.6,,82.3,,bay_of_bengal_12n90e,12.0,90.0,1,MODERATE,1.831167459487915,8.294017791748047
2021-02-21 12:00:00,12.634989198,230.6,27.4,,82.8,,bay_of_bengal_12n90e,12.0,90.0,1,MODERATE,1.7505009174346924,9.183128356933594
2021-02-22 12:00:00,11.2742980536,214.5,27.4,,80.6,,bay_of_bengal_12n90e,12.0,90.0,0,LOW,1.417049527168274,9.139841079711914
2021-02-23 12:00:00,9.9136069092,214.6,27.2,,78.4,,bay_of_bengal_12n90e,12.0,90.0,0,LOW,1.267580509185791,10.080153465270996
2021-02-24 12:00:00,7.1922246204,216.3,27.4,,76.5,,bay_of_bengal_12n90e,12.0,90.0,0,LOW,1.334305763244629,12.137600898742676
2021-02-25 12:00:00,5.6371490267999995,202.2,27.3,,74.7,,bay_of_bengal_12n90e,12.0,90.0,0,LOW,1.30210542678833,11.602075576782227
2021-02-26 12:00:00,2.3326133903999997,200.0,27.1,,71.6,,bay_of_bengal_12n90e,12.0,90.0,0,LOW,1.2073992490768433,11.45572566986084
2021-02-27 12:00:00,2.5269978396,251.6,27.7,,64.0,,bay_of_bengal_12n90e,12.0,90.0,0,LOW,1.1011466979980469,11.07075309753418
2021-02-28 12:00:00,6.803455722,276.5,27.6,,68.5,,bay_of_bengal_12n90e,12.0,90.0,0,LOW,1.0743145942687988,12.4283447265625
2021-03-01 12:00:00,6.803455722,250.0,27.5,,68.5,,bay_of_bengal_12n90e,12.0,90.0,0,LOW,1.2148571014404297,12.978048324584961
2021-03-02 12:00:00,7.3866090696,240.1,27.2,,65.8,,bay_of_bengal_12n90e,12.0,90.0,0,LOW,1.3341083526611328,12.097024917602539
2021-03-03 12:00:00,9.1360691124,248.9,27.3,,66.7,,bay_of_bengal_12n90e,12.0,90.0,0,LOW,1.3989841938018799,10.509592056274414
2021-03-04 12:00:00,9.3304535616,228.4,27.5,,72.2,,bay_of_bengal_12n90e,12.0,90.0,0,LOW,1.2260127067565918,9.330788612365723
2021-03-05 12:00:00,8.747300214,207.7,27.6,,79.4,,bay_of_bengal_12n90e,12.0,90.0,0,LOW,1.1360034942626953,9.351195335388184
2021-03-06 12:00:00,7.3866090696,220.8,27.8,,82.8,,bay_of_bengal_12n90e,12.0,90.0,0,LOW,1.1133477687835693,9.561198234558105
2021-03-07 12:00:00,9.9136069092,228.2,28.0,,84.2,,bay_of_bengal_12n90e,12.0,90.0,0,LOW,1.0305705070495605,9.7468843460083
2021-03-08 12:00:00,10.3023758076,248.8,28.2,,77.0,,bay_of_bengal_12n90e,12.0,90.0,0,LOW,1.2586406469345093,9.427083015441895
2021-03-09 12:00:00,7.3866090696,238.0,28.0,,81.0,,bay_of_bengal_12n90e,12.0,90.0,1,MODERATE,1.5094783306121826,12.315973281860352
2021-03-10 12:00:00,9.5248380108,250.8,28.4,,78.5,,bay_of_bengal_12n90e,12.0,90.0,1,MODERATE,1.7288086414337158,10.385456085205078
2021-03-11 12:00:00,8.747300214,243.4,28.2,,73.7,,bay_of_bengal_12n90e,12.0,90.0,1,MODERATE,1.5375553369522095,10.166356086730957
2021-03-12 12:00:00,10.1079913584,232.0,28.0,,72.4,,bay_of_bengal_12n90e,12.0,90.0,0,LOW,1.3281614780426025,9.756963729858398
2021-03-13 12:00:00,10.8855291552,222.8,28.2,,76.9,,bay_of_bengal_12n90e,12.0,90.0,0,LOW,1.1281485557556152,9.915998458862305
2025-03-21 12:00:00,10.3023758076,231.8,28.5,29.46,80.6,,bay_of_bengal_12n90e,12.0,90.0,0,LOW,1.1532185077667236,8.035751342773438
2025-03-22 12:00:00,11.2742980536,231.3,28.3,29.39,78.9,,bay_of_bengal_12n90e,12.0,90.0,0,LOW,1.1547945737838745,7.421364784240723
2025-03-23 12:00:00,10.4967602568,231.0,28.3,29.39,79.2,,bay_of_bengal_12n90e,12.0,90.0,0,LOW,1.1035215854644775,8.107858657836914
2025-03-24 12:00:00,8.747300214,222.3,28.4,29.57,76.6,,bay_of_bengal_12n90e,12.0,90.0,0,LOW,1.1473829746246338,9.065217971801758
2025-03-25 12:00:00,7.3866090696,215.4,28.0,29.58,73.5,,bay_of_bengal_12n90e,12.0,90.0,0,LOW,1.1451640129089355,9.39706802368164
2025-03-26 12:00:00,4.85961123,191.8,28.0,29.61,72.0,,bay_of_bengal_12n90e,12.0,90.0,0,LOW,1.2083446979522705,10.491039276123047
2025-03-27 12:00:00,5.6371490267999995,162.2,28.1,29.51,63.1,,bay_of_bengal_12n90e,12.0,90.0,0,LOW,1.2140419483184814,11.317373275756836
2025-03-28 12:00:00,1.5550755936,113.2,28.0,29.8,63.8,,bay_of_bengal_12n90e,12.0,90.0,0,LOW,1.1718015670776367,11.72026538848877
2025-03-29 12:00:00,1.5550755936,293.2,28.0,29.92,64.9,,bay_of_bengal_12n90e,12.0,90.0,0,LOW,1.204294204711914,10.607685089111328
2025-03-30 12:00:00,7.3866090696,280.7,28.4,29.59,63.8,,bay_of_bengal_12n90e,12.0,90.0,0,LOW,1.0949710607528687,9.767382621765137
2025-03-31 12:00:00,6.6090712728,292.8,28.2,29.55,67.0,,bay_of_bengal_12n90e,12.0,90.0,0,LOW,1.098872423171997,9.721894264221191
2025-04-01 12:00:00,5.2483801284,272.1,28.2,29.75,71.6,,bay_of_bengal_12n90e,12.0,90.0,0,LOW,0.9799453616142273,9.430463790893555
2025-04-02 12:00:00,6.9978401712,239.9,28.7,29.77,78.5,,bay_of_bengal_12n90e,12.0,90.0,0,LOW,1.074103593826294,9.531455993652344
2025-04-03 12:00:00,9.71922246,254.8,27.8,29.49,81.8,,bay_of_bengal_12n90e,12.0,90.0,0,LOW,1.0676745176315308,8.03612232208252
2025-04-04 12:00:00,9.9136069092,257.6,27.2,29.34,84.0,,bay_of_bengal_12n90e,12.0,90.0,0,LOW,1.1079864501953125,8.013725280761719
2025-04-05 12:00:00,6.803455722,316.2,27.7,29.41,81.5,,bay_of_bengal_12n90e,12.0,90.0,0,LOW,1.0391258001327515,8.964409828186035
2025-04-06 12:00:00,11.8574514012,267.2,27.4,29.26,82.4,,bay_of_bengal_12n90e,12.0,90.0,1,MODERATE,1.5243866443634033,8.411032676696777
2025-04-07 12:00:00,14.3844492408,323.7,27.2,29.27,86.0,,bay_of_bengal_12n90e,12.0,90.0,1,MODERATE,1.6007776260375977,7.719063758850098
2025-04-08 12:00:00,18.0777537756,332.3,26.7,29.25,89.5,,bay_of_bengal_12n90e,12.0,90.0,1,MODERATE,1.7104392051696777,7.1132001876831055
2025-04-09 12:00:00,15.550755936,2.9,28.0,29.29,83.9,,bay_of_bengal_12n90e,12.0,90.0,1,MODERATE,1.541600227355957,7.725957870483398
2025-04-10 12:00:00,10.1079913584,11.1,27.4,29.24,86.1,,bay_of_bengal_12n90e,12.0,90.0,1,MODERATE,1.6260340213775635,8.540556907653809
2025-04-11 12:00:00,14.7732181392,48.2,28.2,29.17,84.4,,bay_of_bengal_12n90e,12.0,90.0,1,MODERATE,2.2650976181030273,7.845968246459961
2025-04-12 12:00:00,6.9978401712,99.5,28.9,29.41,81.3,,bay_of_bengal_12n90e,12.0,90.0,1,MODERATE,1.8381404876708984,9.554003715515137
2025-04-13 12:00:00,4.470842331599999,232.1,28.6,29.54,80.5,,bay_of_bengal_12n90e,12.0,90.0,1,MODERATE,1.7297003269195557,10.956974029541016
2025-04-14 12:00:00,4.665226780799999,240.3,28.4,29.72,76.3,,bay_of_bengal_12n90e,12.0,90.0,1,MODERATE,1.8062962293624878,12.788668632507324
2025-04-15 12:00:00,4.2764578824,285.9,28.9,30.08,77.2,,bay_of_bengal_12n90e,12.0,90.0,1,MODERATE,1.6776806116104126,12.752483367919922
2025-04-16 12:00:00,6.414686823599999,324.9,28.9,30.0,78.3,,bay_of_bengal_12n90e,12.0,90.0,1,MODERATE,1.5240598917007446,11.852777481079102
2025-04-17 12:00:00,5.0539956792,353.4,29.0,30.22,78.4,,bay_of_bengal_12n90e,12.0,90.0,0,LOW,1.234889030456543,10.489717483520508
2025-04-18 12:00:00,5.6371490267999995,22.2,29.1,30.07,79.1,,bay_of_bengal_12n90e,12.0,90.0,0,LOW,1.208229422569275,10.361224174499512
2025-04-19 12:00:00,3.1101511872,29.7,29.6,30.62,76.1,,bay_of_bengal_12n90e,12.0,90.0,0,LOW,1.0704655647277832,10.175048828125
2025-04-20 12:00:00,3.887688984,20.2,29.5,30.6,77.8,,bay_of_bengal_12n90e,12.0,90.0,0,LOW,1.152765154838562,10.87179183959961
2025-04-21 12:00:00,2.1382289412,315.0,29.6,31.02,73.2,,bay_of_bengal_12n90e,12.0,90.0,0,LOW,1.2602965831756592,10.434233665466309
2025-04-22 12:00:00,0.5831533475999999,270.0,30.0,31.26,69.3,,bay_of_bengal_12n90e,12.0,90.0,0,LOW,1.210381269454956,10.720573425292969
2025-04-23 12:00:00,2.5269978396,42.0,30.0,31.61,70.5,,bay_of_bengal_12n90e,12.0,90.0,0,LOW,1.4394950866699219,13.270282745361328
2025-04-24 12:00:00,4.2764578824,10.3,29.9,31.26,72.7,,bay_of_bengal_12n90e,12.0,90.0,1,MODERATE,1.531520128250122,13.00434398651123
2025-04-25 12:00:00,4.470842331599999,347.2,29.8,31.32,71.5,,bay_of_bengal_12n90e,12.0,90.0,0,LOW,1.287038803100586,11.516904830932617
2025-04-26 12:00:00,4.0820734332,322.6,29.8,31.23,71.8,,bay_of_bengal_12n90e,12.0,90.0,0,LOW,1.1367690563201904,10.419182777404785
2025-04-27 12:00:00,3.3045356364,249.4,28.6,31.17,77.7,,bay_of_bengal_12n90e,12.0,90.0,0,LOW,1.1698253154754639,10.700834274291992
2025-04-28 12:00:00,4.665226780799999,355.2,28.9,31.18,76.1,,bay_of_bengal_12n90e,12.0,90.0,0,LOW,1.3339717388153076,10.8887300491333
2025-04-29 12:00:00,3.1101511872,63.4,28.6,31.09,78.3,,bay_of_bengal_12n90e,12.0,90.0,0,LOW,1.4186229705810547,11.08610725402832
2025-04-30 12:00:00,7.969762417199999,48.9,27.7,30.69,83.2,,bay_of_bengal_12n90e,12.0,90.0,0,LOW,1.4294357299804688,10.076508522033691
2025-05-01 12:00:00,5.442764577599999,40.6,28.2,30.56,83.4,,bay_of_bengal_12n90e,12.0,90.0,0,LOW,1.4401042461395264,9.526030540466309
2025-05-02 12:00:00,4.0820734332,43.0,29.1,30.71,78.0,,bay_of_bengal_12n90e,12.0,90.0,0,LOW,1.3174793720245361,9.926589965820312
2025-05-03 12:00:00,3.6933045348,93.0,29.5,30.83,73.6,,bay_of_bengal_12n90e,12.0,90.0,0,LOW,1.2901415824890137,10.737794876098633
2025-05-04 12:00:00,2.1382289412,41.2,29.4,31.13,71.7,,bay_of_bengal_12n90e,12.0,90.0,0,LOW,1.1956981420516968,10.844393730163574
2025-05-05 12:00:00,2.915766738,36.9,29.5,31.09,68.9,,bay_of_bengal_12n90e,12.0,90.0,0,LOW,1.034332513809204,9.995514869689941
2025-05-06 12:00:00,2.3326133903999997,80.5,29.6,30.98,71.1,,bay_of_bengal_12n90e,12.0,90.0,0,LOW,0.9549094438552856,10.679427146911621
2025-05-07 12:00:00,3.4989200856,67.6,30.1,31.18,69.0,,bay_of_bengal_12n90e,12.0,90.0,0,LOW,1.2669506072998047,13.141926765441895
2025-05-08 12:00:00,2.915766738,183.8,29.3,30.87,74.8,,bay_of_bengal_12n90e,12.0,90.0,0,LOW,1.4181396961212158,12.185233116149902
2025-05-09 12:00:00,1.1663066952,128.7,30.0,31.22,72.4,,bay_of_bengal_12n90e,12.0,90.0,1,MODERATE,1.6649019718170166,10.25770378112793
2025-05-10 12:00:00,5.0539956792,74.4,30.0,31.1,73.5,,bay_of_bengal_12n90e,12.0,90.0,0,LOW,1.3400791883468628,9.537164688110352
2025-05-11 12:00:00,5.6371490267999995,93.9,29.7,31.03,75.9,,bay_of_bengal_12n90e,12.0,90.0,0,LOW,1.1881132125854492,8.804960250854492
2025-05-12 12:00:00,6.2203023744,69.9,29.5,30.78,78.6,,bay_of_bengal_12n90e,12.0,90.0,0,LOW,1.1543468236923218,9.327427864074707
2025-05-13 12:00:00,6.0259179252,51.6,29.5,31.16,79.8,,bay_of_bengal_12n90e,12.0,90.0,0,LOW,1.4297382831573486,10.246797561645508
2025-05-14 12:00:00,4.470842331599999,37.9,29.9,31.3,77.7,,bay_of_bengal_12n90e,12.0,90.0,0,LOW,1.4672516584396362,10.248170852661133
2025-05-15 12:00:00,3.6933045348,357.0,28.7,31.0,79.0,,bay_of_bengal_12n90e,12.0,90.0,0,LOW,1.4697794914245605,9.874489784240723
2025-05-16 12:00:00,1.5550755936,39.8,28.7,31.17,78.4,,bay_of_bengal_12n90e,12.0,90.0,1,MODERATE,1.592780351638794,10.234697341918945
2025-05-17 12:00:00,8.5529157648,353.5,29.1,31.14,78.2,,bay_of_bengal_12n90e,12.0,90.0,1,MODERATE,1.5864648818969727,9.242439270019531
2025-05-18 12:00:00,14.7732181392,350.9,28.9,31.0,81.5,,bay_of_bengal_12n90e,12.0,90.0,1,MODERATE,1.7240291833877563,8.234387397766113
2025-05-19 12:00:00,13.606911444,14.8,29.1,30.83,81.3,,bay_of_bengal_12n90e,12.0,90.0,1,MODERATE,1.794087529182434,7.375940322875977
2025-05-20 12:00:00,12.2462202996,10.1,29.5,30.94,81.0,,bay_of_bengal_12n90e,12.0,90.0,1,MODERATE,1.7530276775360107,7.151771545410156
2025-05-21 12:00:00,11.2742980536,15.0,29.6,30.92,81.1,,bay_of_bengal_12n90e,12.0,90.0,1,MODERATE,1.5647156238555908,7.748664855957031
2025-05-22 12:00:00,12.2462202996,46.9,29.4,30.72,80.6,,bay_of_bengal_12n90e,12.0,90.0,1,MODERATE,1.5716965198516846,8.755651473999023
2025-05-23 12:00:00,13.9956803424,50.1,30.0,30.82,81.4,,bay_of_bengal_12n90e,12.0,90.0,1,MODERATE,1.7146456241607666,8.80117416381836
2025-05-24 12:00:00,16.1339092836,54.8,29.3,30.51,83.9,,bay_of_bengal_12n90e,12.0,90.0,1,MODERATE,1.961761713027954,8.636792182922363
2025-05-25 12:00:00,12.634989198,62.7,27.7,30.08,88.4,,bay_of_bengal_12n90e,12.0,90.0,1,MODERATE,2.6711807250976562,7.4631853103637695
2025-05-26 12:00:00,20.2159827168,45.4,29.5,29.89,83.6,,bay_of_bengal_12n90e,12.0,90.0,1,MODERATE,2.4647693634033203,7.459240913391113
2025-05-27 12:00:00,23.9092872516,40.4,29.7,29.71,81.9,,bay_of_bengal_12n90e,12.0,90.0,2,HIGH,3.2731363773345947,7.811338424682617
2025-05-28 12:00:00,21.382289412,44.6,29.5,29.69,83.2,,bay_of_bengal_12n90e,12.0,90.0,2,HIGH,3.5187108516693115,7.965513229370117
2025-05-29 12:00:00,21.9654427596,33.1,29.7,29.63,82.3,,bay_of_bengal_12n90e,12.0,90.0,2,HIGH,3.466737747192383,8.629929542541504
2025-05-30 12:00:00,20.2159827168,28.8,29.0,29.62,85.7,,bay_of_bengal_12n90e,12.0,90.0,2,HIGH,3.3596558570861816,8.990361213684082
2025-05-31 12:00:00,17.6889848772,38.8,29.5,29.78,83.6,,bay_of_bengal_12n90e,12.0,90.0,2,HIGH,3.0200483798980713,8.670915603637695
2025-06-01 12:00:00,16.9114470804,44.5,29.5,29.73,84.6,,bay_of_bengal_12n90e,12.0,90.0,1,MODERATE,2.5871782302856445,8.817121505737305
2025-06-02 12:00:00,14.3844492408,44.5,29.4,29.95,84.7,,bay_of_bengal_12n90e,12.0,90.0,1,MODERATE,2.36332631111145,9.009284019470215
2025-06-03 12:00:00,12.2462202996,38.5,29.4,,84.5,,bay_of_bengal_12n90e,12.0,90.0,1,MODERATE,2.0107829570770264,9.316301345825195
2025-06-04 12:00:00,12.0518358504,40.4,29.4,,83.7,,bay_of_bengal_12n90e,12.0,90.0,1,MODERATE,1.727773666381836,9.395617485046387
2025-06-05 12:00:00,10.8855291552,39.9,29.5,,82.8,,bay_of_bengal_12n90e,12.0,90.0,1,MODERATE,1.980618953704834,10.818480491638184
2025-06-06 12:00:00,10.8855291552,42.8,29.5,,82.4,,bay_of_bengal_12n90e,12.0,90.0,1,MODERATE,1.9477753639221191,10.130236625671387
2025-06-07 12:00:00,10.8855291552,70.3,29.2,,83.6,,bay_of_bengal_12n90e,12.0,90.0,1,MODERATE,2.0129027366638184,9.555196762084961
2025-06-08 12:00:00,13.8012958932,55.9,29.6,,82.3,,bay_of_bengal_12n90e,12.0,90.0,1,MODERATE,1.9873788356781006,9.696924209594727
2025-06-09 12:00:00,16.3282937328,55.2,29.4,,82.8,,bay_of_bengal_12n90e,12.0,90.0,1,MODERATE,2.5082030296325684,8.601398468017578
2025-06-10 12:00:00,9.71922246,39.4,28.0,,85.6,,bay_of_bengal_12n90e,12.0,90.0,1,MODERATE,2.4542064666748047,8.41872501373291
2025-06-11 12:00:00,15.939524834399998,42.0,29.3,,82.8,,bay_of_bengal_12n90e,12.0,90.0,1,MODERATE,2.417645215988159,7.872518539428711
2025-06-12 12:00:00,14.9676025884,37.6,28.6,29.87,83.9,,bay_of_bengal_12n90e,12.0,90.0,1,MODERATE,2.5938587188720703,8.309401512145996
2025-06-13 12:00:00,16.1339092836,45.5,28.3,,85.6,,bay_of_bengal_12n90e,12.0,90.0,1,MODERATE,2.7018046379089355,8.01552677154541
2025-06-14 12:00:00,22.7429805564,38.4,29.4,,82.8,,bay_of_bengal_12n90e,12.0,90.0,2,HIGH,2.9071969985961914,8.057334899902344
2025-06-15 12:00:00,20.410367166,40.4,28.9,,83.1,,bay_of_bengal_12n90e,12.0,90.0,2,HIGH,3.018784523010254,8.090071678161621
2025-06-16 12:00:00,18.466522674,41.6,28.8,,84.0,,bay_of_bengal_12n90e,12.0,90.0,2,HIGH,2.903118133544922,7.966379165649414
2025-06-17 12:00:00,17.494600428,41.8,29.3,,82.9,,bay_of_bengal_12n90e,12.0,90.0,1,MODERATE,2.498234748840332,8.232874870300293
2025-06-18 12:00:00,18.0777537756,37.1,29.4,,82.1,,bay_of_bengal_12n90e,12.0,90.0,1,MODERATE,2.1279664039611816,7.493557929992676
2025-06-19 12:00:00,16.3282937328,35.8,29.4,,83.1,,bay_of_bengal_12n90e,12.0,90.0,1,MODERATE,1.8293359279632568,7.222156524658203
2025-06-20 12:00:00,15.550755936,44.5,29.3,,84.4,,bay_of_bengal_12n90e,12.0,90.0,1,MODERATE,2.2039756774902344,8.537524223327637
2025-06-21 12:00:00,16.1339092836,50.4,29.1,,83.1,,bay_of_bengal_12n90e,12.0,90.0,1,MODERATE,2.4073405265808105,8.322404861450195
2025-06-22 12:00:00,17.6889848772,63.2,28.0,,84.7,,bay_of_bengal_12n90e,12.0,90.0,1,MODERATE,2.5519299507141113,7.864034652709961
2025-06-23 12:00:00,17.883369326399997,60.6,28.8,,83.8,,bay_of_bengal_12n90e,12.0,90.0,1,MODERATE,2.5603280067443848,8.240608215332031
2025-06-24 12:00:00,19.0496760216,44.6,29.4,,83.1,,bay_of_bengal_12n90e,12.0,90.0,1,MODERATE,2.634517192840576,8.375266075134277
2025-06-25 12:00:00,18.466522674,39.0,29.3,,83.0,,bay_of_bengal_12n90e,12.0,90.0,1,MODERATE,2.6687071323394775,8.313911437988281
2025-06-26 12:00:00,16.1339092836,33.7,29.0,,83.4,,bay_of_bengal_12n90e,12.0,90.0,1,MODERATE,2.440739631652832,9.020126342773438
2025-06-27 12:00:00,15.939524834399998,35.0,29.3,,84.0,,bay_of_bengal_12n90e,12.0,90.0,1,MODERATE,2.2379274368286133,8.882654190063477
2025-06-28 12:00:00,18.2721382248,40.3,29.3,,84.0,,bay_of_bengal_12n90e,12.0,90.0,1,MODERATE,2.6925792694091797,8.603619575500488
2025-06-29 12:00:00,16.3282937328,48.4,28.5,,83.7,,bay_of_bengal_12n90e,12.0,90.0,2,HIGH,2.983654022216797,8.852432250976562
2025-06-30 12:00:00,13.9956803424,51.2,28.2,,85.5,,bay_of_bengal_12n90e,12.0,90.0,1,MODERATE,2.5449156761169434,8.522181510925293
2025-07-01 12:00:00,17.883369326399997,42.4,29.3,,82.8,,bay_of_bengal_12n90e,12.0,90.0,1,MODERATE,2.4083847999572754,7.7374420166015625
2025-07-02 12:00:00,17.1058315296,37.1,29.3,,82.7,,bay_of_bengal_12n90e,12.0,90.0,1,MODERATE,2.371222734451294,8.24685287475586
2025-07-03 12:00:00,15.939524834399998,43.0,28.5,,82.7,,bay_of_bengal_12n90e,12.0,90.0,1,MODERATE,2.1687963008880615,7.752318382263184
2025-07-04 12:00:00,16.3282937328,44.5,29.3,,84.0,,bay_of_bengal_12n90e,12.0,90.0,1,MODERATE,1.9979932308197021,7.1068010330200195
2025-07-05 12:00:00,16.717062631199997,45.0,29.3,,84.2,,bay_of_bengal_12n90e,12.0,90.0,1,MODERATE,1.8512077331542969,6.595562934875488
2025-07-06 12:00:00,18.0777537756,45.9,29.3,,84.1,,bay_of_bengal_12n90e,12.0,90.0,1,MODERATE,1.8602219820022583,6.806692123413086
2025-07-07 12:00:00,17.1058315296,44.1,29.3,,83.7,,bay_of_bengal_12n90e,12.0,90.0,1,MODERATE,2.3082072734832764,8.861456871032715
2025-07-08 12:00:00,16.717062631199997,34.6,29.1,,84.3,,bay_of_bengal_12n90e,12.0,90.0,1,MODERATE,2.312425136566162,8.921533584594727
2025-07-09 12:00:00,14.7732181392,33.7,29.2,,84.1,,bay_of_bengal_12n90e,12.0,90.0,1,MODERATE,1.9714988470077515,8.359776496887207
2025-07-10 12:00:00,13.9956803424,35.9,29.2,,83.1,,bay_of_bengal_12n90e,12.0,90.0,1,MODERATE,1.7619383335113525,8.308358192443848
2025-07-11 12:00:00,14.3844492408,41.2,29.2,,83.3,,bay_of_bengal_12n90e,12.0,90.0,1,MODERATE,2.3222496509552,10.587029457092285
2025-07-12 12:00:00,14.7732181392,46.6,29.2,,84.5,,bay_of_bengal_12n90e,12.0,90.0,1,MODERATE,2.356807231903076,10.10155200958252
2025-07-13 12:00:00,15.550755936,48.5,29.2,,84.8,,bay_of_bengal_12n90e,12.0,90.0,1,MODERATE,2.397432565689087,9.306048393249512
2025-07-14 12:00:00,14.1900647916,56.1,29.4,,84.2,,bay_of_bengal_12n90e,12.0,90.0,1,MODERATE,2.0090255737304688,8.719813346862793
2025-07-15 12:00:00,11.663066952,58.7,28.2,,85.3,,bay_of_bengal_12n90e,12.0,90.0,1,MODERATE,1.9289859533309937,8.433350563049316
2025-07-16 12:00:00,7.775377968,50.0,27.3,,86.1,,bay_of_bengal_12n90e,12.0,90.0,1,MODERATE,1.7848201990127563,8.947761535644531
2025-07-17 12:00:00,8.1641468664,65.9,27.2,,85.7,,bay_of_bengal_12n90e,12.0,90.0,1,MODERATE,2.0251336097717285,9.37535285949707
2025-07-18 12:00:00,12.0518358504,40.4,28.3,,83.5,,bay_of_bengal_12n90e,12.0,90.0,1,MODERATE,2.1478261947631836,9.431437492370605
2025-07-19 12:00:00,13.9956803424,50.6,28.0,,84.2,,bay_of_bengal_12n90e,12.0,90.0,1,MODERATE,2.5519471168518066,9.275469779968262
2025-07-20 12:00:00,16.1339092836,64.4,27.5,,86.4,,bay_of_bengal_12n90e,12.0,90.0,1,MODERATE,2.7900161743164062,8.915806770324707
2025-07-21 12:00:00,19.0496760216,52.1,28.2,,84.4,,bay_of_bengal_12n90e,12.0,90.0,2,HIGH,3.21528697013855,8.235422134399414
2025-07-22 12:00:00,21.9654427596,49.7,29.3,,82.1,,bay_of_bengal_12n90e,12.0,90.0,2,HIGH,3.1816065311431885,7.954724311828613
2025-07-23 12:00:00,24.6868250484,51.7,29.2,,81.8,,bay_of_bengal_12n90e,12.0,90.0,2,HIGH,3.704639196395874,8.143847465515137
2025-07-24 12:00:00,21.9654427596,54.8,28.7,,82.9,,bay_of_bengal_12n90e,12.0,90.0,2,HIGH,3.479433298110962,8.42565631866455
2025-07-25 12:00:00,21.5766738612,45.4,29.1,,81.8,,bay_of_bengal_12n90e,12.0,90.0,2,HIGH,3.2310924530029297,8.18223762512207
2025-07-26 12:00:00,19.43844492,46.6,29.1,29.22,81.8,,bay_of_bengal_12n90e,12.0,90.0,1,MODERATE,2.688389301300049,7.919934272766113
2025-07-27 12:00:00,18.6609071232,55.2,29.0,29.23,82.6,,bay_of_bengal_12n90e,12.0,90.0,1,MODERATE,2.5548293590545654,8.324370384216309
2025-07-28 12:00:00,17.6889848772,50.4,28.9,29.29,83.7,,bay_of_bengal_12n90e,12.0,90.0,1,MODERATE,2.337628126144409,8.692953109741211
2025-07-29 12:00:00,16.3282937328,44.5,28.9,29.27,83.0,,bay_of_bengal_12n90e,12.0,90.0,1,MODERATE,2.16473650932312,8.361530303955078
2025-07-30 12:00:00,14.9676025884,28.9,29.0,29.34,83.7,,bay_of_bengal_12n90e,12.0,90.0,1,MODERATE,2.140493869781494,8.793463706970215
2025-07-31 12:00:00,10.3023758076,30.4,28.9,29.5,83.6,,bay_of_bengal_12n90e,12.0,90.0,1,MODERATE,2.084057331085205,9.799592971801758
2025-08-01 12:00:00,9.3304535616,21.8,28.9,29.6,82.3,,bay_of_bengal_12n90e,12.0,90.0,1,MODERATE,1.9813220500946045,10.39870834350586
2025-08-02 12:00:00,5.831533476,21.4,28.9,29.92,81.6,,bay_of_bengal_12n90e,12.0,90.0,1,MODERATE,1.5416779518127441,9.712854385375977
2025-08-03 12:00:00,6.9978401712,74.1,27.7,29.79,84.4,,bay_of_bengal_12n90e,12.0,90.0,1,MODERATE,1.5618326663970947,9.476462364196777
2025-08-04 12:00:00,10.8855291552,68.0,28.4,,82.6,,bay_of_bengal_12n90e,12.0,90.0,1,MODERATE,2.0817360877990723,11.002419471740723
2025-08-05 12:00:00,10.691144706,43.5,28.6,,82.6,,bay_of_bengal_12n90e,12.0,90.0,1,MODERATE,2.0548973083496094,10.874261856079102
2025-08-06 12:00:00,6.803455722,39.2,28.8,,80.6,,bay_of_bengal_12n90e,12.0,90.0,1,MODERATE,2.2497341632843018,11.390262603759766
2025-08-07 12:00:00,6.2203023744,34.7,28.7,,81.6,,bay_of_bengal_12n90e,12.0,90.0,1,MODERATE,2.1331236362457275,11.554819107055664
2025-08-08 12:00:00,5.831533476,24.0,27.0,,86.5,,bay_of_bengal_12n90e,12.0,90.0,1,MODERATE,2.1262097358703613,10.815263748168945
2025-08-09 12:00:00,11.2742980536,47.8,28.1,,81.4,,bay_of_bengal_12n90e,12.0,90.0,1,MODERATE,2.119295358657837,8.280437469482422
2025-08-10 12:00:00,14.7732181392,56.3,28.8,29.55,79.7,,bay_of_bengal_12n90e,12.0,90.0,1,MODERATE,1.8996502161026,8.241334915161133
2025-08-11 12:00:00,17.3002159788,66.9,27.9,,82.9,,bay_of_bengal_12n90e,12.0,90.0,1,MODERATE,2.013094663619995,7.675497055053711
2025-08-12 12:00:00,18.8552915724,61.1,27.3,29.32,84.0,,bay_of_bengal_12n90e,12.0,90.0,2,HIGH,2.843215227127075,7.901291847229004
2025-08-13 12:00:00,15.550755936,40.4,28.3,,83.6,,bay_of_bengal_12n90e,12.0,90.0,1,MODERATE,2.694791555404663,8.452666282653809
2025-08-14 12:00:00,15.939524834399998,48.9,28.7,,81.4,,bay_of_bengal_12n90e,12.0,90.0,1,MODERATE,2.3944897651672363,8.469245910644531
2025-08-15 12:00:00,15.939524834399998,52.4,28.5,,82.3,,bay_of_bengal_12n90e,12.0,90.0,1,MODERATE,2.272301435470581,7.754864692687988
2025-08-16 12:00:00,16.9114470804,48.3,27.6,,84.1,,bay_of_bengal_12n90e,12.0,90.0,1,MODERATE,2.3337442874908447,7.357443809509277
2025-08-17 12:00:00,16.1339092836,46.0,27.8,,84.6,,bay_of_bengal_12n90e,12.0,90.0,2,HIGH,2.808840751647949,7.757157325744629
2025-08-18 12:00:00,16.1339092836,38.7,27.9,,83.8,,bay_of_bengal_12n90e,12.0,90.0,1,MODERATE,2.6492421627044678,7.854835510253906
2025-08-19 12:00:00,14.9676025884,36.0,28.7,,84.2,,bay_of_bengal_12n90e,12.0,90.0,1,MODERATE,2.111798048019409,7.740917205810547
2025-08-20 12:00:00,13.2181425456,28.8,28.6,,81.9,,bay_of_bengal_12n90e,12.0,90.0,1,MODERATE,1.692184567451477,7.660297393798828
2025-08-21 12:00:00,12.0518358504,43.0,28.6,,80.2,,bay_of_bengal_12n90e,12.0,90.0,0,LOW,1.335256814956665,8.38406753540039
2025-08-22 12:00:00,13.0237580964,40.8,28.6,,81.5,,bay_of_bengal_12n90e,12.0,90.0,1,MODERATE,1.572725534439087,8.787745475769043
2025-08-23 12:00:00,13.9956803424,48.4,28.5,,82.1,,bay_of_bengal_12n90e,12.0,90.0,1,MODERATE,2.086803436279297,8.610658645629883
2025-08-24 12:00:00,11.663066952,56.6,28.7,,84.9,,bay_of_bengal_12n90e,12.0,90.0,1,MODERATE,2.029043674468994,10.53464126586914
2025-08-25 12:00:00,13.2181425456,55.8,28.7,,84.3,,bay_of_bengal_12n90e,12.0,90.0,1,MODERATE,1.9456634521484375,9.54743766784668
2025-08-26 12:00:00,16.522678182,44.0,28.8,,82.5,,bay_of_bengal_12n90e,12.0,90.0,1,MODERATE,1.9803316593170166,8.212888717651367
2025-08-27 12:00:00,15.7451403852,30.4,28.8,,81.6,,bay_of_bengal_12n90e,12.0,90.0,1,MODERATE,1.9696218967437744,7.47524356842041
2025-08-28 12:00:00,14.7732181392,27.6,28.7,,82.2,,bay_of_bengal_12n90e,12.0,90.0,1,MODERATE,2.0750467777252197,8.342402458190918
2025-08-29 12:00:00,14.57883369,32.4,28.9,,83.3,,bay_of_bengal_12n90e,12.0,90.0,1,MODERATE,2.3567237854003906,8.929112434387207
2025-08-30 12:00:00,12.2462202996,49.5,28.8,,84.1,,bay_of_bengal_12n90e,12.0,90.0,1,MODERATE,2.1739659309387207,8.915056228637695
2025-08-31 12:00:00,15.3563714868,67.0,28.3,,83.7,,bay_of_bengal_12n90e,12.0,90.0,1,MODERATE,2.126202344894409,8.573142051696777
2025-09-01 12:00:00,16.717062631199997,61.7,27.9,,86.0,,bay_of_bengal_12n90e,12.0,90.0,1,MODERATE,2.5478389263153076,8.350008010864258
2025-09-02 12:00:00,16.522678182,55.6,27.7,,86.3,,bay_of_bengal_12n90e,12.0,90.0,2,HIGH,2.850628614425659,8.737923622131348
2025-09-03 12:00:00,15.939524834399998,39.1,28.2,,84.1,,bay_of_bengal_12n90e,12.0,90.0,1,MODERATE,2.359361171722412,8.306425094604492
2025-09-04 12:00:00,9.5248380108,45.8,28.2,,85.1,,bay_of_bengal_12n90e,12.0,90.0,1,MODERATE,2.06795597076416,8.571812629699707
2025-09-05 12:00:00,10.691144706,60.6,28.6,,85.4,,bay_of_bengal_12n90e,12.0,90.0,1,MODERATE,1.7097911834716797,8.754040718078613
2025-09-06 12:00:00,7.5809935188,60.8,28.4,,84.7,,bay_of_bengal_12n90e,12.0,90.0,0,LOW,1.4341826438903809,9.001184463500977
2025-09-07 12:00:00,9.1360691124,64.5,28.6,,83.2,,bay_of_bengal_12n90e,12.0,90.0,0,LOW,1.3912357091903687,9.680789947509766
2025-09-08 12:00:00,8.941684663199998,26.0,28.5,,83.3,,bay_of_bengal_12n90e,12.0,90.0,0,LOW,1.414692759513855,10.00963306427002
2025-09-09 12:00:00,8.747300214,38.7,28.4,,82.8,,bay_of_bengal_12n90e,12.0,90.0,1,MODERATE,1.7639470100402832,10.958046913146973
2025-09-10 12:00:00,8.358531315599999,40.3,27.5,,84.8,,bay_of_bengal_12n90e,12.0,90.0,1,MODERATE,1.9587879180908203,10.416888236999512
2025-09-11 12:00:00,8.747300214,47.7,27.2,,81.7,,bay_of_bengal_12n90e,12.0,90.0,1,MODERATE,1.9425467252731323,9.398444175720215
2025-09-12 12:00:00,9.1360691124,20.0,28.4,,84.5,,bay_of_bengal_12n90e,12.0,90.0,1,MODERATE,1.6469345092773438,9.150177001953125
2025-09-13 12:00:00,6.2203023744,21.8,28.7,,82.1,,bay_of_bengal_12n90e,12.0,90.0,1,MODERATE,1.6598979234695435,10.240541458129883
2025-09-14 12:00:00,4.0820734332,39.1,27.9,,82.2,,bay_of_bengal_12n90e,12.0,90.0,1,MODERATE,1.6900714635849,11.032551765441895
2025-09-15 12:00:00,2.1382289412,74.7,28.2,,78.5,,bay_of_bengal_12n90e,12.0,90.0,1,MODERATE,1.6327955722808838,9.87641716003418
2025-09-16 12:00:00,5.0539956792,57.5,27.8,,80.5,,bay_of_bengal_12n90e,12.0,90.0,0,LOW,1.4116413593292236,9.891910552978516
2025-09-17 12:00:00,6.0259179252,69.2,27.3,,84.3,,bay_of_bengal_12n90e,12.0,90.0,1,MODERATE,1.5262696743011475,9.451529502868652
2025-09-18 12:00:00,10.4967602568,57.8,27.9,,81.1,,bay_of_bengal_12n90e,12.0,90.0,1,MODERATE,2.0343148708343506,9.33685302734375
2025-09-19 12:00:00,14.1900647916,67.3,27.3,,84.4,,bay_of_bengal_12n90e,12.0,90.0,1,MODERATE,2.271256923675537,7.839635848999023
2025-09-20 12:00:00,15.7451403852,72.0,27.4,,84.9,,bay_of_bengal_12n90e,12.0,90.0,1,MODERATE,2.3507139682769775,7.490206718444824
2025-09-21 12:00:00,18.6609071232,60.8,27.9,,83.7,,bay_of_bengal_12n90e,12.0,90.0,1,MODERATE,2.598811388015747,7.89218807220459
2025-09-22 12:00:00,18.0777537756,55.1,28.4,,83.9,,bay_of_bengal_12n90e,12.0,90.0,1,MODERATE,2.4200844764709473,8.267499923706055
2025-09-23 12:00:00,19.43844492,53.9,28.7,,83.2,,bay_of_bengal_12n90e,12.0,90.0,2,HIGH,2.86453914642334,8.996667861938477
2025-09-24 12:00:00,20.6047516152,59.3,28.3,,83.1,,bay_of_bengal_12n90e,12.0,90.0,2,HIGH,3.2870559692382812,9.088431358337402
2025-09-25 12:00:00,19.827213818399997,59.4,28.2,,84.7,,bay_of_bengal_12n90e,12.0,90.0,2,HIGH,3.1663784980773926,8.455920219421387
2025-09-26 12:00:00,19.0496760216,40.9,28.1,,85.1,,bay_of_bengal_12n90e,12.0,90.0,2,HIGH,2.8155205249786377,8.181309700012207
2025-09-27 12:00:00,14.9676025884,38.7,28.5,,83.7,,bay_of_bengal_12n90e,12.0,90.0,1,MODERATE,2.4754316806793213,9.179463386535645
2025-09-28 12:00:00,14.7732181392,57.4,27.9,,85.3,,bay_of_bengal_12n90e,12.0,90.0,1,MODERATE,2.1223323345184326,7.8653411865234375
2025-09-29 12:00:00,16.3282937328,83.9,27.5,,85.2,,bay_of_bengal_12n90e,12.0,90.0,1,MODERATE,2.099449872970581,7.071826934814453
2025-09-30 12:00:00,17.883369326399997,52.5,27.1,,84.3,,bay_of_bengal_12n90e,12.0,90.0,2,HIGH,2.818291664123535,7.092196464538574
2025-10-01 12:00:00,18.8552915724,31.9,28.2,,83.6,,bay_of_bengal_12n90e,12.0,90.0,1,MODERATE,2.5530102252960205,7.29527473449707
2025-10-02 12:00:00,12.8293736472,21.5,28.4,,85.1,,bay_of_bengal_12n90e,12.0,90.0,1,MODERATE,1.953033208847046,8.025025367736816
2025-10-03 12:00:00,8.358531315599999,23.0,28.4,,83.4,,bay_of_bengal_12n90e,12.0,90.0,1,MODERATE,1.9348341226577759,12.223021507263184
2025-10-04 12:00:00,6.2203023744,25.8,28.4,,81.2,,bay_of_bengal_12n90e,12.0,90.0,1,MODERATE,2.0038719177246094,12.53993034362793
2025-10-05 12:00:00,5.442764577599999,27.5,27.7,,80.6,,bay_of_bengal_12n90e,12.0,90.0,1,MODERATE,1.6613134145736694,11.526012420654297
2025-10-06 12:00:00,6.9978401712,33.7,27.7,,80.2,,bay_of_bengal_12n90e,12.0,90.0,0,LOW,1.4913897514343262,10.473616600036621
2025-10-07 12:00:00,6.414686823599999,52.4,28.1,,78.3,,bay_of_bengal_12n90e,12.0,90.0,0,LOW,1.3545008897781372,9.986071586608887
2025-10-08 12:00:00,7.5809935188,21.3,28.1,,80.0,,bay_of_bengal_12n90e,12.0,90.0,0,LOW,1.386186122894287,9.530566215515137
2025-10-09 12:00:00,6.9978401712,67.0,27.9,,80.3,,bay_of_bengal_12n90e,12.0,90.0,1,MODERATE,1.5362212657928467,10.213549613952637
2025-10-10 12:00:00,6.414686823599999,57.3,27.9,,80.4,,bay_of_bengal_12n90e,12.0,90.0,0,LOW,1.4300012588500977,9.961090087890625
2025-10-11 12:00:00,4.470842331599999,127.9,27.9,,79.4,,bay_of_bengal_12n90e,12.0,90.0,0,LOW,1.2888773679733276,9.769206047058105
2025-10-12 12:00:00,1.3606911443999998,243.4,28.3,,76.7,,bay_of_bengal_12n90e,12.0,90.0,0,LOW,1.272098422050476,10.056676864624023
2025-10-13 12:00:00,4.0820734332,188.1,27.9,,81.0,,bay_of_bengal_12n90e,12.0,90.0,0,LOW,1.3235695362091064,10.34200382232666
2025-10-14 12:00:00,7.5809935188,288.0,28.5,,79.0,,bay_of_bengal_12n90e,12.0,90.0,0,LOW,1.2351698875427246,9.955418586730957
2025-10-15 12:00:00,6.0259179252,308.4,28.4,,79.5,,bay_of_bengal_12n90e,12.0,90.0,1,MODERATE,1.5748074054718018,13.523863792419434
2025-10-16 12:00:00,8.358531315599999,307.4,28.4,,81.4,,bay_of_bengal_12n90e,12.0,90.0,1,MODERATE,1.852374792098999,12.376313209533691
2025-10-17 12:00:00,5.831533476,294.0,28.7,,79.7,,bay_of_bengal_12n90e,12.0,90.0,1,MODERATE,1.673032522201538,11.252744674682617
2025-10-18 12:00:00,6.414686823599999,254.3,28.6,,79.8,,bay_of_bengal_12n90e,12.0,90.0,1,MODERATE,1.7195357084274292,10.24278736114502
2025-10-19 12:00:00,10.3023758076,262.5,28.8,,79.8,,bay_of_bengal_12n90e,12.0,90.0,0,LOW,1.4525411128997803,9.596904754638672
2025-10-20 12:00:00,11.8574514012,284.3,28.5,,80.9,,bay_of_bengal_12n90e,12.0,90.0,0,LOW,1.3310707807540894,7.9563798904418945
2025-10-21 12:00:00,9.5248380108,315.8,27.9,,81.7,,bay_of_bengal_12n90e,12.0,90.0,1,MODERATE,1.5054092407226562,8.020552635192871
2025-10-22 12:00:00,4.0820734332,52.6,27.5,,84.9,,bay_of_bengal_12n90e,12.0,90.0,1,MODERATE,1.9304630756378174,9.280532836914062
2025-10-23 12:00:00,6.2203023744,110.1,27.3,,85.2,,bay_of_bengal_12n90e,12.0,90.0,1,MODERATE,1.6428358554840088,9.52445125579834
2025-10-24 12:00:00,14.3844492408,233.7,28.3,29.4,81.8,,bay_of_bengal_12n90e,12.0,90.0,1,MODERATE,2.2556934356689453,7.591257095336914
2025-10-25 12:00:00,18.8552915724,250.8,27.3,29.21,87.6,,bay_of_bengal_12n90e,12.0,90.0,1,MODERATE,2.2453436851501465,7.420645713806152
2025-10-26 12:00:00,15.7451403852,312.5,27.7,,86.9,,bay_of_bengal_12n90e,12.0,90.0,1,MODERATE,2.50462007522583,6.989301681518555
2025-10-27 12:00:00,14.7732181392,12.2,27.6,,82.3,,bay_of_bengal_12n90e,12.0,90.0,1,MODERATE,2.5119400024414062,7.784920692443848
2025-10-28 12:00:00,14.3844492408,357.7,28.4,29.04,83.4,,bay_of_bengal_12n90e,12.0,90.0,1,MODERATE,2.2693533897399902,8.890503883361816
2025-10-29 12:00:00,8.5529157648,28.3,28.4,,82.3,,bay_of_bengal_12n90e,12.0,90.0,1,MODERATE,2.0843217372894287,9.806121826171875
2025-10-30 12:00:00,2.5269978396,77.0,28.4,,79.7,,bay_of_bengal_12n90e,12.0,90.0,1,MODERATE,1.6359615325927734,10.847005844116211
2025-10-31 12:00:00,5.831533476,132.3,28.4,,79.3,,bay_of_bengal_12n90e,12.0,90.0,1,MODERATE,1.63102126121521,12.050485610961914
2025-11-01 12:00:00,8.358531315599999,104.7,28.5,29.31,78.4,,bay_of_bengal_12n90e,12.0,90.0,0,LOW,1.4511432647705078,9.702399253845215
2025-11-02 12:00:00,11.2742980536,84.1,28.6,29.2,78.1,,bay_of_bengal_12n90e,12.0,90.0,1,MODERATE,1.5909940004348755,8.628259658813477
2025-11-03 12:00:00,12.4406047488,98.1,28.3,,81.3,,bay_of_bengal_12n90e,12.0,90.0,1,MODERATE,1.626918077468872,7.711774826049805
2025-11-04 12:00:00,3.1101511872,104.0,27.9,29.28,81.8,,bay_of_bengal_12n90e,12.0,90.0,0,LOW,1.4071695804595947,9.634979248046875
2025-11-05 12:00:00,3.6933045348,198.4,28.4,,75.6,,bay_of_bengal_12n90e,12.0,90.0,0,LOW,1.4915590286254883,10.419846534729004
2025-11-06 12:00:00,8.747300214,174.9,28.4,29.23,65.5,,bay_of_bengal_12n90e,12.0,90.0,1,MODERATE,1.7086780071258545,11.968955039978027
2025-11-07 12:00:00,7.775377968,156.6,28.3,29.17,68.3,,bay_of_bengal_12n90e,12.0,90.0,1,MODERATE,1.8199176788330078,11.346132278442383
2025-11-08 12:00:00,4.0820734332,152.2,28.0,29.3,65.8,,bay_of_bengal_12n90e,12.0,90.0,1,MODERATE,1.552598237991333,10.774321556091309
2025-11-09 12:00:00,2.3326133903999997,260.5,27.8,29.48,68.0,,bay_of_bengal_12n90e,12.0,90.0,0,LOW,1.4710042476654053,10.894125938415527
2025-11-10 12:00:00,0.3887688984,333.4,27.9,,68.2,,bay_of_bengal_12n90e,12.0,90.0,0,LOW,1.4405527114868164,10.495949745178223
2025-11-11 12:00:00,5.0539956792,259.1,28.1,,72.5,,bay_of_bengal_12n90e,12.0,90.0,0,LOW,1.1858787536621094,9.662219047546387
2025-11-12 12:00:00,9.9136069092,214.6,28.2,29.29,76.9,,bay_of_bengal_12n90e,12.0,90.0,0,LOW,1.152003526687622,8.529871940612793
2025-11-13 12:00:00,11.4686825028,250.0,28.1,29.18,80.2,,bay_of_bengal_12n90e,12.0,90.0,0,LOW,1.1958601474761963,7.162632942199707
2025-11-14 12:00:00,14.7732181392,241.8,28.1,29.04,77.6,,bay_of_bengal_12n90e,12.0,90.0,0,LOW,1.1356171369552612,6.807233810424805
2025-11-15 12:00:00,8.358531315599999,248.2,27.5,29.03,82.0,,bay_of_bengal_12n90e,12.0,90.0,0,LOW,1.0004686117172241,7.732645034790039
2025-11-16 12:00:00,11.8574514012,269.1,28.4,,76.2,,bay_of_bengal_12n90e,12.0,90.0,1,MODERATE,1.5732474327087402,10.338818550109863
2025-11-17 12:00:00,10.4967602568,249.6,28.4,,68.6,,bay_of_bengal_12n90e,12.0,90.0,1,MODERATE,1.743330717086792,10.172492980957031
2025-11-18 12:00:00,4.2764578824,291.8,27.5,,79.4,,bay_of_bengal_12n90e,12.0,90.0,1,MODERATE,1.5543415546417236,9.509032249450684
2025-11-19 12:00:00,6.9978401712,263.7,28.0,,78.0,,bay_of_bengal_12n90e,12.0,90.0,0,LOW,1.2655794620513916,8.430441856384277
2025-11-20 12:00:00,11.0799136044,275.0,27.6,,82.4,,bay_of_bengal_12n90e,12.0,90.0,0,LOW,1.45756196975708,6.925073623657227
2025-11-21 12:00:00,15.3563714868,253.2,28.2,28.96,79.7,,bay_of_bengal_12n90e,12.0,90.0,1,MODERATE,1.5127103328704834,6.5776214599609375
2025-11-22 12:00:00,15.1619870376,245.1,28.6,29.04,78.5,,bay_of_bengal_12n90e,12.0,90.0,0,LOW,1.4610145092010498,7.497703552246094
2025-11-23 12:00:00,16.3282937328,239.2,,28.98,,,bay_of_bengal_12n90e,12.0,90.0,1,MODERATE,1.703171968460083,6.647709846496582
2025-11-24 12:00:00,13.4125269948,224.4,,29.0,,,bay_of_bengal_12n90e,12.0,90.0,0,LOW,1.3062392473220825,6.486401557922363
2025-11-25 12:00:00,15.1619870376,222.9,,29.02,,,bay_of_bengal_12n90e,12.0,90.0,1,MODERATE,1.5050504207611084,6.515213966369629
2025-11-26 12:00:00,13.0237580964,237.7,28.2,28.95,66.9,,bay_of_bengal_12n90e,12.0,90.0,0,LOW,1.3387941122055054,6.910585403442383
2025-11-27 12:00:00,13.8012958932,251.1,27.9,28.83,68.1,,bay_of_bengal_12n90e,12.0,90.0,1,MODERATE,1.581653356552124,7.468003273010254
2025-11-28 12:00:00,12.4406047488,263.8,27.7,,69.5,,bay_of_bengal_12n90e,12.0,90.0,1,MODERATE,1.881514072418213,9.550410270690918
2025-11-29 12:00:00,13.0237580964,273.4,27.7,,72.5,,bay_of_bengal_12n90e,12.0,90.0,1,MODERATE,1.6690785884857178,10.915775299072266
2025-11-30 12:00:00,12.634989198,275.3,27.2,,77.4,,bay_of_bengal_12n90e,12.0,90.0,1,MODERATE,1.729115605354309,9.734519004821777
2025-12-01 12:00:00,7.5809935188,297.2,27.0,,82.7,,bay_of_bengal_12n90e,12.0,90.0,1,MODERATE,1.509763479232788,9.96810531616211
2025-12-02 12:00:00,9.9136069092,277.8,,,,,bay_of_bengal_12n90e,12.0,90.0,0,LOW,1.3800108432769775,9.881827354431152
2025-12-03 12:00:00,7.5809935188,246.0,,,,,bay_of_bengal_12n90e,12.0,90.0,0,LOW,1.4823650121688843,11.052750587463379
2025-12-04 12:00:00,12.4406047488,239.8,27.5,28.81,68.8,,bay_of_bengal_12n90e,12.0,90.0,0,LOW,1.4042863845825195,8.81064510345459
2025-12-05 12:00:00,13.4125269948,246.0,27.9,28.82,78.1,,bay_of_bengal_12n90e,12.0,90.0,0,LOW,1.43263840675354,6.840944290161133
2025-12-06 12:00:00,14.57883369,228.2,27.8,28.89,78.1,,bay_of_bengal_12n90e,12.0,90.0,0,LOW,1.418125033378601,6.0149946212768555
2025-12-07 12:00:00,10.691144706,263.8,26.5,28.62,85.3,,bay_of_bengal_12n90e,12.0,90.0,0,LOW,1.1484190225601196,7.253619194030762
2025-12-08 12:00:00,12.8293736472,251.6,27.9,28.64,79.3,,bay_of_bengal_12n90e,12.0,90.0,0,LOW,1.271838903427124,7.3942718505859375
2025-12-09 12:00:00,11.8574514012,269.1,27.4,28.61,77.6,,bay_of_bengal_12n90e,12.0,90.0,0,LOW,1.4063565731048584,8.33851432800293
2025-12-10 12:00:00,13.0237580964,255.3,27.9,28.65,70.9,,bay_of_bengal_12n90e,12.0,90.0,0,LOW,1.352155327796936,7.3213653564453125
2025-12-11 12:00:00,13.0237580964,247.2,27.6,28.59,68.7,,bay_of_bengal_12n90e,12.0,90.0,0,LOW,1.2071919441223145,6.757699012756348
2025-12-12 12:00:00,11.2742980536,237.7,27.5,28.55,70.6,,bay_of_bengal_12n90e,12.0,90.0,0,LOW,1.0706934928894043,7.296420097351074
2025-12-13 12:00:00,14.3844492408,226.1,,,,,bay_of_bengal_12n90e,12.0,90.0,0,LOW,1.4421653747558594,6.185359001159668
2025-12-14 12:00:00,14.1900647916,254.1,27.2,,81.6,,bay_of_bengal_12n90e,12.0,90.0,0,LOW,1.3060595989227295,6.15195369720459
2025-12-15 12:00:00,14.57883369,247.2,27.9,,80.5,,bay_of_bengal_12n90e,12.0,90.0,0,LOW,1.2453551292419434,6.057753562927246
2025-12-16 12:00:00,14.57883369,235.9,,,,,bay_of_bengal_12n90e,12.0,90.0,0,LOW,1.2659327983856201,6.597321510314941
2025-12-17 12:00:00,15.939524834399998,221.1,,,,,bay_of_bengal_12n90e,12.0,90.0,1,MODERATE,1.5674693584442139,7.139854431152344
2025-12-18 12:00:00,13.4125269948,216.7,,,,,bay_of_bengal_12n90e,12.0,90.0,1,MODERATE,1.5125250816345215,7.6919403076171875
2025-12-19 12:00:00,10.691144706,215.4,27.0,,75.3,,bay_of_bengal_12n90e,12.0,90.0,0,LOW,1.2633599042892456,8.05797004699707
2025-12-20 12:00:00,11.0799136044,229.3,27.4,,75.9,,bay_of_bengal_12n90e,12.0,90.0,0,LOW,1.3224714994430542,7.931171417236328
2025-12-21 12:00:00,12.4406047488,250.7,27.5,,72.3,,bay_of_bengal_12n90e,12.0,90.0,0,LOW,1.3836603164672852,7.478192329406738
2025-12-22 12:00:00,13.2181425456,230.9,27.1,,65.1,,bay_of_bengal_12n90e,12.0,90.0,0,LOW,1.1615536212921143,6.961722373962402
2025-12-23 12:00:00,11.2742980536,223.6,27.0,,58.5,,bay_of_bengal_12n90e,12.0,90.0,0,LOW,0.9920628070831299,8.574098587036133
2025-12-24 12:00:00,13.4125269948,220.9,27.2,,68.5,,bay_of_bengal_12n90e,12.0,90.0,0,LOW,1.1143741607666016,7.841975212097168
2025-12-25 12:00:00,11.4686825028,227.1,27.3,,64.2,,bay_of_bengal_12n90e,12.0,90.0,0,LOW,1.170431137084961,7.795668601989746
2025-12-26 12:00:00,14.1900647916,217.8,27.0,,70.0,,bay_of_bengal_12n90e,12.0,90.0,0,LOW,1.21527898311615,7.850306510925293
2025-12-27 12:00:00,14.3844492408,217.3,26.8,,75.0,,bay_of_bengal_12n90e,12.0,90.0,1,MODERATE,1.5070710182189941,8.605588912963867
2025-12-28 12:00:00,11.663066952,223.0,25.6,,86.1,,bay_of_bengal_12n90e,12.0,90.0,1,MODERATE,1.6484453678131104,8.102723121643066
2025-12-29 12:00:00,9.71922246,252.6,26.2,,88.4,,bay_of_bengal_12n90e,12.0,90.0,0,LOW,1.396181344985962,8.165482521057129
2025-12-30 12:00:00,8.747300214,271.3,26.7,,84.2,,bay_of_bengal_12n90e,12.0,90.0,0,LOW,1.2327015399932861,7.844435691833496
2025-12-31 12:00:00,11.4686825028,224.3,26.4,,80.0,,bay_of_bengal_12n90e,12.0,90.0,0,LOW,1.1986881494522095,7.117487907409668
2026-01-01 12:00:00,11.8574514012,226.3,26.2,,72.3,,bay_of_bengal_12n90e,12.0,90.0,0,LOW,1.2256789207458496,7.284320831298828
2026-01-02 12:00:00,13.9956803424,234.1,27.0,,71.7,,bay_of_bengal_12n90e,12.0,90.0,0,LOW,1.132432460784912,7.392938613891602
2026-01-03 12:00:00,16.522678182,228.8,27.4,,77.1,,bay_of_bengal_12n90e,12.0,90.0,0,LOW,1.4049723148345947,6.698490142822266
2026-01-04 12:00:00,15.550755936,243.4,27.1,,75.6,,bay_of_bengal_12n90e,12.0,90.0,1,MODERATE,1.6533570289611816,6.636653900146484
2026-01-05 12:00:00,19.0496760216,222.5,26.7,,72.1,,bay_of_bengal_12n90e,12.0,90.0,1,MODERATE,1.8935760259628296,6.37211799621582
2026-01-06 12:00:00,19.43844492,209.4,26.3,,74.5,,bay_of_bengal_12n90e,12.0,90.0,1,MODERATE,1.6027450561523438,6.066065788269043
2026-01-07 12:00:00,20.7991360644,214.0,26.5,,79.1,,bay_of_bengal_12n90e,12.0,90.0,1,MODERATE,1.6776466369628906,6.163567543029785
2026-01-08 12:00:00,16.9114470804,239.0,26.8,,82.4,,bay_of_bengal_12n90e,12.0,90.0,1,MODERATE,1.6246161460876465,6.150577545166016
2026-01-09 12:00:00,12.2462202996,254.4,27.0,,84.0,,bay_of_bengal_12n90e,12.0,90.0,0,LOW,1.308725118637085,6.999689102172852
2026-01-10 12:00:00,9.9136069092,272.2,26.8,,83.1,,bay_of_bengal_12n90e,12.0,90.0,0,LOW,1.3942310810089111,8.437268257141113
2026-01-11 12:00:00,13.9956803424,253.8,27.2,,75.8,,bay_of_bengal_12n90e,12.0,90.0,0,LOW,1.309485912322998,7.670843124389648
2026-01-12 12:00:00,11.0799136044,245.2,27.0,,72.4,,bay_of_bengal_12n90e,12.0,90.0,0,LOW,1.1532230377197266,7.007903099060059
2026-01-13 12:00:00,12.2462202996,198.4,26.5,,76.2,,bay_of_bengal_12n90e,12.0,90.0,0,LOW,1.1793899536132812,6.467918395996094
2026-01-14 12:00:00,11.0799136044,185.0,25.8,,65.4,,bay_of_bengal_12n90e,12.0,90.0,0,LOW,1.1670362949371338,7.623824119567871
2026-01-15 12:00:00,13.2181425456,202.4,25.4,,63.7,,bay_of_bengal_12n90e,12.0,90.0,0,LOW,1.3560808897018433,8.201742172241211
2026-01-16 12:00:00,12.8293736472,195.9,25.6,,67.6,,bay_of_bengal_12n90e,12.0,90.0,0,LOW,1.363577961921692,6.837981224060059
2026-01-17 12:00:00,9.3304535616,183.6,25.3,,70.2,,bay_of_bengal_12n90e,12.0,90.0,0,LOW,1.2467024326324463,7.111537933349609
2026-01-18 12:00:00,6.0259179252,174.5,25.2,,59.4,,bay_of_bengal_12n90e,12.0,90.0,0,LOW,1.0821332931518555,10.297738075256348
2026-01-19 12:00:00,5.442764577599999,186.1,25.4,,54.6,,bay_of_bengal_12n90e,12.0,90.0,0,LOW,1.078711748123169,11.711813926696777
2026-01-20 12:00:00,6.2203023744,205.8,26.0,,63.5,,bay_of_bengal_12n90e,12.0,90.0,0,LOW,1.030327558517456,10.386487007141113
2026-01-21 12:00:00,15.550755936,220.4,26.7,,77.9,,bay_of_bengal_12n90e,12.0,90.0,0,LOW,1.3231462240219116,7.9664154052734375
2026-01-22 12:00:00,15.7451403852,241.2,26.8,,78.2,,bay_of_bengal_12n90e,12.0,90.0,1,MODERATE,1.546921730041504,7.388864517211914
2026-01-23 12:00:00,11.4686825028,261.2,26.7,,81.6,,bay_of_bengal_12n90e,12.0,90.0,0,LOW,1.4871891736984253,8.901416778564453
2026-01-24 12:00:00,12.4406047488,252.7,27.4,,73.5,,bay_of_bengal_12n90e,12.0,90.0,1,MODERATE,1.566308617591858,8.005049705505371
2026-01-25 12:00:00,12.634989198,236.3,27.1,,71.6,,bay_of_bengal_12n90e,12.0,90.0,0,LOW,1.3400068283081055,7.616782188415527
2026-01-26 12:00:00,15.1619870376,210.8,26.5,,72.7,,bay_of_bengal_12n90e,12.0,90.0,0,LOW,1.239194393157959,7.018932342529297
2026-01-27 12:00:00,13.8012958932,215.3,26.4,,71.6,,bay_of_bengal_12n90e,12.0,90.0,0,LOW,1.2728559970855713,6.670107841491699
2026-01-28 12:00:00,10.1079913584,228.9,26.8,,71.2,,bay_of_bengal_12n90e,12.0,90.0,0,LOW,1.1648850440979004,8.416215896606445
2026-01-29 12:00:00,13.4125269948,224.4,26.7,,75.3,,bay_of_bengal_12n90e,12.0,90.0,0,LOW,1.2957417964935303,8.806689262390137
2026-01-30 12:00:00,13.0237580964,232.3,26.8,,75.6,,bay_of_bengal_12n90e,12.0,90.0,0,LOW,1.4566863775253296,8.532837867736816
2026-01-31 12:00:00,11.4686825028,227.7,26.4,,72.7,,bay_of_bengal_12n90e,12.0,90.0,0,LOW,1.4340052604675293,8.790474891662598
2026-02-01 12:00:00,12.0518358504,216.5,26.5,,78.6,,bay_of_bengal_12n90e,12.0,90.0,0,LOW,1.434804081916809,8.482613563537598
2026-02-02 12:00:00,14.1900647916,212.2,26.5,,82.1,,bay_of_bengal_12n90e,12.0,90.0,0,LOW,1.3468599319458008,6.952781677246094
2026-02-03 12:00:00,11.663066952,248.6,26.8,,78.1,,bay_of_bengal_12n90e,12.0,90.0,0,LOW,1.2259836196899414,6.415189743041992
2026-02-04 12:00:00,12.2462202996,235.3,27.2,,74.8,,bay_of_bengal_12n90e,12.0,90.0,0,LOW,1.1773121356964111,6.496791839599609
2026-02-05 12:00:00,14.1900647916,230.0,27.1,,74.4,,bay_of_bengal_12n90e,12.0,90.0,0,LOW,1.105417013168335,6.072702407836914
2026-02-06 12:00:00,14.1900647916,220.0,26.7,,65.0,,bay_of_bengal_12n90e,12.0,90.0,0,LOW,1.3145430088043213,6.443143844604492
2026-02-07 12:00:00,13.4125269948,210.3,26.2,,64.7,,bay_of_bengal_12n90e,12.0,90.0,1,MODERATE,1.5442101955413818,6.503963470458984
2026-02-08 12:00:00,12.2462202996,212.7,25.7,,65.5,,bay_of_bengal_12n90e,12.0,90.0,0,LOW,1.4535205364227295,6.6225786209106445
2026-02-09 12:00:00,9.71922246,205.0,26.1,,67.3,,bay_of_bengal_12n90e,12.0,90.0,0,LOW,1.153130292892456,8.484487533569336
2026-02-10 12:00:00,10.4967602568,216.0,,,,,bay_of_bengal_12n90e,12.0,90.0,0,LOW,1.1528892517089844,8.328886032104492
2026-02-11 12:00:00,13.606911444,222.1,27.0,,83.3,,bay_of_bengal_12n90e,12.0,90.0,0,LOW,1.3221416473388672,7.223182678222656
2026-02-12 12:00:00,13.4125269948,218.5,27.0,,80.1,,bay_of_bengal_12n90e,12.0,90.0,0,LOW,1.3698434829711914,6.714369773864746
2026-02-13 12:00:00,13.9956803424,218.8,27.1,,74.4,,bay_of_bengal_12n90e,12.0,90.0,0,LOW,1.409576416015625,7.065411567687988
2026-02-14 12:00:00,14.7732181392,219.1,26.7,,71.3,,bay_of_bengal_12n90e,12.0,90.0,0,LOW,1.3444443941116333,6.465784072875977
2026-02-15 12:00:00,12.2462202996,214.7,26.3,,75.0,,bay_of_bengal_12n90e,12.0,90.0,0,LOW,1.1831443309783936,7.166083335876465
2026-02-16 12:00:00,12.8293736472,230.5,26.4,,75.4,,bay_of_bengal_12n90e,12.0,90.0,0,LOW,1.4441802501678467,9.536999702453613
2026-02-17 12:00:00,12.634989198,222.5,26.4,,74.0,,bay_of_bengal_12n90e,12.0,90.0,1,MODERATE,1.581235408782959,8.765523910522461
2026-02-18 12:00:00,12.4406047488,226.9,26.7,,77.6,,bay_of_bengal_12n90e,12.0,90.0,0,LOW,1.424704909324646,7.9594621658325195
2026-02-19 12:00:00,12.8293736472,233.7,26.8,,81.3,,bay_of_bengal_12n90e,12.0,90.0,0,LOW,1.179152250289917,7.066761016845703
2026-02-20 12:00:00,13.0237580964,249.1,25.9,,87.6,,bay_of_bengal_12n90e,12.0,90.0,1,MODERATE,1.5431338548660278,7.0739898681640625
2026-02-21 12:00:00,10.691144706,282.5,25.5,,89.2,,bay_of_bengal_12n90e,12.0,90.0,0,LOW,1.3204734325408936,8.604854583740234
2026-02-22 12:00:00,7.775377968,280.2,25.2,,87.3,,bay_of_bengal_12n90e,12.0,90.0,0,LOW,1.1078826189041138,8.636492729187012
2026-02-23 12:00:00,7.969762417199999,235.9,26.5,,81.8,,bay_of_bengal_12n90e,12.0,90.0,0,LOW,1.1677013635635376,7.318185806274414
2026-02-24 12:00:00,8.747300214,225.0,26.8,,77.3,,bay_of_bengal_12n90e,12.0,90.0,0,LOW,1.3593672513961792,6.847391128540039
2026-02-25 12:00:00,7.3866090696,207.9,26.6,,77.2,,bay_of_bengal_12n90e,12.0,90.0,0,LOW,1.1989350318908691,7.995414733886719
2026-02-26 12:00:00,3.1101511872,232.4,26.4,,74.2,,bay_of_bengal_12n90e,12.0,90.0,0,LOW,1.29427170753479,8.8627347946167
2026-02-27 12:00:00,4.2764578824,285.9,26.7,,74.0,,bay_of_bengal_12n90e,12.0,90.0,0,LOW,1.2370283603668213,7.974625587463379
2026-02-28 12:00:00,4.470842331599999,350.1,26.8,,73.4,,bay_of_bengal_12n90e,12.0,90.0,0,LOW,1.1596801280975342,8.23940658569336
2026-03-01 12:00:00,3.6933045348,328.0,26.6,,72.9,,bay_of_bengal_12n90e,12.0,90.0,0,LOW,1.0525672435760498,8.117711067199707
2026-03-02 12:00:00,3.6933045348,304.5,26.8,,66.8,,bay_of_bengal_12n90e,12.0,90.0,0,LOW,0.8895876407623291,8.827964782714844
2026-03-03 12:00:00,3.887688984,333.4,26.9,,70.3,,bay_of_bengal_12n90e,12.0,90.0,0,LOW,0.8633807301521301,9.800505638122559
2026-03-04 12:00:00,4.665226780799999,335.6,27.0,28.13,69.8,,bay_of_bengal_12n90e,12.0,90.0,0,LOW,1.0473875999450684,11.87126350402832
2026-03-05 12:00:00,7.775377968,8.5,27.0,,82.9,,bay_of_bengal_12n90e,12.0,90.0,0,LOW,1.1918144226074219,11.223566055297852
2026-03-06 12:00:00,9.3304535616,5.9,27.5,,79.0,,bay_of_bengal_12n90e,12.0,90.0,0,LOW,1.2772043943405151,10.846578598022461
2026-03-07 12:00:00,8.358531315599999,357.3,27.2,,79.3,,bay_of_bengal_12n90e,12.0,90.0,0,LOW,1.0301311016082764,9.69115161895752
2026-03-08 12:00:00,7.3866090696,357.0,27.0,,76.3,,bay_of_bengal_12n90e,12.0,90.0,0,LOW,0.9433625936508179,7.30778694152832
2020-01-01 12:00:00,12.634989198,243.8,27.13,26.99,85.5,1015.6,bay_of_bengal_15n90e,15.0,90.0,0,LOW,1.1717257499694824,6.840044021606445
2020-01-02 12:00:00,12.2462202996,250.4,27.29,26.81,85.1,1016.1,bay_of_bengal_15n90e,15.0,90.0,0,LOW,1.229575514793396,7.131880760192871
2020-01-03 12:00:00,8.5529157648,290.6,27.18,26.84,84.4,1013.9,bay_of_bengal_15n90e,15.0,90.0,0,LOW,1.211011528968811,7.7450408935546875
2020-01-04 12:00:00,4.0820734332,250.4,27.25,27.1,82.5,1012.5,bay_of_bengal_15n90e,15.0,90.0,0,LOW,1.0983723402023315,9.81853199005127
2020-01-05 12:00:00,7.3866090696,219.4,27.09,27.19,81.3,1013.6,bay_of_bengal_15n90e,15.0,90.0,0,LOW,0.9929857850074768,9.360278129577637
2020-01-06 12:00:00,15.550755936,206.6,25.76,27.03,74.1,1015.1,bay_of_bengal_15n90e,15.0,90.0,1,MODERATE,1.5555758476257324,5.969308853149414
2020-01-07 12:00:00,12.4406047488,204.6,24.99,26.77,68.0,1014.1,bay_of_bengal_15n90e,15.0,90.0,0,LOW,1.3646581172943115,5.963788032531738
2020-01-08 12:00:00,8.941684663199998,213.2,25.34,26.75,71.8,1013.3,bay_of_bengal_15n90e,15.0,90.0,0,LOW,1.1491851806640625,7.021440505981445
2020-01-09 12:00:00,7.5809935188,187.8,25.96,26.99,75.2,1013.2,bay_of_bengal_15n90e,15.0,90.0,0,LOW,1.022986650466919,8.43062973022461
2020-01-10 12:00:00,11.8574514012,197.8,25.89,26.67,72.9,1013.5,bay_of_bengal_15n90e,15.0,90.0,0,LOW,1.2509121894836426,6.812568664550781
2020-01-11 12:00:00,15.3563714868,191.8,25.64,27.11,71.8,1013.9,bay_of_bengal_15n90e,15.0,90.0,1,MODERATE,1.6639697551727295,6.014632225036621
2020-01-12 12:00:00,9.9136069092,187.9,24.31,27.05,64.5,1012.3,bay_of_bengal_15n90e,15.0,90.0,0,LOW,1.3165650367736816,6.780667304992676
2020-01-13 12:00:00,6.803455722,199.4,24.6,27.02,62.2,1011.9,bay_of_bengal_15n90e,15.0,90.0,0,LOW,1.0037882328033447,8.450994491577148
2020-01-14 12:00:00,6.414686823599999,213.5,24.88,26.87,68.3,1012.7,bay_of_bengal_15n90e,15.0,90.0,0,LOW,0.8839685916900635,9.465434074401855
2020-01-15 12:00:00,10.1079913584,211.3,25.42,26.8,73.3,1013.2,bay_of_bengal_15n90e,15.0,90.0,0,LOW,0.8505299687385559,8.2363862991333
2020-01-16 12:00:00,6.9978401712,221.5,25.91,26.91,77.1,1013.4,bay_of_bengal_15n90e,15.0,90.0,0,LOW,0.9368764162063599,9.51213264465332
2020-01-17 12:00:00,8.1641468664,214.0,25.79,26.78,74.8,1013.9,bay_of_bengal_15n90e,15.0,90.0,0,LOW,0.9634653329849243,9.485941886901855
2020-01-18 12:00:00,9.9136069092,217.5,26.0,26.23,70.3,1013.2,bay_of_bengal_15n90e,15.0,90.0,0,LOW,1.0217957496643066,8.882621765136719
2020-01-19 12:00:00,9.5248380108,205.4,25.92,26.3,71.0,1013.5,bay_of_bengal_15n90e,15.0,90.0,0,LOW,0.960165798664093,8.480738639831543
2020-01-20 12:00:00,11.663066952,215.7,26.01,26.09,70.6,1014.6,bay_of_bengal_15n90e,15.0,90.0,0,LOW,1.038783073425293,7.370238304138184
2020-01-21 12:00:00,13.8012958932,218.2,26.2,25.96,74.4,1015.7,bay_of_bengal_15n90e,15.0,90.0,0,LOW,1.3786466121673584,6.188895225524902
2020-01-22 12:00:00,13.0237580964,206.9,25.46,26.27,77.5,1015.6,bay_of_bengal_15n90e,15.0,90.0,0,LOW,1.4842720031738281,6.469744682312012
2020-01-23 12:00:00,10.3023758076,208.3,25.79,26.71,71.0,1014.2,bay_of_bengal_15n90e,15.0,90.0,0,LOW,1.2714438438415527,8.271550178527832
2020-01-24 12:00:00,12.2462202996,211.0,26.03,26.59,74.1,1013.8,bay_of_bengal_15n90e,15.0,90.0,0,LOW,1.4336189031600952,8.409330368041992
2020-01-25 12:00:00,10.3023758076,208.3,25.51,26.55,65.7,1013.7,bay_of_bengal_15n90e,15.0,90.0,0,LOW,1.3895759582519531,7.709699630737305
2020-01-26 12:00:00,7.775377968,196.3,25.2,26.36,66.1,1012.8,bay_of_bengal_15n90e,15.0,90.0,0,LOW,0.9771242737770081,7.468118667602539
2020-01-27 12:00:00,6.414686823599999,171.7,25.84,26.63,64.2,1012.5,bay_of_bengal_15n90e,15.0,90.0,0,LOW,0.9778271913528442,9.427855491638184
2020-01-28 12:00:00,8.358531315599999,178.8,25.68,26.68,63.4,1013.9,bay_of_bengal_15n90e,15.0,90.0,0,LOW,0.8288572430610657,8.984920501708984
2020-01-29 12:00:00,9.1360691124,229.0,26.13,26.43,70.6,1014.0,bay_of_bengal_15n90e,15.0,90.0,0,LOW,1.1436066627502441,7.840069770812988
2020-01-30 12:00:00,6.2203023744,218.6,26.09,26.71,76.7,1012.6,bay_of_bengal_15n90e,15.0,90.0,0,LOW,0.8730484843254089,8.992609977722168
2020-01-31 12:00:00,7.969762417199999,231.9,25.99,26.82,78.6,1012.7,bay_of_bengal_15n90e,15.0,90.0,0,LOW,0.7807467579841614,8.938664436340332
2020-02-01 12:00:00,11.0799136044,235.1,25.92,26.66,77.9,1014.1,bay_of_bengal_15n90e,15.0,90.0,0,LOW,0.8569961786270142,6.386587142944336
2020-02-02 12:00:00,12.4406047488,226.3,26.01,26.82,76.4,1015.4,bay_of_bengal_15n90e,15.0,90.0,0,LOW,1.2247841358184814,5.898447036743164
2020-02-03 12:00:00,13.606911444,219.2,25.81,26.71,75.6,1015.1,bay_of_bengal_15n90e,15.0,90.0,0,LOW,1.3818063735961914,5.914427757263184
2020-02-04 12:00:00,13.2181425456,212.0,25.52,26.72,69.9,1013.9,bay_of_bengal_15n90e,15.0,90.0,0,LOW,1.4619121551513672,6.242029190063477
2020-02-05 12:00:00,10.1079913584,206.3,25.84,26.64,68.0,1013.7,bay_of_bengal_15n90e,15.0,90.0,0,LOW,1.0439610481262207,6.983148574829102
2020-02-06 12:00:00,9.9136069092,220.6,25.9,26.56,71.4,1014.4,bay_of_bengal_15n90e,15.0,90.0,0,LOW,0.9913814067840576,7.434130668640137
2020-02-07 12:00:00,10.8855291552,234.0,26.03,26.63,71.4,1014.6,bay_of_bengal_15n90e,15.0,90.0,0,LOW,1.0547499656677246,6.728513717651367
2020-02-08 12:00:00,11.2742980536,216.8,25.84,26.72,74.4,1015.2,bay_of_bengal_15n90e,15.0,90.0,0,LOW,1.0675355195999146,7.234903335571289
2020-02-09 12:00:00,13.0237580964,213.0,25.82,26.64,78.3,1014.9,bay_of_bengal_15n90e,15.0,90.0,0,LOW,1.1867156028747559,6.642807960510254
2020-02-10 12:00:00,13.9956803424,210.3,25.72,26.43,78.6,1015.0,bay_of_bengal_15n90e,15.0,90.0,0,LOW,1.4052093029022217,6.20111083984375
2020-02-11 12:00:00,14.9676025884,208.0,25.61,26.48,76.4,1015.3,bay_of_bengal_15n90e,15.0,90.0,0,LOW,1.3252497911453247,6.064882278442383
2020-02-12 12:00:00,13.4125269948,192.0,25.24,26.42,72.2,1015.4,bay_of_bengal_15n90e,15.0,90.0,0,LOW,1.3996731042861938,6.839907646179199
2020-02-13 12:00:00,10.3023758076,189.7,24.8,26.36,61.9,1013.8,bay_of_bengal_15n90e,15.0,90.0,0,LOW,1.2746127843856812,7.720806121826172
2020-02-14 12:00:00,3.887688984,138.2,25.1,26.65,65.7,1012.6,bay_of_bengal_15n90e,15.0,90.0,0,LOW,0.982107937335968,10.971240043640137
2020-02-15 12:00:00,3.4989200856,185.9,25.59,26.54,71.8,1013.7,bay_of_bengal_15n90e,15.0,90.0,0,LOW,0.9724296927452087,11.989086151123047
2020-02-16 12:00:00,6.0259179252,198.4,25.89,26.8,75.6,1014.7,bay_of_bengal_15n90e,15.0,90.0,0,LOW,0.9061230421066284,10.94339656829834
2020-02-17 12:00:00,8.358531315599999,206.6,25.71,26.41,63.4,1014.9,bay_of_bengal_15n90e,15.0,90.0,0,LOW,0.9143500924110413,7.9102020263671875
2020-02-18 12:00:00,7.3866090696,215.1,25.54,26.69,63.8,1014.8,bay_of_bengal_15n90e,15.0,90.0,0,LOW,0.8288158178329468,8.086199760437012
2020-02-19 12:00:00,8.5529157648,225.7,25.49,26.71,72.9,1015.1,bay_of_bengal_15n90e,15.0,90.0,0,LOW,0.8067874908447266,8.08051586151123
2020-02-20 12:00:00,11.2742980536,225.2,25.86,26.67,77.9,1014.9,bay_of_bengal_15n90e,15.0,90.0,0,LOW,1.1433188915252686,8.739476203918457
2020-02-21 12:00:00,12.0518358504,218.6,26.37,26.65,76.4,1016.4,bay_of_bengal_15n90e,15.0,90.0,0,LOW,1.4650659561157227,9.304388046264648
2020-02-22 12:00:00,12.4406047488,212.5,26.55,26.72,76.7,1016.1,bay_of_bengal_15n90e,15.0,90.0,0,LOW,1.1827746629714966,8.412088394165039
2020-02-23 12:00:00,10.691144706,222.3,26.92,26.81,71.4,1015.1,bay_of_bengal_15n90e,15.0,90.0,0,LOW,0.9836024641990662,8.195930480957031
2020-02-24 12:00:00,10.1079913584,225.3,27.0,26.78,68.7,1012.9,bay_of_bengal_15n90e,15.0,90.0,0,LOW,0.7722785472869873,7.787562370300293
2020-02-25 12:00:00,8.747300214,236.5,26.8,26.78,73.3,1012.3,bay_of_bengal_15n90e,15.0,90.0,0,LOW,0.7334036231040955,9.226249694824219
2020-02-26 12:00:00,7.5809935188,230.1,26.44,27.0,81.3,1012.5,bay_of_bengal_15n90e,15.0,90.0,0,LOW,0.7548655867576599,8.640848159790039
2020-02-27 12:00:00,11.2742980536,216.8,26.13,26.59,80.5,1012.6,bay_of_bengal_15n90e,15.0,90.0,0,LOW,1.0814881324768066,8.054758071899414
2020-02-28 12:00:00,10.691144706,211.9,25.79,26.63,74.4,1011.8,bay_of_bengal_15n90e,15.0,90.0,0,LOW,1.1316735744476318,6.750199317932129
2020-02-29 12:00:00,7.5809935188,206.7,25.85,26.53,71.8,1012.0,bay_of_bengal_15n90e,15.0,90.0,0,LOW,0.9239003658294678,7.8278398513793945
2020-03-01 12:00:00,6.9978401712,209.8,25.83,26.59,74.1,1011.9,bay_of_bengal_15n90e,15.0,90.0,0,LOW,0.7977211475372314,7.741528511047363
2020-03-02 12:00:00,3.887688984,185.1,25.83,26.81,73.3,1012.1,bay_of_bengal_15n90e,15.0,90.0,0,LOW,0.8692808747291565,9.367670059204102
2020-03-03 12:00:00,3.1101511872,152.2,25.73,27.0,69.5,1011.7,bay_of_bengal_15n90e,15.0,90.0,0,LOW,0.6892123818397522,9.155725479125977
2020-03-04 12:00:00,2.7213822887999997,223.8,25.79,27.02,67.6,1011.6,bay_of_bengal_15n90e,15.0,90.0,0,LOW,0.7338019609451294,10.12942886352539
2020-03-05 12:00:00,2.7213822887999997,327.8,25.82,27.13,70.3,1012.1,bay_of_bengal_15n90e,15.0,90.0,0,LOW,0.6494443416595459,10.490670204162598
2020-03-06 12:00:00,2.7213822887999997,237.8,26.59,27.36,74.8,1013.4,bay_of_bengal_15n90e,15.0,90.0,0,LOW,0.8089044094085693,11.30341625213623
2020-03-07 12:00:00,2.1382289412,223.8,26.29,27.12,81.7,1014.0,bay_of_bengal_15n90e,15.0,90.0,0,LOW,0.8168770670890808,10.820769309997559
2020-03-08 12:00:00,6.803455722,172.1,26.93,27.36,76.4,1012.6,bay_of_bengal_15n90e,15.0,90.0,0,LOW,0.8254970908164978,10.292390823364258
2020-03-09 12:00:00,8.358531315599999,204.2,26.8,27.13,80.2,1010.9,bay_of_bengal_15n90e,15.0,90.0,0,LOW,1.037747859954834,6.448178291320801
2020-03-10 12:00:00,6.414686823599999,200.6,26.89,27.42,70.3,1011.7,bay_of_bengal_15n90e,15.0,90.0,0,LOW,0.8691810369491577,7.439120292663574
2020-03-11 12:00:00,6.0259179252,198.4,26.64,27.3,72.9,1012.4,bay_of_bengal_15n90e,15.0,90.0,0,LOW,0.8118470907211304,7.406546592712402
2020-03-12 12:00:00,7.5809935188,197.2,26.69,27.32,80.5,1013.5,bay_of_bengal_15n90e,15.0,90.0,0,LOW,0.9657637476921082,10.74337387084961
2020-03-13 12:00:00,8.941684663199998,207.6,26.89,27.41,84.0,1012.7,bay_of_bengal_15n90e,15.0,90.0,0,LOW,1.2797919511795044,12.231897354125977
2020-03-14 12:00:00,6.803455722,196.2,27.14,27.65,83.6,1011.7,bay_of_bengal_15n90e,15.0,90.0,0,LOW,1.2639167308807373,11.701632499694824
2020-03-15 12:00:00,8.1641468664,207.8,27.27,27.4,86.3,1011.6,bay_of_bengal_15n90e,15.0,90.0,0,LOW,1.1543397903442383,10.051804542541504
2020-03-16 12:00:00,7.969762417199999,211.7,27.4,27.57,87.4,1012.9,bay_of_bengal_15n90e,15.0,90.0,0,LOW,1.0616111755371094,9.249744415283203
2020-03-17 12:00:00,5.831533476,212.5,27.5,27.76,81.7,1014.0,bay_of_bengal_15n90e,15.0,90.0,0,LOW,0.9324057698249817,9.76583480834961
2020-03-18 12:00:00,6.0259179252,182.6,27.4,28.09,81.3,1012.8,bay_of_bengal_15n90e,15.0,90.0,0,LOW,0.9070518612861633,9.6464262008667
2020-03-19 12:00:00,5.6371490267999995,178.8,27.46,28.14,80.5,1011.9,bay_of_bengal_15n90e,15.0,90.0,0,LOW,0.8629836440086365,9.244714736938477
2020-03-20 12:00:00,3.4989200856,192.8,27.99,28.45,75.2,1012.0,bay_of_bengal_15n90e,15.0,90.0,0,LOW,0.9229281544685364,8.9320707321167
2020-03-21 12:00:00,3.6933045348,233.3,27.84,28.58,75.2,1012.5,bay_of_bengal_15n90e,15.0,90.0,0,LOW,0.8437362909317017,9.742426872253418
2020-03-22 12:00:00,3.887688984,228.2,27.75,28.4,73.7,1012.5,bay_of_bengal_15n90e,15.0,90.0,0,LOW,0.8404106497764587,9.739177703857422
2020-03-23 12:00:00,3.6933045348,214.3,27.46,28.71,75.2,1012.0,bay_of_bengal_15n90e,15.0,90.0,0,LOW,0.8438760638237,9.987481117248535
2020-03-24 12:00:00,6.9978401712,217.0,27.3,28.47,78.3,1010.0,bay_of_bengal_15n90e,15.0,90.0,0,LOW,0.9831753373146057,7.137726783752441
2020-03-25 12:00:00,3.4989200856,171.7,27.43,28.4,76.0,1010.3,bay_of_bengal_15n90e,15.0,90.0,0,LOW,0.7266455888748169,8.814691543579102
2020-03-26 12:00:00,3.3045356364,202.0,27.54,28.27,77.1,1011.5,bay_of_bengal_15n90e,15.0,90.0,0,LOW,0.6584518551826477,9.464422225952148
2020-03-27 12:00:00,7.969762417199999,158.6,27.84,28.28,78.6,1011.8,bay_of_bengal_15n90e,15.0,90.0,0,LOW,0.6719360947608948,9.322338104248047
2020-03-28 12:00:00,4.2764578824,117.8,28.18,28.62,77.1,1010.4,bay_of_bengal_15n90e,15.0,90.0,0,LOW,0.6212362051010132,9.216136932373047
2020-03-29 12:00:00,4.470842331599999,110.6,28.11,28.65,81.7,1010.1,bay_of_bengal_15n90e,15.0,90.0,0,LOW,0.5477486252784729,8.797157287597656
2020-03-30 12:00:00,5.0539956792,130.4,28.31,28.63,85.1,1010.6,bay_of_bengal_15n90e,15.0,90.0,0,LOW,0.6220309734344482,9.420928001403809
2020-03-31 12:00:00,4.85961123,147.8,28.48,28.82,85.5,1010.7,bay_of_bengal_15n90e,15.0,90.0,0,LOW,0.6823006272315979,10.209981918334961
2020-04-01 12:00:00,4.665226780799999,133.8,28.56,29.18,84.0,1010.2,bay_of_bengal_15n90e,15.0,90.0,0,LOW,0.7856388092041016,10.168429374694824
2020-04-02 12:00:00,1.3606911443999998,332.2,28.85,29.32,74.8,1010.3,bay_of_bengal_15n90e,15.0,90.0,0,LOW,0.9562938809394836,11.381571769714355
2020-04-03 12:00:00,3.1101511872,302.5,29.0,29.43,68.3,1011.4,bay_of_bengal_15n90e,15.0,90.0,0,LOW,1.0760003328323364,11.938082695007324
2020-04-04 12:00:00,3.1101511872,223.8,28.53,29.44,71.4,1012.0,bay_of_bengal_15n90e,15.0,90.0,0,LOW,1.1172311305999756,12.052123069763184
2020-04-05 12:00:00,3.1101511872,145.1,28.89,29.64,73.3,1012.4,bay_of_bengal_15n90e,15.0,90.0,0,LOW,1.0259063243865967,12.165193557739258
2020-04-06 12:00:00,4.470842331599999,122.5,28.75,29.41,77.9,1011.7,bay_of_bengal_15n90e,15.0,90.0,0,LOW,1.0372557640075684,11.969621658325195
2020-04-07 12:00:00,4.2764578824,100.1,28.76,29.5,76.7,1010.7,bay_of_bengal_15n90e,15.0,90.0,0,LOW,1.073272705078125,12.242865562438965
2020-04-08 12:00:00,4.2764578824,125.7,28.89,29.66,76.7,1011.4,bay_of_bengal_15n90e,15.0,90.0,0,LOW,1.4460489749908447,13.68101692199707
2020-04-09 12:00:00,1.943844492,32.5,28.94,29.73,72.2,1011.6,bay_of_bengal_15n90e,15.0,90.0,1,MODERATE,1.5207406282424927,13.206677436828613
2020-04-10 12:00:00,1.3606911443999998,205.4,28.96,29.91,71.4,1012.8,bay_of_bengal_15n90e,15.0,90.0,0,LOW,1.4173662662506104,12.584282875061035
2020-04-11 12:00:00,3.4989200856,192.8,28.71,30.08,72.9,1012.6,bay_of_bengal_15n90e,15.0,90.0,0,LOW,1.2474234104156494,12.057706832885742
2020-04-12 12:00:00,3.1101511872,133.8,28.64,30.2,74.1,1011.3,bay_of_bengal_15n90e,15.0,90.0,0,LOW,1.3839237689971924,12.289031028747559
2020-04-13 12:00:00,1.7494600428,107.2,28.84,30.53,74.4,1010.5,bay_of_bengal_15n90e,15.0,90.0,1,MODERATE,1.7665659189224243,12.442293167114258
2020-04-14 12:00:00,1.3606911443999998,242.2,29.06,30.79,74.8,1011.5,bay_of_bengal_15n90e,15.0,90.0,1,MODERATE,1.716674566268921,12.04207706451416
2020-04-15 12:00:00,2.1382289412,115.4,29.22,30.68,73.7,1011.5,bay_of_bengal_15n90e,15.0,90.0,0,LOW,1.4221715927124023,11.249683380126953
2020-04-16 12:00:00,2.3326133903999997,51.9,29.51,30.57,71.0,1010.5,bay_of_bengal_15n90e,15.0,90.0,0,LOW,1.2668869495391846,10.872194290161133
2020-04-17 12:00:00,4.665226780799999,36.7,29.3,30.71,70.3,1010.8,bay_of_bengal_15n90e,15.0,90.0,0,LOW,1.1040065288543701,10.08431339263916
2020-04-18 12:00:00,1.943844492,88.8,29.57,30.77,71.8,1011.3,bay_of_bengal_15n90e,15.0,90.0,0,LOW,1.1169312000274658,10.071366310119629
2020-04-19 12:00:00,2.1382289412,242.2,29.56,30.56,72.2,1010.8,bay_of_bengal_15n90e,15.0,90.0,0,LOW,1.2215099334716797,10.832674980163574
2020-04-20 12:00:00,2.915766738,230.1,29.57,30.54,71.4,1010.6,bay_of_bengal_15n90e,15.0,90.0,0,LOW,1.0944857597351074,10.503706932067871
2020-04-21 12:00:00,5.442764577599999,220.8,29.39,30.38,73.7,1010.8,bay_of_bengal_15n90e,15.0,90.0,0,LOW,1.1080212593078613,11.400341033935547
2020-04-22 12:00:00,2.915766738,230.1,29.71,30.46,70.3,1010.1,bay_of_bengal_15n90e,15.0,90.0,0,LOW,0.9900952577590942,11.225239753723145
2020-04-23 12:00:00,2.1382289412,295.4,29.87,30.73,72.9,1009.9,bay_of_bengal_15n90e,15.0,90.0,0,LOW,0.9971425533294678,11.70202350616455
2020-04-24 12:00:00,4.2764578824,353.1,29.94,30.59,72.9,1009.8,bay_of_bengal_15n90e,15.0,90.0,0,LOW,1.0083162784576416,11.74899673461914
2020-04-25 12:00:00,5.831533476,342.9,30.24,30.56,74.1,1010.2,bay_of_bengal_15n90e,15.0,90.0,0,LOW,1.130159854888916,11.959704399108887
2020-04-26 12:00:00,7.3866090696,336.4,30.26,30.51,77.5,1010.4,bay_of_bengal_15n90e,15.0,90.0,0,LOW,1.1631704568862915,11.007845878601074
2020-04-27 12:00:00,6.803455722,289.4,29.2,30.14,79.4,1011.7,bay_of_bengal_15n90e,15.0,90.0,0,LOW,1.3856902122497559,11.70788860321045
2020-04-28 12:00:00,5.2483801284,313.8,29.44,30.03,78.6,1010.2,bay_of_bengal_15n90e,15.0,90.0,1,MODERATE,1.5865776538848877,11.848304748535156
2020-04-29 12:00:00,2.1382289412,282.8,29.39,30.47,76.7,1010.1,bay_of_bengal_15n90e,15.0,90.0,0,LOW,1.4649529457092285,12.07114028930664
2020-04-30 12:00:00,2.1382289412,344.8,29.81,30.53,74.8,1010.3,bay_of_bengal_15n90e,15.0,90.0,0,LOW,1.2894394397735596,11.378352165222168
2020-05-01 12:00:00,0.0,0.0,30.31,31.14,71.8,1009.4,bay_of_bengal_15n90e,15.0,90.0,0,LOW,1.0511763095855713,10.387313842773438
2020-05-02 12:00:00,4.665226780799999,25.4,30.07,30.96,73.3,1008.3,bay_of_bengal_15n90e,15.0,90.0,0,LOW,0.87613844871521,9.396549224853516
2020-05-03 12:00:00,2.5269978396,20.6,30.41,30.79,74.4,1008.9,bay_of_bengal_15n90e,15.0,90.0,0,LOW,1.0240453481674194,12.483880043029785
2020-05-04 12:00:00,1.5550755936,313.8,30.81,30.88,72.5,1010.0,bay_of_bengal_15n90e,15.0,90.0,1,MODERATE,1.6768760681152344,14.562243461608887
2020-05-05 12:00:00,2.3326133903999997,10.1,30.7,31.26,74.1,1009.1,bay_of_bengal_15n90e,15.0,90.0,1,MODERATE,1.8474143743515015,14.092958450317383
2020-05-06 12:00:00,3.1101511872,133.8,30.46,31.27,73.7,1009.1,bay_of_bengal_15n90e,15.0,90.0,1,MODERATE,1.763377070426941,13.149646759033203
2020-05-07 12:00:00,4.2764578824,149.8,30.57,31.4,74.1,1008.9,bay_of_bengal_15n90e,15.0,90.0,0,LOW,1.4597036838531494,11.033341407775879
2020-05-08 12:00:00,5.6371490267999995,124.8,30.74,31.46,74.1,1008.9,bay_of_bengal_15n90e,15.0,90.0,1,MODERATE,1.5143287181854248,10.685510635375977
2020-05-09 12:00:00,5.0539956792,169.3,30.69,31.27,75.6,1008.8,bay_of_bengal_15n90e,15.0,90.0,0,LOW,1.3982365131378174,10.443218231201172
2020-05-10 12:00:00,3.6933045348,158.2,30.53,31.47,72.5,1008.9,bay_of_bengal_15n90e,15.0,90.0,0,LOW,1.4366614818572998,11.290909767150879
2020-05-11 12:00:00,4.470842331599999,235.1,30.56,31.49,71.0,1009.3,bay_of_bengal_15n90e,15.0,90.0,0,LOW,1.2346296310424805,11.003124237060547
2020-05-12 12:00:00,6.2203023744,245.6,30.76,31.38,70.3,1008.5,bay_of_bengal_15n90e,15.0,90.0,0,LOW,1.2582812309265137,11.425222396850586
2020-05-13 12:00:00,6.803455722,262.1,30.8,31.41,75.6,1007.6,bay_of_bengal_15n90e,15.0,90.0,1,MODERATE,1.3422694206237793,10.258886337280273
2020-05-14 12:00:00,12.634989198,300.1,30.08,31.12,79.4,1006.9,bay_of_bengal_15n90e,15.0,90.0,1,MODERATE,1.7237852811813354,8.06158447265625
2020-05-15 12:00:00,11.0799136044,305.3,29.68,30.96,80.5,1005.7,bay_of_bengal_15n90e,15.0,90.0,1,MODERATE,1.5933831930160522,9.520566940307617
2020-05-16 12:00:00,13.2181425456,290.9,29.94,30.79,80.9,1004.3,bay_of_bengal_15n90e,15.0,90.0,1,MODERATE,1.602320909500122,8.493152618408203
2020-05-17 12:00:00,21.382289412,282.1,30.27,30.6,81.7,1000.4,bay_of_bengal_15n90e,15.0,90.0,1,MODERATE,2.5922658443450928,8.507661819458008
2020-05-18 12:00:00,27.796976235600003,328.8,29.88,30.06,81.7,994.0,bay_of_bengal_15n90e,15.0,90.0,3,EXTREME,4.702819347381592,10.104866981506348
2020-05-19 12:00:00,26.4362850912,25.0,29.36,,80.9,994.6,bay_of_bengal_15n90e,15.0,90.0,3,EXTREME,6.259684085845947,10.573366165161133
2020-05-20 12:00:00,17.494600428,39.4,28.86,,87.0,1001.4,bay_of_bengal_15n90e,15.0,90.0,3,EXTREME,4.324240207672119,10.925122261047363
2020-05-21 12:00:00,14.3844492408,30.8,29.27,29.09,89.7,1004.8,bay_of_bengal_15n90e,15.0,90.0,1,MODERATE,2.565572500228882,8.989920616149902
2020-05-22 12:00:00,12.2462202996,33.5,29.24,29.29,88.2,1006.9,bay_of_bengal_15n90e,15.0,90.0,1,MODERATE,1.86527681350708,8.717772483825684
2020-05-23 12:00:00,9.71922246,12.8,29.16,29.26,85.1,1007.7,bay_of_bengal_15n90e,15.0,90.0,1,MODERATE,1.8325117826461792,10.026683807373047
2020-05-24 12:00:00,7.5809935188,4.8,29.33,29.68,83.2,1008.4,bay_of_bengal_15n90e,15.0,90.0,0,LOW,1.4675847291946411,9.786564826965332
2020-05-25 12:00:00,7.5809935188,4.8,29.56,29.66,84.0,1009.3,bay_of_bengal_15n90e,15.0,90.0,0,LOW,1.3234496116638184,9.800333023071289
2020-05-26 12:00:00,9.3304535616,356.4,29.72,29.81,84.4,1008.9,bay_of_bengal_15n90e,15.0,90.0,0,LOW,1.3254749774932861,10.447051048278809
2020-05-27 12:00:00,10.691144706,22.6,29.7,29.87,84.7,1007.7,bay_of_bengal_15n90e,15.0,90.0,1,MODERATE,1.8271193504333496,11.521636009216309
2020-05-28 12:00:00,9.9136069092,29.4,29.69,29.84,85.9,1007.4,bay_of_bengal_15n90e,15.0,90.0,1,MODERATE,2.1494436264038086,11.542397499084473
2020-05-29 12:00:00,8.747300214,34.6,29.98,30.12,84.0,1007.9,bay_of_bengal_15n90e,15.0,90.0,1,MODERATE,2.0163650512695312,10.930103302001953
2020-05-30 12:00:00,8.1641468664,37.9,30.05,29.98,84.0,1009.0,bay_of_bengal_15n90e,15.0,90.0,1,MODERATE,1.9512813091278076,10.852032661437988
2020-05-31 12:00:00,5.0539956792,33.8,30.04,30.49,82.1,1009.8,bay_of_bengal_15n90e,15.0,90.0,1,MODERATE,1.8470170497894287,10.888712882995605
2020-06-01 12:00:00,2.915766738,50.1,30.36,,76.7,1009.9,bay_of_bengal_15n90e,15.0,90.0,1,MODERATE,1.6015748977661133,10.800201416015625
2020-06-02 12:00:00,6.803455722,53.3,30.2,30.83,78.6,1008.7,bay_of_bengal_15n90e,15.0,90.0,0,LOW,1.3890528678894043,10.14771556854248
2020-06-03 12:00:00,9.1360691124,76.5,29.9,30.43,81.3,1008.0,bay_of_bengal_15n90e,15.0,90.0,0,LOW,1.3744511604309082,9.67895221710205
2020-06-04 12:00:00,11.4686825028,69.2,30.26,30.34,82.8,1007.3,bay_of_bengal_15n90e,15.0,90.0,1,MODERATE,1.5369752645492554,8.766830444335938
2020-06-05 12:00:00,11.8574514012,63.9,30.27,30.21,83.6,1006.8,bay_of_bengal_15n90e,15.0,90.0,1,MODERATE,1.4943344593048096,9.062694549560547
2020-06-06 12:00:00,11.663066952,61.4,28.66,30.06,86.3,1005.8,bay_of_bengal_15n90e,15.0,90.0,1,MODERATE,1.830828309059143,9.023207664489746
2020-06-07 12:00:00,7.5809935188,79.8,28.75,29.9,80.9,1004.2,bay_of_bengal_15n90e,15.0,90.0,1,MODERATE,2.096771717071533,10.028091430664062
2020-06-08 12:00:00,8.1641468664,72.1,28.56,29.76,82.1,1003.5,bay_of_bengal_15n90e,15.0,90.0,1,MODERATE,2.321748971939087,8.768835067749023
2020-06-09 12:00:00,8.1641468664,74.8,28.4,29.65,85.5,1002.2,bay_of_bengal_15n90e,15.0,90.0,1,MODERATE,1.773508071899414,9.13957405090332
2020-06-10 12:00:00,13.8012958932,44.9,28.78,29.84,84.4,1000.9,bay_of_bengal_15n90e,15.0,90.0,1,MODERATE,2.3398051261901855,7.075669288635254
2020-06-11 12:00:00,18.6609071232,38.0,28.83,29.71,84.7,1001.2,bay_of_bengal_15n90e,15.0,90.0,2,HIGH,2.853188991546631,7.684476852416992
2020-06-12 12:00:00,18.0777537756,36.1,29.57,29.56,83.6,1002.2,bay_of_bengal_15n90e,15.0,90.0,1,MODERATE,2.7648885250091553,7.995842933654785
2020-06-13 12:00:00,16.717062631199997,38.3,29.8,29.53,84.7,1003.9,bay_of_bengal_15n90e,15.0,90.0,1,MODERATE,2.340970993041992,8.572537422180176
2020-06-14 12:00:00,15.550755936,36.8,29.76,29.59,85.5,1004.8,bay_of_bengal_15n90e,15.0,90.0,1,MODERATE,2.0607874393463135,8.110320091247559
2020-06-15 12:00:00,15.3563714868,33.7,28.97,29.59,87.0,1004.3,bay_of_bengal_15n90e,15.0,90.0,1,MODERATE,2.007772922515869,7.478263854980469
2020-06-16 12:00:00,16.717062631199997,33.6,29.87,29.73,87.0,1004.3,bay_of_bengal_15n90e,15.0,90.0,1,MODERATE,2.189492702484131,7.975776672363281
2020-06-17 12:00:00,16.3282937328,31.4,29.89,29.77,87.4,1005.1,bay_of_bengal_15n90e,15.0,90.0,1,MODERATE,2.4137744903564453,8.731999397277832
2020-06-18 12:00:00,13.8012958932,49.4,29.38,29.75,85.9,1005.8,bay_of_bengal_15n90e,15.0,90.0,1,MODERATE,2.378176689147949,8.911587715148926
2020-06-19 12:00:00,14.3844492408,40.6,29.32,29.78,87.8,1005.3,bay_of_bengal_15n90e,15.0,90.0,1,MODERATE,2.0090110301971436,8.676104545593262
2020-06-20 12:00:00,15.550755936,31.7,29.11,29.71,87.0,1004.5,bay_of_bengal_15n90e,15.0,90.0,1,MODERATE,1.9741511344909668,8.162961959838867
2020-06-21 12:00:00,12.8293736472,40.1,29.22,29.74,86.6,1003.1,bay_of_bengal_15n90e,15.0,90.0,1,MODERATE,2.103950262069702,8.278079986572266
2020-06-22 12:00:00,10.8855291552,21.7,29.5,29.82,85.1,1004.1,bay_of_bengal_15n90e,15.0,90.0,1,MODERATE,1.8816850185394287,9.835658073425293
2020-06-23 12:00:00,6.803455722,5.5,29.93,30.12,83.6,1006.4,bay_of_bengal_15n90e,15.0,90.0,1,MODERATE,1.86568021774292,11.423243522644043
2020-06-24 12:00:00,6.6090712728,321.2,29.67,30.25,80.5,1006.5,bay_of_bengal_15n90e,15.0,90.0,1,MODERATE,1.6736743450164795,11.123577117919922
2020-06-25 12:00:00,7.969762417199999,350.3,29.53,30.17,80.2,1006.0,bay_of_bengal_15n90e,15.0,90.0,1,MODERATE,1.664878010749817,10.937986373901367
2020-06-26 12:00:00,9.71922246,22.3,29.76,30.09,80.5,1005.7,bay_of_bengal_15n90e,15.0,90.0,1,MODERATE,1.7180933952331543,9.420483589172363
2020-06-27 12:00:00,10.8855291552,33.6,29.86,30.1,80.9,1006.0,bay_of_bengal_15n90e,15.0,90.0,1,MODERATE,1.768002986907959,10.582917213439941
2020-06-28 12:00:00,10.691144706,31.9,29.95,30.17,80.9,1005.5,bay_of_bengal_15n90e,15.0,90.0,1,MODERATE,1.6783521175384521,9.813657760620117
2020-06-29 12:00:00,10.1079913584,26.4,29.34,30.16,82.8,1005.2,bay_of_bengal_15n90e,15.0,90.0,1,MODERATE,1.5446590185165405,8.941314697265625
2020-06-30 12:00:00,11.8574514012,23.7,29.08,30.02,82.5,1005.2,bay_of_bengal_15n90e,15.0,90.0,1,MODERATE,1.7124581336975098,7.440268516540527
2020-07-01 12:00:00,13.606911444,63.7,28.55,29.88,84.4,1004.5,bay_of_bengal_15n90e,15.0,90.0,1,MODERATE,2.130073070526123,9.515398979187012
2020-07-02 12:00:00,15.7451403852,47.8,28.75,29.77,84.7,1003.0,bay_of_bengal_15n90e,15.0,90.0,1,MODERATE,2.4690229892730713,9.523859977722168
2020-07-03 12:00:00,19.0496760216,44.6,28.8,29.7,85.5,1002.7,bay_of_bengal_15n90e,15.0,90.0,2,HIGH,2.9495575428009033,8.814852714538574
2020-07-04 12:00:00,19.827213818399997,33.7,29.42,29.6,83.6,1002.8,bay_of_bengal_15n90e,15.0,90.0,2,HIGH,3.220546245574951,8.492867469787598
2020-07-05 12:00:00,18.8552915724,40.5,29.56,29.55,82.8,1002.8,bay_of_bengal_15n90e,15.0,90.0,2,HIGH,2.8812716007232666,7.953657150268555
2020-07-06 12:00:00,15.1619870376,49.9,29.21,29.53,83.2,1003.9,bay_of_bengal_15n90e,15.0,90.0,1,MODERATE,2.437211036682129,8.134574890136719
2020-07-07 12:00:00,12.4406047488,43.8,29.73,29.56,84.7,1006.6,bay_of_bengal_15n90e,15.0,90.0,1,MODERATE,1.8569971323013306,8.586991310119629
2020-07-08 12:00:00,10.4967602568,15.9,28.83,29.45,85.1,1007.1,bay_of_bengal_15n90e,15.0,90.0,1,MODERATE,1.6020454168319702,9.108901023864746
2020-07-09 12:00:00,10.3023758076,28.3,29.06,29.52,82.1,1006.1,bay_of_bengal_15n90e,15.0,90.0,1,MODERATE,1.5709984302520752,9.4520845413208
2020-07-10 12:00:00,13.0237580964,41.4,29.63,29.63,82.1,1006.3,bay_of_bengal_15n90e,15.0,90.0,1,MODERATE,1.7892875671386719,9.894610404968262
2020-07-11 12:00:00,12.634989198,51.2,29.77,29.66,81.3,1005.7,bay_of_bengal_15n90e,15.0,90.0,1,MODERATE,2.2938637733459473,10.339988708496094
2020-07-12 12:00:00,11.2742980536,50.8,29.41,29.61,83.2,1005.2,bay_of_bengal_15n90e,15.0,90.0,1,MODERATE,2.392871856689453,12.680864334106445
2020-07-13 12:00:00,13.2181425456,47.3,29.32,29.6,84.0,1004.0,bay_of_bengal_15n90e,15.0,90.0,1,MODERATE,2.467745304107666,10.94690990447998
2020-07-14 12:00:00,13.0237580964,41.4,27.98,29.53,86.6,1004.7,bay_of_bengal_15n90e,15.0,90.0,1,MODERATE,2.7261788845062256,11.500212669372559
2020-07-15 12:00:00,15.1619870376,32.5,28.33,29.45,85.9,1004.8,bay_of_bengal_15n90e,15.0,90.0,1,MODERATE,2.6210713386535645,9.921552658081055
2020-07-16 12:00:00,13.0237580964,41.4,29.14,29.37,84.0,1004.3,bay_of_bengal_15n90e,15.0,90.0,1,MODERATE,2.330770492553711,9.260953903198242
2020-07-17 12:00:00,12.2462202996,22.9,29.05,29.32,84.0,1005.3,bay_of_bengal_15n90e,15.0,90.0,1,MODERATE,2.2764902114868164,10.493632316589355
2020-07-18 12:00:00,8.1641468664,12.8,28.45,29.47,84.0,1007.0,bay_of_bengal_15n90e,15.0,90.0,1,MODERATE,2.497559070587158,13.516472816467285
2020-07-19 12:00:00,9.3304535616,23.2,29.28,29.54,81.3,1006.8,bay_of_bengal_15n90e,15.0,90.0,1,MODERATE,2.3228871822357178,13.031548500061035
2020-07-20 12:00:00,11.663066952,33.0,29.34,29.48,82.1,1006.8,bay_of_bengal_15n90e,15.0,90.0,1,MODERATE,2.1517860889434814,11.394287109375
2020-07-21 12:00:00,10.691144706,42.3,29.57,29.57,81.7,1007.9,bay_of_bengal_15n90e,15.0,90.0,1,MODERATE,1.8892080783843994,10.958147048950195
2020-07-22 12:00:00,12.0518358504,36.0,29.55,29.5,81.7,1007.0,bay_of_bengal_15n90e,15.0,90.0,1,MODERATE,1.9197107553482056,10.293046951293945
2020-07-23 12:00:00,7.969762417199999,55.9,28.22,29.43,85.1,1007.3,bay_of_bengal_15n90e,15.0,90.0,1,MODERATE,1.6422958374023438,9.430655479431152
2020-07-24 12:00:00,6.0259179252,35.7,28.29,29.46,80.2,1008.2,bay_of_bengal_15n90e,15.0,90.0,1,MODERATE,1.648130178451538,10.71957778930664
2020-07-25 12:00:00,2.7213822887999997,98.3,29.47,30.12,76.4,1008.5,bay_of_bengal_15n90e,15.0,90.0,1,MODERATE,1.517595648765564,11.109601974487305
2020-07-26 12:00:00,5.2483801284,107.2,29.65,30.11,77.1,1007.6,bay_of_bengal_15n90e,15.0,90.0,1,MODERATE,1.4200352430343628,11.274747848510742
2020-07-27 12:00:00,3.3045356364,65.6,29.6,30.13,77.9,1005.9,bay_of_bengal_15n90e,15.0,90.0,1,MODERATE,2.2653398513793945,15.620589256286621
2020-07-28 12:00:00,6.0259179252,330.5,29.11,30.08,80.9,1004.9,bay_of_bengal_15n90e,15.0,90.0,1,MODERATE,2.399332284927368,14.1063814163208
2020-07-29 12:00:00,9.71922246,352.0,29.4,29.95,82.1,1005.1,bay_of_bengal_15n90e,15.0,90.0,1,MODERATE,2.5170364379882812,11.957988739013672
2020-07-30 12:00:00,11.0799136044,35.3,29.24,29.83,84.0,1005.5,bay_of_bengal_15n90e,15.0,90.0,1,MODERATE,2.349140167236328,11.240155220031738
2020-07-31 12:00:00,9.71922246,67.4,28.18,29.66,85.1,1005.2,bay_of_bengal_15n90e,15.0,90.0,1,MODERATE,2.3954010009765625,11.119247436523438
2020-08-01 12:00:00,13.2181425456,63.0,28.94,29.76,82.8,1004.1,bay_of_bengal_15n90e,15.0,90.0,1,MODERATE,2.169602394104004,9.701990127563477
2020-08-02 12:00:00,19.827213818399997,74.5,29.11,29.71,81.7,1001.3,bay_of_bengal_15n90e,15.0,90.0,1,MODERATE,2.7613492012023926,7.985910415649414
2020-08-03 12:00:00,21.382289412,81.7,28.06,,88.6,997.7,bay_of_bengal_15n90e,15.0,90.0,2,HIGH,3.6300084590911865,8.614232063293457
2020-08-04 12:00:00,25.6587472944,69.0,28.87,,84.4,996.1,bay_of_bengal_15n90e,15.0,90.0,3,EXTREME,5.040076732635498,9.093299865722656
2020-08-05 12:00:00,21.9654427596,41.0,29.27,,83.6,999.9,bay_of_bengal_15n90e,15.0,90.0,2,HIGH,3.9994587898254395,9.079940795898438
2020-08-06 12:00:00,17.1058315296,33.9,29.81,,84.4,1004.1,bay_of_bengal_15n90e,15.0,90.0,2,HIGH,2.9241316318511963,9.215099334716797
2020-08-07 12:00:00,12.0518358504,46.4,29.46,29.32,86.3,1004.8,bay_of_bengal_15n90e,15.0,90.0,1,MODERATE,2.278254985809326,10.1939058303833
2020-08-08 12:00:00,13.4125269948,61.5,28.43,29.27,88.2,1002.8,bay_of_bengal_15n90e,15.0,90.0,1,MODERATE,2.2280187606811523,10.558328628540039
2020-08-09 12:00:00,17.883369326399997,50.7,29.02,,83.2,1002.0,bay_of_bengal_15n90e,15.0,90.0,2,HIGH,2.877145767211914,10.259342193603516
2020-08-10 12:00:00,15.7451403852,47.8,29.05,29.19,84.0,1004.1,bay_of_bengal_15n90e,15.0,90.0,1,MODERATE,2.7895405292510986,9.109137535095215
2020-08-11 12:00:00,16.3282937328,51.4,29.3,29.23,84.4,1005.2,bay_of_bengal_15n90e,15.0,90.0,1,MODERATE,2.302257776260376,8.69900131225586
2020-08-12 12:00:00,18.466522674,58.0,29.0,,85.9,1003.8,bay_of_bengal_15n90e,15.0,90.0,1,MODERATE,2.5422885417938232,7.723447799682617
2020-08-13 12:00:00,20.9935205136,54.8,28.65,,85.9,1001.4,bay_of_bengal_15n90e,15.0,90.0,2,HIGH,3.39670991897583,8.418069839477539
2020-08-14 12:00:00,20.2159827168,56.0,28.59,,83.6,1002.3,bay_of_bengal_15n90e,15.0,90.0,2,HIGH,3.512387275695801,9.159740447998047
2020-08-15 12:00:00,16.9114470804,44.7,28.3,,85.9,1004.3,bay_of_bengal_15n90e,15.0,90.0,2,HIGH,3.1753363609313965,9.037496566772461
2020-08-16 12:00:00,16.717062631199997,45.6,28.83,,83.6,1005.0,bay_of_bengal_15n90e,15.0,90.0,1,MODERATE,2.548305034637451,8.320550918579102
2020-08-17 12:00:00,18.466522674,31.2,29.43,,83.2,1004.8,bay_of_bengal_15n90e,15.0,90.0,1,MODERATE,2.385077476501465,8.120723724365234
2020-08-18 12:00:00,18.466522674,39.7,28.92,,84.4,1004.3,bay_of_bengal_15n90e,15.0,90.0,1,MODERATE,2.215832471847534,7.54216194152832
2020-08-19 12:00:00,19.43844492,37.5,28.8,,84.7,1002.8,bay_of_bengal_15n90e,15.0,90.0,1,MODERATE,2.5543715953826904,7.639593124389648
2020-08-20 12:00:00,16.9114470804,30.0,29.35,,84.4,1005.1,bay_of_bengal_15n90e,15.0,90.0,1,MODERATE,2.3947575092315674,7.845973968505859
2020-08-21 12:00:00,14.9676025884,34.5,29.38,,83.6,1008.2,bay_of_bengal_15n90e,15.0,90.0,1,MODERATE,2.063741445541382,8.573287963867188
2020-08-22 12:00:00,14.9676025884,49.0,29.31,,82.1,1008.2,bay_of_bengal_15n90e,15.0,90.0,1,MODERATE,1.777789831161499,8.228832244873047
2020-08-23 12:00:00,17.883369326399997,55.1,29.18,,82.1,1007.2,bay_of_bengal_15n90e,15.0,90.0,1,MODERATE,1.850736141204834,7.558271408081055
2020-08-24 12:00:00,16.3282937328,51.4,28.9,,84.0,1007.2,bay_of_bengal_15n90e,15.0,90.0,1,MODERATE,2.083611488342285,7.746798515319824
2020-08-25 12:00:00,16.522678182,50.4,29.29,,85.1,1007.4,bay_of_bengal_15n90e,15.0,90.0,1,MODERATE,2.0551159381866455,8.46368408203125
2020-08-26 12:00:00,16.9114470804,41.1,29.22,,84.4,1007.3,bay_of_bengal_15n90e,15.0,90.0,1,MODERATE,1.9950780868530273,7.606708526611328
2020-08-27 12:00:00,14.3844492408,44.9,29.35,,84.4,1006.8,bay_of_bengal_15n90e,15.0,90.0,1,MODERATE,1.7065513134002686,7.5031633377075195
2020-08-28 12:00:00,11.663066952,54.6,29.32,,83.2,1006.8,bay_of_bengal_15n90e,15.0,90.0,1,MODERATE,1.5047411918640137,8.088783264160156
2020-08-29 12:00:00,7.5809935188,70.4,29.17,,82.1,1006.9,bay_of_bengal_15n90e,15.0,90.0,1,MODERATE,1.5280511379241943,10.28469181060791
2020-08-30 12:00:00,6.2203023744,100.1,29.11,,80.5,1006.9,bay_of_bengal_15n90e,15.0,90.0,1,MODERATE,1.70045804977417,11.870874404907227
2020-08-31 12:00:00,6.414686823599999,92.4,29.33,29.52,82.1,1006.5,bay_of_bengal_15n90e,15.0,90.0,1,MODERATE,1.7124137878417969,12.01125431060791
2020-09-01 12:00:00,4.2764578824,35.7,29.38,29.84,80.5,1006.7,bay_of_bengal_15n90e,15.0,90.0,1,MODERATE,1.5653443336486816,11.079644203186035
2020-09-02 12:00:00,6.6090712728,326.1,29.57,30.03,78.3,1007.5,bay_of_bengal_15n90e,15.0,90.0,1,MODERATE,1.4581594467163086,11.912513732910156
2020-09-03 12:00:00,4.665226780799999,258.5,29.58,30.2,79.0,1008.1,bay_of_bengal_15n90e,15.0,90.0,1,MODERATE,1.6212425231933594,12.323612213134766
2020-09-04 12:00:00,5.0539956792,278.3,29.52,30.19,80.5,1007.2,bay_of_bengal_15n90e,15.0,90.0,1,MODERATE,1.6771214008331299,11.40579891204834
2020-09-05 12:00:00,2.7213822887999997,313.8,30.04,30.53,77.1,1006.6,bay_of_bengal_15n90e,15.0,90.0,1,MODERATE,1.6230229139328003,11.407411575317383
2020-09-06 12:00:00,6.803455722,5.5,29.92,30.27,78.6,1007.0,bay_of_bengal_15n90e,15.0,90.0,1,MODERATE,1.4527223110198975,10.846814155578613
2020-09-07 12:00:00,5.0539956792,40.4,29.88,30.5,77.1,1007.5,bay_of_bengal_15n90e,15.0,90.0,1,MODERATE,1.3172998428344727,10.751411437988281
2020-09-08 12:00:00,5.0539956792,12.8,29.58,30.42,78.6,1007.5,bay_of_bengal_15n90e,15.0,90.0,1,MODERATE,1.80495285987854,12.306889533996582
2020-09-09 12:00:00,6.414686823599999,28.5,29.16,30.28,81.7,1006.4,bay_of_bengal_15n90e,15.0,90.0,1,MODERATE,1.8220129013061523,13.121245384216309
2020-09-10 12:00:00,8.747300214,31.1,29.64,30.32,79.0,1004.8,bay_of_bengal_15n90e,15.0,90.0,1,MODERATE,2.1689321994781494,13.229028701782227
2020-09-11 12:00:00,6.803455722,60.7,28.8,30.07,80.5,1005.7,bay_of_bengal_15n90e,15.0,90.0,1,MODERATE,2.3109681606292725,11.283121109008789
2020-09-12 12:00:00,9.3304535616,43.8,29.21,30.1,80.2,1006.7,bay_of_bengal_15n90e,15.0,90.0,1,MODERATE,2.249289035797119,10.542720794677734
2020-09-13 12:00:00,11.2742980536,34.1,29.4,30.13,80.5,1006.5,bay_of_bengal_15n90e,15.0,90.0,1,MODERATE,2.317875862121582,10.978659629821777
2020-09-14 12:00:00,12.8293736472,29.2,29.47,30.03,80.2,1006.1,bay_of_bengal_15n90e,15.0,90.0,1,MODERATE,2.249434471130371,9.913272857666016
2020-09-15 12:00:00,14.9676025884,36.5,29.05,29.88,81.7,1006.4,bay_of_bengal_15n90e,15.0,90.0,1,MODERATE,2.4532878398895264,9.71146011352539
2020-09-16 12:00:00,13.2181425456,34.3,29.36,29.69,80.9,1006.8,bay_of_bengal_15n90e,15.0,90.0,1,MODERATE,2.1259257793426514,9.593344688415527
2020-09-17 12:00:00,12.0518358504,55.6,29.38,29.67,80.9,1005.6,bay_of_bengal_15n90e,15.0,90.0,1,MODERATE,2.162787914276123,10.7822265625
2020-09-18 12:00:00,11.0799136044,74.8,28.84,29.52,84.4,1002.5,bay_of_bengal_15n90e,15.0,90.0,1,MODERATE,2.197873830795288,10.614785194396973
2020-09-19 12:00:00,9.9136069092,50.1,28.61,29.51,84.7,999.6,bay_of_bengal_15n90e,15.0,90.0,2,HIGH,2.1958694458007812,9.173368453979492
2020-09-20 12:00:00,22.1598272088,48.6,28.95,29.48,82.8,998.9,bay_of_bengal_15n90e,15.0,90.0,3,EXTREME,4.146875381469727,8.933176040649414
2020-09-21 12:00:00,20.6047516152,49.0,28.83,29.37,84.4,1003.1,bay_of_bengal_15n90e,15.0,90.0,2,HIGH,3.7042276859283447,8.743319511413574
2020-09-22 12:00:00,16.3282937328,36.2,29.57,29.13,82.8,1006.3,bay_of_bengal_15n90e,15.0,90.0,1,MODERATE,2.552103042602539,8.385030746459961
2020-09-23 12:00:00,11.8574514012,30.4,29.42,29.29,82.8,1008.1,bay_of_bengal_15n90e,15.0,90.0,1,MODERATE,1.8334524631500244,8.766263961791992
2020-09-24 12:00:00,10.1079913584,31.3,29.02,29.32,84.0,1008.7,bay_of_bengal_15n90e,15.0,90.0,1,MODERATE,1.6333069801330566,9.15947437286377
2020-09-25 12:00:00,15.550755936,36.8,28.78,29.18,80.9,1007.8,bay_of_bengal_15n90e,15.0,90.0,1,MODERATE,1.7990721464157104,7.849887847900391
2020-09-26 12:00:00,14.57883369,37.5,28.87,29.2,80.9,1007.0,bay_of_bengal_15n90e,15.0,90.0,1,MODERATE,2.143087387084961,8.840599060058594
2020-09-27 12:00:00,15.550755936,52.8,29.17,29.21,81.3,1006.2,bay_of_bengal_15n90e,15.0,90.0,1,MODERATE,2.5440402030944824,9.12909984588623
2020-09-28 12:00:00,12.634989198,69.3,28.62,29.15,85.1,1004.8,bay_of_bengal_15n90e,15.0,90.0,1,MODERATE,2.0728559494018555,9.491292953491211
2020-09-29 12:00:00,11.0799136044,78.7,27.18,29.11,87.0,1003.5,bay_of_bengal_15n90e,15.0,90.0,1,MODERATE,1.7384793758392334,8.227219581604004
2020-09-30 12:00:00,15.1619870376,51.9,28.94,29.19,82.1,1002.6,bay_of_bengal_15n90e,15.0,90.0,1,MODERATE,2.3083600997924805,7.915779113769531
2020-10-01 12:00:00,13.2181425456,47.3,29.37,29.17,82.1,1003.0,bay_of_bengal_15n90e,15.0,90.0,1,MODERATE,2.3162126541137695,8.581204414367676
2020-10-02 12:00:00,12.8293736472,49.9,29.33,29.23,82.8,1004.0,bay_of_bengal_15n90e,15.0,90.0,1,MODERATE,2.031634569168091,8.069531440734863
2020-10-03 12:00:00,14.3844492408,40.6,29.32,29.26,82.8,1005.3,bay_of_bengal_15n90e,15.0,90.0,1,MODERATE,1.7728744745254517,7.533500671386719
2020-10-04 12:00:00,9.1360691124,38.6,28.44,29.19,85.1,1005.5,bay_of_bengal_15n90e,15.0,90.0,1,MODERATE,1.584951639175415,7.255304336547852
2020-10-05 12:00:00,14.1900647916,19.2,29.4,29.3,83.2,1005.5,bay_of_bengal_15n90e,15.0,90.0,1,MODERATE,1.6385538578033447,7.6057939529418945
2020-10-06 12:00:00,12.634989198,18.3,29.29,29.41,83.2,1007.1,bay_of_bengal_15n90e,15.0,90.0,1,MODERATE,1.433457374572754,8.325679779052734
2020-10-07 12:00:00,3.6933045348,53.3,29.2,29.57,80.9,1008.2,bay_of_bengal_15n90e,15.0,90.0,0,LOW,1.3734053373336792,9.626899719238281
2020-10-08 12:00:00,1.7494600428,197.2,29.55,29.87,78.3,1007.8,bay_of_bengal_15n90e,15.0,90.0,1,MODERATE,1.5247553586959839,10.512978553771973
2020-10-09 12:00:00,9.1360691124,198.8,28.36,29.39,82.1,1006.3,bay_of_bengal_15n90e,15.0,90.0,1,MODERATE,1.4472098350524902,9.782883644104004
2020-10-10 12:00:00,2.7213822887999997,169.3,28.23,29.33,84.0,1003.2,bay_of_bengal_15n90e,15.0,90.0,1,MODERATE,1.6147738695144653,9.471430778503418
2020-10-11 12:00:00,9.3304535616,13.4,27.63,29.24,88.6,1000.7,bay_of_bengal_15n90e,15.0,90.0,1,MODERATE,1.8721773624420166,9.928945541381836
2020-10-12 12:00:00,11.663066952,33.0,27.73,29.1,87.8,1000.9,bay_of_bengal_15n90e,15.0,90.0,1,MODERATE,2.2176194190979004,9.23320198059082
2020-10-13 12:00:00,11.8574514012,50.4,27.77,28.95,86.6,1003.4,bay_of_bengal_15n90e,15.0,90.0,1,MODERATE,2.3136041164398193,9.067651748657227
2020-10-14 12:00:00,9.3304535616,43.8,27.82,28.94,87.0,1005.1,bay_of_bengal_15n90e,15.0,90.0,1,MODERATE,2.2895145416259766,9.437098503112793
2020-10-15 12:00:00,6.6090712728,46.3,28.8,29.03,82.8,1005.2,bay_of_bengal_15n90e,15.0,90.0,1,MODERATE,1.9285907745361328,9.926154136657715
2020-10-16 12:00:00,1.3606911443999998,152.2,28.76,29.35,80.5,1004.6,bay_of_bengal_15n90e,15.0,90.0,1,MODERATE,1.6503968238830566,9.706324577331543
2020-10-17 12:00:00,4.2764578824,274.5,29.14,29.48,80.5,1004.8,bay_of_bengal_15n90e,15.0,90.0,1,MODERATE,1.2714877128601074,9.092883110046387
2020-10-18 12:00:00,4.0820734332,300.8,27.93,29.06,85.9,1004.8,bay_of_bengal_15n90e,15.0,90.0,1,MODERATE,1.18193781375885,8.992612838745117
2020-10-19 12:00:00,6.803455722,85.4,28.04,29.14,87.0,1003.5,bay_of_bengal_15n90e,15.0,90.0,1,MODERATE,1.3178458213806152,8.518782615661621
2020-10-20 12:00:00,12.2462202996,42.5,28.46,28.91,87.0,1003.0,bay_of_bengal_15n90e,15.0,90.0,1,MODERATE,1.6196300983428955,8.185619354248047
2020-10-21 12:00:00,16.1339092836,28.4,28.67,28.9,86.3,1004.0,bay_of_bengal_15n90e,15.0,90.0,1,MODERATE,2.168977737426758,8.46062183380127
2020-10-22 12:00:00,15.550755936,29.8,28.91,28.93,86.3,1004.3,bay_of_bengal_15n90e,15.0,90.0,1,MODERATE,2.3094675540924072,8.3330717086792
2020-10-23 12:00:00,12.0518358504,51.6,29.38,28.99,85.5,1005.8,bay_of_bengal_15n90e,15.0,90.0,1,MODERATE,1.9240617752075195,8.390021324157715
2020-10-24 12:00:00,4.2764578824,27.9,28.58,29.06,84.0,1008.1,bay_of_bengal_15n90e,15.0,90.0,1,MODERATE,1.5539852380752563,9.139084815979004
2020-10-25 12:00:00,2.1382289412,254.8,29.05,29.61,80.5,1009.1,bay_of_bengal_15n90e,15.0,90.0,0,LOW,1.2633416652679443,9.482760429382324
2020-10-26 12:00:00,2.1382289412,332.2,28.67,29.56,80.5,1008.9,bay_of_bengal_15n90e,15.0,90.0,0,LOW,1.1945452690124512,10.302629470825195
2020-10-27 12:00:00,5.6371490267999995,251.7,28.96,29.52,78.6,1008.5,bay_of_bengal_15n90e,15.0,90.0,0,LOW,1.0470690727233887,10.308968544006348
2020-10-28 12:00:00,3.4989200856,192.8,28.99,29.62,77.9,1009.0,bay_of_bengal_15n90e,15.0,90.0,0,LOW,0.9498381018638611,10.087212562561035
2020-10-29 12:00:00,7.1922246204,172.5,28.25,29.42,83.2,1008.2,bay_of_bengal_15n90e,15.0,90.0,0,LOW,0.9675260782241821,10.690900802612305
2020-10-30 12:00:00,4.665226780799999,173.6,29.16,29.36,79.8,1007.4,bay_of_bengal_15n90e,15.0,90.0,1,MODERATE,1.7262895107269287,12.982246398925781
2020-10-31 12:00:00,4.0820734332,107.2,28.87,29.36,81.7,1008.5,bay_of_bengal_15n90e,15.0,90.0,1,MODERATE,1.9046006202697754,12.292628288269043
2020-11-01 12:00:00,3.3045356364,72.8,29.04,29.65,80.5,1009.8,bay_of_bengal_15n90e,15.0,90.0,1,MODERATE,1.6921143531799316,11.583369255065918
2020-11-02 12:00:00,5.0539956792,330.2,29.43,29.67,79.0,1010.9,bay_of_bengal_15n90e,15.0,90.0,0,LOW,1.4703378677368164,10.758328437805176
2020-11-03 12:00:00,5.831533476,308.1,29.56,29.61,77.9,1011.3,bay_of_bengal_15n90e,15.0,90.0,0,LOW,1.2183711528778076,10.276028633117676
2020-11-04 12:00:00,3.4989200856,319.0,29.64,29.88,76.0,1011.4,bay_of_bengal_15n90e,15.0,90.0,0,LOW,1.21407949924469,10.866254806518555
2020-11-05 12:00:00,6.803455722,240.7,29.6,29.96,76.7,1012.1,bay_of_bengal_15n90e,15.0,90.0,0,LOW,1.439711570739746,12.233379364013672
2020-11-06 12:00:00,10.691144706,222.3,29.63,29.79,76.4,1012.6,bay_of_bengal_15n90e,15.0,90.0,1,MODERATE,1.5446057319641113,11.004866600036621
2020-11-07 12:00:00,13.606911444,217.0,29.39,29.43,72.2,1012.6,bay_of_bengal_15n90e,15.0,90.0,1,MODERATE,1.705962061882019,8.293657302856445
2020-11-08 12:00:00,11.8574514012,217.2,28.98,29.44,80.2,1011.9,bay_of_bengal_15n90e,15.0,90.0,0,LOW,1.4295213222503662,7.953727722167969
2020-11-09 12:00:00,12.0518358504,274.3,28.09,29.34,81.7,1010.6,bay_of_bengal_15n90e,15.0,90.0,1,MODERATE,1.5962388515472412,10.284360885620117
2020-11-10 12:00:00,9.3304535616,283.4,28.13,29.1,80.9,1010.1,bay_of_bengal_15n90e,15.0,90.0,1,MODERATE,1.9165483713150024,10.056964874267578
2020-11-11 12:00:00,14.57883369,271.8,29.45,29.13,73.3,1011.2,bay_of_bengal_15n90e,15.0,90.0,1,MODERATE,1.775219440460205,8.713472366333008
2020-11-12 12:00:00,13.4125269948,237.8,29.3,29.16,77.5,1011.9,bay_of_bengal_15n90e,15.0,90.0,1,MODERATE,1.5088059902191162,7.948708534240723
2020-11-13 12:00:00,14.57883369,238.9,29.35,29.16,78.6,1010.4,bay_of_bengal_15n90e,15.0,90.0,1,MODERATE,1.6508898735046387,6.832613945007324
2020-11-14 12:00:00,13.2181425456,246.7,28.79,29.12,81.7,1010.2,bay_of_bengal_15n90e,15.0,90.0,0,LOW,1.415934681892395,7.416617393493652
2020-11-15 12:00:00,11.663066952,251.6,29.3,29.14,79.4,1010.8,bay_of_bengal_15n90e,15.0,90.0,0,LOW,1.1807119846343994,7.751890182495117
2020-11-16 12:00:00,10.8855291552,236.8,29.04,29.13,77.5,1011.5,bay_of_bengal_15n90e,15.0,90.0,0,LOW,1.2761237621307373,10.057578086853027
2020-11-17 12:00:00,10.4967602568,237.5,28.96,29.17,76.4,1010.8,bay_of_bengal_15n90e,15.0,90.0,0,LOW,1.1005933284759521,9.585354804992676
2020-11-18 12:00:00,10.691144706,225.3,28.89,29.16,74.4,1011.4,bay_of_bengal_15n90e,15.0,90.0,0,LOW,1.2982635498046875,8.895811080932617
2020-11-19 12:00:00,10.4967602568,223.8,29.0,29.13,69.5,1010.9,bay_of_bengal_15n90e,15.0,90.0,0,LOW,1.3435142040252686,8.602426528930664
2020-11-20 12:00:00,12.634989198,218.8,28.76,29.1,70.3,1010.8,bay_of_bengal_15n90e,15.0,90.0,0,LOW,1.4613722562789917,7.5398101806640625
2020-11-21 12:00:00,11.2742980536,228.0,28.7,29.06,70.6,1011.2,bay_of_bengal_15n90e,15.0,90.0,0,LOW,1.0235075950622559,7.991524696350098
2020-11-22 12:00:00,13.4125269948,241.5,28.65,29.04,73.3,1011.9,bay_of_bengal_15n90e,15.0,90.0,0,LOW,1.2008187770843506,7.635866165161133
2020-11-23 12:00:00,15.7451403852,242.9,28.91,28.97,74.4,1011.2,bay_of_bengal_15n90e,15.0,90.0,1,MODERATE,1.6007468700408936,6.528790473937988
2020-11-24 12:00:00,12.8293736472,260.2,28.71,28.9,80.5,1010.8,bay_of_bengal_15n90e,15.0,90.0,0,LOW,1.3004343509674072,7.296195030212402
2020-11-25 12:00:00,13.8012958932,270.4,29.1,28.91,78.3,1011.1,bay_of_bengal_15n90e,15.0,90.0,0,LOW,1.4931576251983643,7.06209659576416
2020-11-26 12:00:00,13.0237580964,268.8,29.04,28.89,76.0,1011.6,bay_of_bengal_15n90e,15.0,90.0,1,MODERATE,1.5513322353363037,7.7542619705200195
2020-11-27 12:00:00,13.0237580964,255.2,29.08,28.85,76.7,1012.4,bay_of_bengal_15n90e,15.0,90.0,0,LOW,1.496270775794983,7.447648048400879
2020-11-28 12:00:00,12.634989198,237.5,28.74,28.86,76.4,1012.8,bay_of_bengal_15n90e,15.0,90.0,0,LOW,1.2930219173431396,6.792268753051758
2020-11-29 12:00:00,13.606911444,230.6,28.73,28.82,73.3,1012.3,bay_of_bengal_15n90e,15.0,90.0,0,LOW,1.3688796758651733,6.299590110778809
2020-11-30 12:00:00,14.57883369,233.4,28.7,28.76,74.4,1011.9,bay_of_bengal_15n90e,15.0,90.0,1,MODERATE,1.5118181705474854,7.065570831298828
2020-12-01 12:00:00,15.1619870376,243.5,28.83,28.71,78.3,1012.0,bay_of_bengal_15n90e,15.0,90.0,1,MODERATE,1.583348274230957,7.0056257247924805
2020-12-02 12:00:00,13.2181425456,258.8,28.82,28.7,78.3,1011.1,bay_of_bengal_15n90e,15.0,90.0,0,LOW,1.3732893466949463,7.193242073059082
2020-12-03 12:00:00,13.0237580964,249.8,28.75,28.72,78.6,1010.9,bay_of_bengal_15n90e,15.0,90.0,0,LOW,1.355595350265503,8.220250129699707
2020-12-04 12:00:00,9.3304535616,283.4,27.78,28.63,79.4,1010.3,bay_of_bengal_15n90e,15.0,90.0,0,LOW,1.356076955795288,8.715988159179688
2020-12-05 12:00:00,6.803455722,275.5,27.48,28.62,80.2,1011.4,bay_of_bengal_15n90e,15.0,90.0,0,LOW,1.2680439949035645,9.235991477966309
2020-12-06 12:00:00,7.3866090696,253.3,27.31,28.66,80.5,1012.8,bay_of_bengal_15n90e,15.0,90.0,0,LOW,1.3527624607086182,8.505709648132324
2020-12-07 12:00:00,9.71922246,240.2,27.22,28.39,76.4,1014.2,bay_of_bengal_15n90e,15.0,90.0,0,LOW,1.2935837507247925,7.307727813720703
2020-12-08 12:00:00,12.4406047488,226.3,28.14,28.52,63.0,1013.4,bay_of_bengal_15n90e,15.0,90.0,0,LOW,1.260004997253418,6.151486396789551
2020-12-09 12:00:00,13.9956803424,216.0,27.98,28.51,57.7,1012.0,bay_of_bengal_15n90e,15.0,90.0,0,LOW,1.1550540924072266,5.975072860717773
2020-12-10 12:00:00,9.3304535616,206.4,27.39,28.39,63.0,1012.6,bay_of_bengal_15n90e,15.0,90.0,0,LOW,0.9218062162399292,8.421327590942383
2020-12-11 12:00:00,8.747300214,214.6,27.24,28.33,61.5,1012.2,bay_of_bengal_15n90e,15.0,90.0,0,LOW,1.0846028327941895,9.38302230834961
2020-12-12 12:00:00,9.9136069092,209.4,27.2,28.26,61.1,1011.7,bay_of_bengal_15n90e,15.0,90.0,0,LOW,1.0248618125915527,9.045114517211914
2020-12-13 12:00:00,10.1079913584,214.3,26.94,28.26,64.5,1010.8,bay_of_bengal_15n90e,15.0,90.0,0,LOW,1.1148360967636108,8.577961921691895
2020-12-14 12:00:00,12.2462202996,230.1,27.2,28.12,68.7,1011.4,bay_of_bengal_15n90e,15.0,90.0,0,LOW,1.0166099071502686,7.935708999633789
2020-12-15 12:00:00,13.8012958932,232.9,27.55,28.06,73.3,1012.7,bay_of_bengal_15n90e,15.0,90.0,0,LOW,1.452148199081421,8.267852783203125
2020-12-16 12:00:00,11.663066952,231.9,27.58,28.12,75.6,1013.0,bay_of_bengal_15n90e,15.0,90.0,1,MODERATE,1.5798146724700928,8.594449043273926
2020-12-17 12:00:00,12.634989198,218.8,27.59,28.3,76.4,1012.5,bay_of_bengal_15n90e,15.0,90.0,1,MODERATE,1.5002458095550537,7.488204002380371
2020-12-18 12:00:00,14.57883369,219.6,27.5,28.26,72.5,1012.7,bay_of_bengal_15n90e,15.0,90.0,1,MODERATE,1.6007810831069946,6.242020606994629
2020-12-19 12:00:00,14.7732181392,206.7,26.52,28.19,67.6,1013.8,bay_of_bengal_15n90e,15.0,90.0,1,MODERATE,1.78070867061615,6.306313514709473
2020-12-20 12:00:00,12.4406047488,212.5,26.23,28.2,69.5,1013.3,bay_of_bengal_15n90e,15.0,90.0,0,LOW,1.4419047832489014,6.4220170974731445
2020-12-21 12:00:00,11.0799136044,208.1,26.51,28.17,72.2,1012.5,bay_of_bengal_15n90e,15.0,90.0,0,LOW,1.136683464050293,6.70883846282959
2020-12-22 12:00:00,12.0518358504,209.4,26.79,28.14,74.8,1011.6,bay_of_bengal_15n90e,15.0,90.0,0,LOW,1.0230350494384766,6.731532096862793
2020-12-23 12:00:00,12.4406047488,212.5,26.7,28.17,74.4,1011.0,bay_of_bengal_15n90e,15.0,90.0,0,LOW,1.0203922986984253,7.659573554992676
2020-12-24 12:00:00,8.747300214,218.3,26.37,28.14,66.8,1011.0,bay_of_bengal_15n90e,15.0,90.0,0,LOW,1.077852487564087,9.220449447631836
2020-12-25 12:00:00,10.4967602568,205.4,26.45,28.07,69.5,1011.3,bay_of_bengal_15n90e,15.0,90.0,0,LOW,1.3331973552703857,9.141989707946777
2020-12-26 12:00:00,13.4125269948,215.7,26.88,28.07,74.1,1011.7,bay_of_bengal_15n90e,15.0,90.0,0,LOW,1.4707226753234863,7.503198623657227
2020-12-27 12:00:00,13.2181425456,220.3,26.99,28.28,75.2,1010.8,bay_of_bengal_15n90e,15.0,90.0,0,LOW,1.4121589660644531,6.8407392501831055
2020-12-28 12:00:00,12.8293736472,222.6,27.07,28.42,75.6,1011.2,bay_of_bengal_15n90e,15.0,90.0,0,LOW,1.1453793048858643,7.280086517333984
2020-12-29 12:00:00,10.8855291552,223.8,26.87,28.28,73.7,1011.6,bay_of_bengal_15n90e,15.0,90.0,0,LOW,1.0381364822387695,6.563243865966797
2020-12-30 12:00:00,13.0237580964,221.4,26.28,28.27,67.6,1012.2,bay_of_bengal_15n90e,15.0,90.0,0,LOW,1.2227873802185059,7.997635841369629
2020-12-31 12:00:00,12.0518358504,226.4,26.22,28.12,71.8,1012.3,bay_of_bengal_15n90e,15.0,90.0,0,LOW,1.4670054912567139,10.017313003540039
2021-01-01 12:00:00,14.1900647916,236.0,27.22,28.07,76.0,1012.7,bay_of_bengal_15n90e,15.0,90.0,1,MODERATE,1.6466453075408936,9.480428695678711
2021-01-02 12:00:00,13.0237580964,237.0,27.03,28.05,73.3,1012.6,bay_of_bengal_15n90e,15.0,90.0,0,LOW,1.3432624340057373,8.454649925231934
2021-01-03 12:00:00,13.606911444,243.7,26.92,27.97,74.1,1011.4,bay_of_bengal_15n90e,15.0,90.0,0,LOW,1.2869566679000854,7.701869010925293
2021-01-04 12:00:00,11.8574514012,239.8,27.03,27.81,77.5,1012.2,bay_of_bengal_15n90e,15.0,90.0,0,LOW,1.0266022682189941,6.635404586791992
2021-01-05 12:00:00,11.663066952,241.4,27.09,27.86,78.3,1012.2,bay_of_bengal_15n90e,15.0,90.0,0,LOW,0.9526486992835999,8.48281192779541
2021-01-06 12:00:00,6.803455722,240.7,27.3,28.0,77.9,1010.8,bay_of_bengal_15n90e,15.0,90.0,0,LOW,0.8241428136825562,8.23120403289795
2021-01-07 12:00:00,9.1360691124,225.5,27.05,,73.3,1009.9,bay_of_bengal_15n90e,15.0,90.0,0,LOW,0.9198972582817078,7.985464096069336
2021-01-08 12:00:00,10.1079913584,241.2,27.44,,77.1,1009.6,bay_of_bengal_15n90e,15.0,90.0,0,LOW,0.7516478300094604,8.486741065979004
2021-01-09 12:00:00,10.691144706,245.1,27.64,,81.7,1010.1,bay_of_bengal_15n90e,15.0,90.0,0,LOW,0.9926843047142029,9.082540512084961
2021-01-10 12:00:00,8.941684663199998,245.6,27.71,28.22,78.6,1010.8,bay_of_bengal_15n90e,15.0,90.0,0,LOW,1.1907572746276855,11.916838645935059
2021-01-11 12:00:00,9.5248380108,249.6,27.56,28.27,75.2,1011.7,bay_of_bengal_15n90e,15.0,90.0,0,LOW,1.3166754245758057,10.937798500061035
2021-01-12 12:00:00,11.0799136044,250.4,27.63,28.25,75.2,1011.6,bay_of_bengal_15n90e,15.0,90.0,0,LOW,1.25472092628479,8.960790634155273
2021-01-13 12:00:00,10.1079913584,246.2,27.54,28.17,75.6,1011.7,bay_of_bengal_15n90e,15.0,90.0,0,LOW,1.158135175704956,7.952611923217773
2021-01-14 12:00:00,11.0799136044,248.5,27.37,28.16,71.8,1011.3,bay_of_bengal_15n90e,15.0,90.0,0,LOW,1.1416915655136108,7.029541015625
2021-01-15 12:00:00,6.803455722,228.6,27.33,28.18,58.8,1010.9,bay_of_bengal_15n90e,15.0,90.0,0,LOW,0.9629510641098022,8.26407527923584
2021-01-16 12:00:00,7.3866090696,228.2,26.45,28.15,56.1,1010.7,bay_of_bengal_15n90e,15.0,90.0,0,LOW,0.894361138343811,9.816832542419434
2021-01-17 12:00:00,10.3023758076,234.5,26.14,28.12,58.4,1012.4,bay_of_bengal_15n90e,15.0,90.0,0,LOW,1.0843526124954224,8.448832511901855
2021-01-18 12:00:00,12.2462202996,230.1,26.4,28.03,68.0,1012.0,bay_of_bengal_15n90e,15.0,90.0,0,LOW,1.0981056690216064,7.361393928527832
2021-01-19 12:00:00,11.663066952,234.6,26.64,27.88,80.9,1011.6,bay_of_bengal_15n90e,15.0,90.0,0,LOW,1.0835680961608887,7.747973442077637
2021-01-20 12:00:00,6.2203023744,237.2,26.95,28.05,82.5,1012.1,bay_of_bengal_15n90e,15.0,90.0,0,LOW,1.0041308403015137,8.938899993896484
2021-01-21 12:00:00,3.887688984,219.4,26.85,28.33,73.3,1011.9,bay_of_bengal_15n90e,15.0,90.0,0,LOW,0.8690691590309143,9.950906753540039
2021-01-22 12:00:00,6.6090712728,236.1,26.49,28.08,72.9,1012.0,bay_of_bengal_15n90e,15.0,90.0,0,LOW,0.8159489631652832,9.86984920501709
2021-01-23 12:00:00,9.1360691124,225.5,26.56,27.79,54.6,1012.3,bay_of_bengal_15n90e,15.0,90.0,0,LOW,0.9332636594772339,6.8773345947265625
2021-01-24 12:00:00,9.3304535616,232.4,25.93,27.97,57.7,1013.2,bay_of_bengal_15n90e,15.0,90.0,0,LOW,0.8599909543991089,6.315997123718262
2021-01-25 12:00:00,11.663066952,219.8,26.07,28.02,66.1,1013.0,bay_of_bengal_15n90e,15.0,90.0,0,LOW,1.1590051651000977,5.4524078369140625
2021-01-26 12:00:00,14.3844492408,216.3,26.53,27.98,66.8,1011.8,bay_of_bengal_15n90e,15.0,90.0,1,MODERATE,1.5542243719100952,6.322770118713379
2021-01-27 12:00:00,15.1619870376,217.7,26.43,27.75,66.1,1012.6,bay_of_bengal_15n90e,15.0,90.0,1,MODERATE,1.722543478012085,7.750760078430176
2021-01-28 12:00:00,15.1619870376,221.8,26.12,27.51,67.2,1012.9,bay_of_bengal_15n90e,15.0,90.0,1,MODERATE,1.6626296043395996,7.649930953979492
2021-01-29 12:00:00,10.4967602568,217.8,26.1,27.52,69.9,1012.9,bay_of_bengal_15n90e,15.0,90.0,0,LOW,1.1796408891677856,8.048614501953125
2021-01-30 12:00:00,10.8855291552,234.0,26.43,26.96,72.2,1012.7,bay_of_bengal_15n90e,15.0,90.0,0,LOW,1.175216555595398,9.081559181213379
2021-01-31 12:00:00,13.8012958932,232.9,26.66,26.98,74.1,1013.9,bay_of_bengal_15n90e,15.0,90.0,0,LOW,1.242232084274292,7.811334609985352
2021-02-01 12:00:00,14.9676025884,218.6,26.04,26.9,68.7,1015.3,bay_of_bengal_15n90e,15.0,90.0,1,MODERATE,1.8460415601730347,7.3699235916137695
2021-02-02 12:00:00,15.1619870376,210.5,25.37,26.88,61.9,1014.9,bay_of_bengal_15n90e,15.0,90.0,1,MODERATE,1.6447726488113403,7.661498069763184
2021-02-03 12:00:00,12.4406047488,208.5,25.43,26.68,58.8,1014.4,bay_of_bengal_15n90e,15.0,90.0,0,LOW,1.4887630939483643,7.839656829833984
2021-02-04 12:00:00,10.3023758076,216.1,25.23,26.71,66.8,1014.0,bay_of_bengal_15n90e,15.0,90.0,0,LOW,1.3630220890045166,8.947763442993164
2021-02-05 12:00:00,8.1641468664,214.0,25.94,27.18,73.7,1012.9,bay_of_bengal_15n90e,15.0,90.0,0,LOW,1.1465449333190918,9.670697212219238
2021-02-06 12:00:00,8.941684663199998,207.6,26.16,27.45,74.1,1012.1,bay_of_bengal_15n90e,15.0,90.0,0,LOW,1.0448899269104004,9.282393455505371
2021-02-07 12:00:00,12.634989198,210.1,26.21,27.42,71.4,1012.6,bay_of_bengal_15n90e,15.0,90.0,0,LOW,1.2526304721832275,7.945391654968262
2021-02-08 12:00:00,15.1619870376,200.9,25.52,27.16,64.9,1013.2,bay_of_bengal_15n90e,15.0,90.0,1,MODERATE,1.856873631477356,6.640328407287598
2021-02-09 12:00:00,12.4406047488,212.5,25.61,27.05,63.0,1012.2,bay_of_bengal_15n90e,15.0,90.0,0,LOW,1.2787888050079346,7.015053749084473
2021-02-10 12:00:00,8.941684663199998,213.2,25.73,27.28,68.0,1011.6,bay_of_bengal_15n90e,15.0,90.0,0,LOW,1.0038135051727295,7.610311508178711
2021-02-11 12:00:00,8.1641468664,221.8,26.14,27.18,65.7,1012.0,bay_of_bengal_15n90e,15.0,90.0,0,LOW,0.8711194396018982,8.846365928649902
2021-02-12 12:00:00,9.71922246,222.2,25.83,26.28,64.5,1012.8,bay_of_bengal_15n90e,15.0,90.0,0,LOW,0.9732951521873474,8.079996109008789
2021-02-13 12:00:00,9.9136069092,227.0,26.12,26.4,65.3,1013.5,bay_of_bengal_15n90e,15.0,90.0,0,LOW,1.0763976573944092,7.912624359130859
2021-02-14 12:00:00,9.9136069092,220.6,26.04,26.18,69.1,1013.0,bay_of_bengal_15n90e,15.0,90.0,0,LOW,1.0475053787231445,8.251035690307617
2021-02-15 12:00:00,8.5529157648,221.9,25.55,26.14,73.7,1012.1,bay_of_bengal_15n90e,15.0,90.0,0,LOW,1.0656040906906128,8.827773094177246
2021-02-16 12:00:00,7.1922246204,205.4,25.55,26.26,71.8,1011.9,bay_of_bengal_15n90e,15.0,90.0,0,LOW,1.266171932220459,11.141437530517578
2021-02-17 12:00:00,9.3304535616,220.4,25.93,26.73,67.6,1012.4,bay_of_bengal_15n90e,15.0,90.0,0,LOW,1.3992981910705566,13.279882431030273
2021-02-18 12:00:00,9.5248380108,239.1,26.58,26.44,76.4,1013.4,bay_of_bengal_15n90e,15.0,90.0,0,LOW,1.3679262399673462,12.632101058959961
2021-02-19 12:00:00,7.775377968,238.3,26.45,26.28,86.3,1014.0,bay_of_bengal_15n90e,15.0,90.0,0,LOW,1.3466789722442627,9.533002853393555
2021-02-20 12:00:00,11.4686825028,226.5,26.45,26.21,82.5,1013.3,bay_of_bengal_15n90e,15.0,90.0,0,LOW,1.336294412612915,9.065990447998047
2021-02-21 12:00:00,8.941684663199998,223.8,26.47,26.07,82.8,1013.1,bay_of_bengal_15n90e,15.0,90.0,0,LOW,1.4394657611846924,10.284202575683594
2021-02-22 12:00:00,8.1641468664,207.8,26.31,26.2,83.2,1012.5,bay_of_bengal_15n90e,15.0,90.0,0,LOW,1.278865933418274,10.112741470336914
2021-02-23 12:00:00,7.775377968,209.3,26.43,26.49,79.0,1011.5,bay_of_bengal_15n90e,15.0,90.0,0,LOW,1.166750431060791,9.916579246520996
2021-02-24 12:00:00,4.665226780799999,194.1,26.45,,78.3,1011.3,bay_of_bengal_15n90e,15.0,90.0,0,LOW,1.221512794494629,12.280667304992676
2021-02-25 12:00:00,5.0539956792,137.2,26.45,26.79,76.7,1010.5,bay_of_bengal_15n90e,15.0,90.0,0,LOW,1.18638277053833,12.329126358032227
2021-02-26 12:00:00,5.831533476,96.9,26.51,26.81,77.1,1009.5,bay_of_bengal_15n90e,15.0,90.0,0,LOW,1.1402605772018433,11.54752254486084
2021-02-27 12:00:00,4.2764578824,125.7,26.48,26.92,78.6,1009.3,bay_of_bengal_15n90e,15.0,90.0,0,LOW,1.0733146667480469,10.91230583190918
2021-02-28 12:00:00,2.1382289412,115.4,26.43,27.18,79.4,1010.7,bay_of_bengal_15n90e,15.0,90.0,0,LOW,1.0142560005187988,11.5535888671875
2021-03-01 12:00:00,4.665226780799999,173.6,26.38,27.29,80.9,1013.1,bay_of_bengal_15n90e,15.0,90.0,0,LOW,1.1267223358154297,13.479513168334961
2021-03-02 12:00:00,1.3606911443999998,152.2,26.8,27.41,76.7,1012.6,bay_of_bengal_15n90e,15.0,90.0,0,LOW,1.1729755401611328,12.925394058227539
2021-03-03 12:00:00,4.85961123,198.8,26.88,27.36,77.1,1012.2,bay_of_bengal_15n90e,15.0,90.0,0,LOW,1.2595798969268799,11.739572525024414
2021-03-04 12:00:00,6.6090712728,236.1,27.02,27.38,79.4,1012.4,bay_of_bengal_15n90e,15.0,90.0,0,LOW,1.0956416130065918,10.748269081115723
2021-03-05 12:00:00,4.85961123,248.8,27.18,27.42,78.6,1012.9,bay_of_bengal_15n90e,15.0,90.0,0,LOW,0.9580249786376953,10.265013694763184
2021-03-06 12:00:00,3.4989200856,344.8,27.45,27.79,83.2,1012.8,bay_of_bengal_15n90e,15.0,90.0,0,LOW,0.9341485500335693,10.586344718933105
2021-03-07 12:00:00,3.4989200856,254.8,27.93,28.19,79.0,1012.8,bay_of_bengal_15n90e,15.0,90.0,0,LOW,0.8997111916542053,10.4470796585083
2021-03-08 12:00:00,5.0539956792,240.2,27.42,28.15,80.2,1013.2,bay_of_bengal_15n90e,15.0,90.0,0,LOW,0.9233134984970093,10.871174812316895
2021-03-09 12:00:00,5.0539956792,203.2,27.4,28.38,80.5,1013.6,bay_of_bengal_15n90e,15.0,90.0,0,LOW,1.2543513774871826,13.115045547485352
2021-03-10 12:00:00,5.6371490267999995,209.1,27.5,28.29,77.5,1013.2,bay_of_bengal_15n90e,15.0,90.0,0,LOW,1.4319336414337158,12.786823272705078
2021-03-11 12:00:00,6.9978401712,202.4,27.54,28.22,79.0,1013.4,bay_of_bengal_15n90e,15.0,90.0,0,LOW,1.4113346338272095,11.441014289855957
2021-03-12 12:00:00,6.803455722,199.4,27.51,28.21,79.8,1014.0,bay_of_bengal_15n90e,15.0,90.0,0,LOW,1.2734739780426025,10.354131698608398
2021-03-13 12:00:00,8.747300214,181.4,27.58,28.48,77.9,1012.6,bay_of_bengal_15n90e,15.0,90.0,0,LOW,1.1376700401306152,9.511945724487305
2021-03-14 12:00:00,7.1922246204,188.3,27.75,28.33,80.9,1011.1,bay_of_bengal_15n90e,15.0,90.0,0,LOW,1.1330080032348633,8.612127304077148
2021-03-15 12:00:00,7.5809935188,206.7,27.98,,76.4,1010.5,bay_of_bengal_15n90e,15.0,90.0,0,LOW,1.0114641189575195,8.832491874694824
2021-03-16 12:00:00,6.9978401712,209.8,28.1,28.27,72.2,1010.6,bay_of_bengal_15n90e,15.0,90.0,0,LOW,0.9496838450431824,9.182292938232422
2021-03-17 12:00:00,7.5809935188,206.7,28.17,28.13,69.1,1010.2,bay_of_bengal_15n90e,15.0,90.0,0,LOW,1.0328617095947266,9.071878433227539
2021-03-18 12:00:00,7.1922246204,198.2,27.96,28.49,73.7,1010.2,bay_of_bengal_15n90e,15.0,90.0,0,LOW,1.0246999263763428,9.285481452941895
2021-03-19 12:00:00,7.1922246204,188.3,28.12,28.3,71.4,1009.5,bay_of_bengal_15n90e,15.0,90.0,0,LOW,0.9711107611656189,9.60364818572998
2021-03-20 12:00:00,6.414686823599999,160.4,27.76,28.37,76.7,1008.5,bay_of_bengal_15n90e,15.0,90.0,0,LOW,0.9315685033798218,9.235724449157715
2021-03-21 12:00:00,5.2483801284,140.1,28.09,28.26,74.1,1008.9,bay_of_bengal_15n90e,15.0,90.0,0,LOW,0.9222400784492493,10.533919334411621
2021-03-22 12:00:00,5.442764577599999,183.2,28.27,28.58,82.5,1010.7,bay_of_bengal_15n90e,15.0,90.0,0,LOW,1.0047725439071655,10.94719409942627
2021-03-23 12:00:00,4.470842331599999,227.6,28.55,28.56,78.3,1010.9,bay_of_bengal_15n90e,15.0,90.0,0,LOW,1.1395721435546875,11.461170196533203
2021-03-24 12:00:00,2.915766738,197.2,28.54,,80.5,1010.2,bay_of_bengal_15n90e,15.0,90.0,0,LOW,1.2749379873275757,12.215182304382324
2021-03-25 12:00:00,3.4989200856,149.1,28.87,29.23,82.1,1009.5,bay_of_bengal_15n90e,15.0,90.0,0,LOW,1.1979351043701172,11.454961776733398
2021-03-26 12:00:00,5.0539956792,192.8,28.77,28.99,83.2,1009.1,bay_of_bengal_15n90e,15.0,90.0,0,LOW,1.0297775268554688,10.738508224487305
2021-03-27 12:00:00,2.1382289412,282.8,28.95,29.07,80.9,1008.6,bay_of_bengal_15n90e,15.0,90.0,0,LOW,0.8576905131340027,10.246881484985352
2021-03-28 12:00:00,2.1382289412,74.8,29.08,29.04,84.0,1008.3,bay_of_bengal_15n90e,15.0,90.0,0,LOW,0.7861301898956299,10.053849220275879
2021-03-29 12:00:00,6.2203023744,73.9,29.26,29.15,81.7,1007.4,bay_of_bengal_15n90e,15.0,90.0,1,MODERATE,0.7639321684837341,9.739242553710938
2021-03-30 12:00:00,10.691144706,67.8,29.22,29.0,82.1,1005.8,bay_of_bengal_15n90e,15.0,90.0,1,MODERATE,0.9744977951049805,7.269060134887695
2021-03-31 12:00:00,13.8012958932,38.2,29.18,29.0,80.5,1004.6,bay_of_bengal_15n90e,15.0,90.0,1,MODERATE,1.116837501525879,6.836555480957031
2021-04-01 12:00:00,12.8293736472,40.1,29.34,29.01,81.3,1005.5,bay_of_bengal_15n90e,15.0,90.0,1,MODERATE,1.2211730480194092,7.255368232727051
2021-04-02 12:00:00,6.0259179252,18.4,29.42,29.21,81.3,1006.4,bay_of_bengal_15n90e,15.0,90.0,1,MODERATE,1.2884016036987305,8.994722366333008
2021-04-03 12:00:00,4.665226780799999,73.5,29.25,29.33,80.2,1007.8,bay_of_bengal_15n90e,15.0,90.0,1,MODERATE,1.4591388702392578,10.014883041381836
2021-04-04 12:00:00,6.0259179252,221.1,29.19,29.23,78.3,1008.3,bay_of_bengal_15n90e,15.0,90.0,1,MODERATE,1.5610822439193726,10.296061515808105
2021-04-05 12:00:00,6.9978401712,217.0,29.13,29.23,76.4,1009.0,bay_of_bengal_15n90e,15.0,90.0,1,MODERATE,1.5751391649246216,8.738526344299316
2021-04-06 12:00:00,4.665226780799999,230.9,29.34,29.59,69.1,1010.4,bay_of_bengal_15n90e,15.0,90.0,0,LOW,1.3943548202514648,9.111313819885254
2021-04-07 12:00:00,2.915766738,287.2,29.26,29.86,68.0,1010.8,bay_of_bengal_15n90e,15.0,90.0,0,LOW,1.2232232093811035,9.901383399963379
2021-04-08 12:00:00,3.4989200856,5.9,29.19,29.87,66.8,1009.9,bay_of_bengal_15n90e,15.0,90.0,0,LOW,1.1351858377456665,10.357054710388184
2021-04-09 12:00:00,2.7213822887999997,278.3,29.34,,69.1,1010.2,bay_of_bengal_15n90e,15.0,90.0,0,LOW,1.0393381118774414,10.661357879638672
2021-04-10 12:00:00,3.4989200856,239.1,29.55,,71.8,1011.3,bay_of_bengal_15n90e,15.0,90.0,0,LOW,0.9395906925201416,10.406973838806152
2021-04-11 12:00:00,4.470842331599999,227.6,29.57,30.14,72.2,1012.1,bay_of_bengal_15n90e,15.0,90.0,0,LOW,0.8790610432624817,10.504769325256348
2021-04-12 12:00:00,3.887688984,242.2,29.46,30.01,73.3,1012.1,bay_of_bengal_15n90e,15.0,90.0,0,LOW,1.0387104749679565,10.769918441772461
2021-04-13 12:00:00,2.3326133903999997,257.5,29.88,30.14,72.9,1011.2,bay_of_bengal_15n90e,15.0,90.0,0,LOW,1.1212902069091797,10.89712905883789
2021-04-14 12:00:00,1.3606911443999998,205.4,30.22,30.64,72.5,1010.6,bay_of_bengal_15n90e,15.0,90.0,0,LOW,1.1171772480010986,11.273543357849121
2021-04-15 12:00:00,3.6933045348,199.4,28.71,30.61,78.3,1009.6,bay_of_bengal_15n90e,15.0,90.0,0,LOW,1.1740593910217285,11.80073356628418
2021-04-16 12:00:00,5.0539956792,297.4,28.09,30.03,77.1,1009.5,bay_of_bengal_15n90e,15.0,90.0,0,LOW,1.2771365642547607,10.762113571166992
2021-04-17 12:00:00,3.4989200856,208.5,29.3,30.09,72.9,1010.6,bay_of_bengal_15n90e,15.0,90.0,0,LOW,1.2348616123199463,10.531030654907227
2021-04-18 12:00:00,1.943844492,88.8,30.25,30.48,68.7,1010.5,bay_of_bengal_15n90e,15.0,90.0,0,LOW,1.2286458015441895,10.46066951751709
2021-04-19 12:00:00,2.7213822887999997,98.3,29.83,30.88,70.6,1009.3,bay_of_bengal_15n90e,15.0,90.0,0,LOW,1.1823408603668213,10.749671936035156
2021-04-20 12:00:00,2.915766738,70.4,29.97,30.7,69.9,1009.2,bay_of_bengal_15n90e,15.0,90.0,0,LOW,1.2404465675354004,11.192737579345703
2021-04-21 12:00:00,2.7213822887999997,79.3,30.1,30.98,68.3,1010.3,bay_of_bengal_15n90e,15.0,90.0,0,LOW,1.2083162069320679,10.678446769714355
2021-04-22 12:00:00,5.0539956792,113.2,29.93,30.55,68.7,1010.2,bay_of_bengal_15n90e,15.0,90.0,0,LOW,1.1161333322525024,10.290919303894043
2021-04-23 12:00:00,6.9978401712,127.0,29.92,30.4,69.1,1009.6,bay_of_bengal_15n90e,15.0,90.0,0,LOW,1.1621062755584717,10.23775577545166
2021-04-24 12:00:00,5.831533476,113.6,30.01,30.4,71.8,1008.9,bay_of_bengal_15n90e,15.0,90.0,0,LOW,1.1586787700653076,10.36083698272705
2021-04-25 12:00:00,4.2764578824,83.1,30.26,30.54,67.2,1009.1,bay_of_bengal_15n90e,15.0,90.0,0,LOW,1.0701779127120972,10.392833709716797
2021-04-26 12:00:00,6.2203023744,62.2,30.26,30.45,61.9,1009.2,bay_of_bengal_15n90e,15.0,90.0,0,LOW,1.135525107383728,10.824087142944336
2021-04-27 12:00:00,5.831533476,49.5,30.21,30.58,65.3,1010.0,bay_of_bengal_15n90e,15.0,90.0,0,LOW,1.2508809566497803,12.099102020263672
2021-04-28 12:00:00,2.915766738,50.1,30.27,30.89,67.2,1010.2,bay_of_bengal_15n90e,15.0,90.0,0,LOW,1.3501996994018555,12.937956809997559
2021-04-29 12:00:00,2.3326133903999997,305.7,30.4,30.97,69.5,1009.7,bay_of_bengal_15n90e,15.0,90.0,0,LOW,1.439084768295288,13.038476943969727
2021-04-30 12:00:00,3.6933045348,323.3,30.56,30.86,69.9,1009.3,bay_of_bengal_15n90e,15.0,90.0,0,LOW,1.4674608707427979,12.763992309570312
2021-05-01 12:00:00,2.7213822887999997,313.8,30.67,31.08,68.3,1009.6,bay_of_bengal_15n90e,15.0,90.0,1,MODERATE,1.6050689220428467,12.98491382598877
2021-05-02 12:00:00,3.4989200856,261.7,30.78,31.12,70.6,1009.4,bay_of_bengal_15n90e,15.0,90.0,1,MODERATE,1.55241858959198,12.510965347290039
2021-05-03 12:00:00,4.2764578824,280.1,30.69,31.17,71.0,1008.5,bay_of_bengal_15n90e,15.0,90.0,0,LOW,1.2803809642791748,11.57016372680664
2021-05-04 12:00:00,5.442764577599999,260.1,30.96,31.35,72.2,1008.7,bay_of_bengal_15n90e,15.0,90.0,0,LOW,1.0722053050994873,10.708442687988281
2021-05-05 12:00:00,5.0539956792,278.3,30.63,31.31,73.7,1008.8,bay_of_bengal_15n90e,15.0,90.0,0,LOW,1.0086545944213867,11.188158988952637
2021-05-06 12:00:00,6.0259179252,261.2,30.91,31.37,72.2,1010.1,bay_of_bengal_15n90e,15.0,90.0,0,LOW,1.200127124786377,12.360565185546875
2021-05-07 12:00:00,6.803455722,275.5,30.84,31.18,74.4,1010.2,bay_of_bengal_15n90e,15.0,90.0,0,LOW,1.4373347759246826,9.851211547851562
2021-05-08 12:00:00,4.85961123,248.8,30.9,31.43,72.2,1008.9,bay_of_bengal_15n90e,15.0,90.0,0,LOW,1.3213738203048706,10.841375350952148
2021-05-09 12:00:00,3.1101511872,268.8,30.83,31.51,72.2,1007.6,bay_of_bengal_15n90e,15.0,90.0,1,MODERATE,1.331406831741333,11.719063758850098
2021-05-10 12:00:00,3.1101511872,122.5,31.03,31.63,71.8,1007.3,bay_of_bengal_15n90e,15.0,90.0,1,MODERATE,1.4595108032226562,13.270548820495605
2021-05-11 12:00:00,5.2483801284,111.4,31.2,31.54,71.0,1007.0,bay_of_bengal_15n90e,15.0,90.0,1,MODERATE,1.5014231204986572,12.878167152404785
2021-05-12 12:00:00,5.6371490267999995,52.8,31.27,31.39,73.3,1005.9,bay_of_bengal_15n90e,15.0,90.0,1,MODERATE,1.4046125411987305,11.822033882141113
2021-05-13 12:00:00,6.803455722,43.8,31.28,31.55,74.8,1006.2,bay_of_bengal_15n90e,15.0,90.0,1,MODERATE,1.266209602355957,10.240966796875
2021-05-14 12:00:00,7.3866090696,35.0,31.41,31.65,75.2,1006.2,bay_of_bengal_15n90e,15.0,90.0,1,MODERATE,1.1301506757736206,9.5141019821167
2021-05-15 12:00:00,4.665226780799999,358.8,31.52,31.92,73.3,1007.4,bay_of_bengal_15n90e,15.0,90.0,1,MODERATE,1.1678998470306396,11.23200511932373
2021-05-16 12:00:00,4.0820734332,334.8,31.4,32.02,71.8,1007.8,bay_of_bengal_15n90e,15.0,90.0,1,MODERATE,1.3713386058807373,12.332869529724121
2021-05-17 12:00:00,1.3606911443999998,332.2,31.7,32.2,69.1,1008.0,bay_of_bengal_15n90e,15.0,90.0,1,MODERATE,1.8199158906936646,12.759968757629395
2021-05-18 12:00:00,4.470842331599999,55.1,31.5,32.15,72.2,1008.0,bay_of_bengal_15n90e,15.0,90.0,1,MODERATE,1.8942339420318604,12.606054306030273
2021-05-19 12:00:00,4.0820734332,56.8,31.17,32.21,73.7,1007.0,bay_of_bengal_15n90e,15.0,90.0,1,MODERATE,1.5938587188720703,11.924315452575684
2021-05-20 12:00:00,7.3866090696,63.6,30.29,31.99,76.7,1007.3,bay_of_bengal_15n90e,15.0,90.0,1,MODERATE,1.4956573247909546,10.142863273620605
2021-05-21 12:00:00,9.5248380108,50.5,29.61,31.59,79.8,1006.1,bay_of_bengal_15n90e,15.0,90.0,1,MODERATE,1.5022956132888794,8.787820816040039
2021-05-22 12:00:00,11.0799136044,64.0,28.64,31.34,84.0,1002.7,bay_of_bengal_15n90e,15.0,90.0,1,MODERATE,2.0105082988739014,7.5347700119018555
2021-05-23 12:00:00,10.8855291552,96.9,28.74,31.18,86.6,997.0,bay_of_bengal_15n90e,15.0,90.0,2,HIGH,3.1625821590423584,8.111246109008789
2021-05-24 12:00:00,32.4622030164,74.8,27.77,,86.3,994.5,bay_of_bengal_15n90e,15.0,90.0,3,EXTREME,6.632256031036377,9.65194320678711
2021-05-25 12:00:00,20.2159827168,49.1,29.66,,85.5,999.0,bay_of_bengal_15n90e,15.0,90.0,3,EXTREME,5.162919998168945,9.489646911621094
2021-05-26 12:00:00,18.2721382248,32.8,30.19,,85.5,1000.9,bay_of_bengal_15n90e,15.0,90.0,2,HIGH,3.4200279712677,9.106955528259277
2021-05-27 12:00:00,12.634989198,12.8,30.02,,87.8,1004.1,bay_of_bengal_15n90e,15.0,90.0,1,MODERATE,2.57736873626709,9.423442840576172
2021-05-28 12:00:00,9.71922246,27.4,30.17,,84.4,1006.3,bay_of_bengal_15n90e,15.0,90.0,1,MODERATE,2.10439395904541,9.7594633102417
2021-05-29 12:00:00,7.1922246204,25.4,30.28,,80.9,1006.9,bay_of_bengal_15n90e,15.0,90.0,1,MODERATE,1.6634103059768677,9.826131820678711
2021-05-30 12:00:00,8.941684663199998,33.2,30.64,30.29,79.8,1005.9,bay_of_bengal_15n90e,15.0,90.0,1,MODERATE,1.5020647048950195,10.673852920532227
2021-05-31 12:00:00,10.4967602568,30.1,30.46,30.15,82.1,1005.2,bay_of_bengal_15n90e,15.0,90.0,1,MODERATE,1.7786896228790283,11.93850040435791
2021-06-01 12:00:00,9.3304535616,26.4,30.57,30.39,80.2,1006.4,bay_of_bengal_15n90e,15.0,90.0,1,MODERATE,1.6654387712478638,10.93887710571289
2021-06-02 12:00:00,6.414686823599999,17.2,30.62,30.72,78.3,1007.4,bay_of_bengal_15n90e,15.0,90.0,1,MODERATE,1.4688570499420166,10.177062034606934
2021-06-03 12:00:00,6.2203023744,10.1,30.71,30.79,77.1,1008.6,bay_of_bengal_15n90e,15.0,90.0,0,LOW,1.3617823123931885,9.937012672424316
2021-06-04 12:00:00,6.2203023744,25.4,30.74,30.89,76.0,1008.8,bay_of_bengal_15n90e,15.0,90.0,0,LOW,1.2630910873413086,10.274323463439941
2021-06-05 12:00:00,7.969762417199999,31.7,30.72,30.86,77.9,1008.5,bay_of_bengal_15n90e,15.0,90.0,0,LOW,1.3380882740020752,10.282177925109863
2021-06-06 12:00:00,9.5248380108,50.5,30.93,30.93,77.9,1007.7,bay_of_bengal_15n90e,15.0,90.0,1,MODERATE,1.4627268314361572,9.48466968536377
2021-06-07 12:00:00,12.634989198,57.5,31.01,30.87,78.3,1006.5,bay_of_bengal_15n90e,15.0,90.0,1,MODERATE,1.5578113794326782,8.000346183776855
2021-06-08 12:00:00,16.1339092836,54.4,30.56,30.56,81.3,1004.8,bay_of_bengal_15n90e,15.0,90.0,1,MODERATE,1.7493255138397217,7.672572135925293
2021-06-09 12:00:00,16.717062631199997,38.3,29.49,30.31,83.2,1004.0,bay_of_bengal_15n90e,15.0,90.0,1,MODERATE,2.256032943725586,6.999225616455078
2021-06-10 12:00:00,18.8552915724,45.4,30.33,30.24,81.7,1002.1,bay_of_bengal_15n90e,15.0,90.0,1,MODERATE,2.2893528938293457,7.356027603149414
2021-06-11 12:00:00,21.1879049628,47.4,29.92,30.17,81.7,1001.1,bay_of_bengal_15n90e,15.0,90.0,2,HIGH,3.215691089630127,7.901249885559082
2021-06-12 12:00:00,21.9654427596,45.2,29.44,29.96,83.2,1001.9,bay_of_bengal_15n90e,15.0,90.0,2,HIGH,3.473243236541748,8.231639862060547
2021-06-13 12:00:00,20.9935205136,39.4,29.63,29.74,82.8,1001.6,bay_of_bengal_15n90e,15.0,90.0,2,HIGH,3.3404765129089355,8.302071571350098
2021-06-14 12:00:00,21.5766738612,44.5,29.2,29.49,84.7,1001.5,bay_of_bengal_15n90e,15.0,90.0,2,HIGH,3.6553890705108643,8.446045875549316
2021-06-15 12:00:00,20.7991360644,42.3,30.04,29.43,82.8,1002.2,bay_of_bengal_15n90e,15.0,90.0,2,HIGH,3.0084774494171143,8.248556137084961
2021-06-16 12:00:00,20.2159827168,37.0,30.21,29.38,84.0,1004.0,bay_of_bengal_15n90e,15.0,90.0,2,HIGH,2.806272029876709,7.798652648925781
2021-06-17 12:00:00,19.0496760216,30.0,29.09,29.32,86.3,1005.6,bay_of_bengal_15n90e,15.0,90.0,1,MODERATE,2.7625582218170166,8.71980094909668
2021-06-18 12:00:00,17.1058315296,29.3,30.01,29.35,84.7,1007.2,bay_of_bengal_15n90e,15.0,90.0,1,MODERATE,2.653909921646118,8.90334415435791
2021-06-19 12:00:00,16.9114470804,36.5,30.0,29.44,84.0,1008.1,bay_of_bengal_15n90e,15.0,90.0,1,MODERATE,2.1292734146118164,9.171051025390625
2021-06-20 12:00:00,16.9114470804,41.1,30.04,29.42,84.0,1007.2,bay_of_bengal_15n90e,15.0,90.0,1,MODERATE,2.065580129623413,8.993341445922852
2021-06-21 12:00:00,17.494600428,46.4,29.96,29.38,85.5,1005.3,bay_of_bengal_15n90e,15.0,90.0,1,MODERATE,2.154343605041504,7.822843551635742
2021-06-22 12:00:00,15.7451403852,39.9,29.65,29.29,84.7,1005.8,bay_of_bengal_15n90e,15.0,90.0,1,MODERATE,2.0839364528656006,7.332902908325195
2021-06-23 12:00:00,15.550755936,36.8,29.76,29.29,82.1,1007.0,bay_of_bengal_15n90e,15.0,90.0,1,MODERATE,1.9031651020050049,7.668612480163574
2021-06-24 12:00:00,15.1619870376,43.8,29.12,29.27,84.0,1005.9,bay_of_bengal_15n90e,15.0,90.0,1,MODERATE,2.106069326400757,7.46388053894043
2021-06-25 12:00:00,12.2462202996,47.6,29.85,29.33,82.1,1004.2,bay_of_bengal_15n90e,15.0,90.0,1,MODERATE,1.895460605621338,7.850992202758789
2021-06-26 12:00:00,12.0518358504,29.4,29.44,29.36,82.5,1005.5,bay_of_bengal_15n90e,15.0,90.0,1,MODERATE,1.845515489578247,8.232275009155273
2021-06-27 12:00:00,11.0799136044,12.8,29.73,29.53,81.3,1007.8,bay_of_bengal_15n90e,15.0,90.0,1,MODERATE,1.8770556449890137,9.402791023254395
2021-06-28 12:00:00,9.5248380108,18.0,29.78,29.58,79.8,1008.2,bay_of_bengal_15n90e,15.0,90.0,1,MODERATE,1.8087034225463867,10.134846687316895
2021-06-29 12:00:00,11.663066952,35.7,29.85,29.58,79.8,1007.3,bay_of_bengal_15n90e,15.0,90.0,1,MODERATE,2.004988193511963,10.709851264953613
2021-06-30 12:00:00,13.0237580964,43.8,29.97,29.54,81.7,1006.3,bay_of_bengal_15n90e,15.0,90.0,1,MODERATE,1.961443305015564,9.303771018981934
2021-07-01 12:00:00,15.939524834399998,39.0,29.94,29.53,82.5,1005.5,bay_of_bengal_15n90e,15.0,90.0,1,MODERATE,2.1675329208374023,7.785951614379883
2021-07-02 12:00:00,14.3844492408,32.9,29.76,29.55,81.7,1006.7,bay_of_bengal_15n90e,15.0,90.0,1,MODERATE,2.128983736038208,7.737478256225586
2021-07-03 12:00:00,12.634989198,27.7,29.87,29.63,83.6,1006.3,bay_of_bengal_15n90e,15.0,90.0,1,MODERATE,1.8214852809906006,8.71653938293457
2021-07-04 12:00:00,11.8574514012,37.2,29.78,29.71,82.5,1006.6,bay_of_bengal_15n90e,15.0,90.0,1,MODERATE,1.6978187561035156,8.850761413574219
2021-07-05 12:00:00,8.1641468664,37.9,30.08,29.89,79.8,1005.9,bay_of_bengal_15n90e,15.0,90.0,1,MODERATE,1.4323350191116333,8.910106658935547
2021-07-06 12:00:00,10.8855291552,33.6,29.93,29.83,80.9,1005.1,bay_of_bengal_15n90e,15.0,90.0,1,MODERATE,1.4253370761871338,7.816831588745117
2021-07-07 12:00:00,10.8855291552,33.6,30.15,29.87,81.7,1005.2,bay_of_bengal_15n90e,15.0,90.0,1,MODERATE,1.3332399129867554,8.019063949584961
2021-07-08 12:00:00,13.2181425456,45.0,30.23,29.91,82.5,1004.3,bay_of_bengal_15n90e,15.0,90.0,1,MODERATE,1.5667182207107544,7.385525703430176
2021-07-09 12:00:00,12.8293736472,56.1,29.11,29.78,84.4,1003.0,bay_of_bengal_15n90e,15.0,90.0,1,MODERATE,1.8197726011276245,7.307341575622559
2021-07-10 12:00:00,11.663066952,61.4,28.51,29.61,84.4,1002.3,bay_of_bengal_15n90e,15.0,90.0,1,MODERATE,2.1675631999969482,8.308484077453613
2021-07-11 12:00:00,9.9136069092,24.4,28.95,29.51,81.7,1002.8,bay_of_bengal_15n90e,15.0,90.0,1,MODERATE,2.107348680496216,9.333972930908203
2021-07-12 12:00:00,12.8293736472,25.4,28.39,29.47,86.6,1003.9,bay_of_bengal_15n90e,15.0,90.0,1,MODERATE,2.0610218048095703,8.361249923706055
2021-07-13 12:00:00,10.4967602568,13.9,29.05,29.5,81.7,1004.8,bay_of_bengal_15n90e,15.0,90.0,1,MODERATE,1.856075644493103,8.429500579833984
2021-07-14 12:00:00,7.969762417199999,7.3,29.11,29.66,81.7,1005.1,bay_of_bengal_15n90e,15.0,90.0,1,MODERATE,1.6250298023223877,9.700660705566406
2021-07-15 12:00:00,5.0539956792,349.3,29.59,29.93,78.3,1005.9,bay_of_bengal_15n90e,15.0,90.0,1,MODERATE,2.0841872692108154,11.664413452148438
2021-07-16 12:00:00,6.6090712728,56.1,29.02,29.66,82.1,1007.3,bay_of_bengal_15n90e,15.0,90.0,1,MODERATE,2.063225030899048,11.296809196472168
2021-07-17 12:00:00,8.358531315599999,40.0,29.25,29.65,81.3,1006.7,bay_of_bengal_15n90e,15.0,90.0,1,MODERATE,1.7563426494598389,10.478236198425293
2021-07-18 12:00:00,12.4406047488,35.0,29.4,29.5,81.7,1005.3,bay_of_bengal_15n90e,15.0,90.0,1,MODERATE,1.7277607917785645,8.887388229370117
2021-07-19 12:00:00,15.3563714868,44.8,29.25,29.39,83.2,1004.2,bay_of_bengal_15n90e,15.0,90.0,1,MODERATE,2.1900832653045654,7.798307418823242
2021-07-20 12:00:00,18.2721382248,61.7,28.6,29.33,88.6,1002.6,bay_of_bengal_15n90e,15.0,90.0,2,HIGH,3.061957359313965,7.732168197631836
2021-07-21 12:00:00,21.1879049628,66.8,28.42,,85.1,1000.2,bay_of_bengal_15n90e,15.0,90.0,2,HIGH,3.6677403450012207,8.324873924255371
2021-07-22 12:00:00,22.354211658,50.0,28.99,,81.7,999.7,bay_of_bengal_15n90e,15.0,90.0,2,HIGH,3.831247568130493,8.316337585449219
2021-07-23 12:00:00,21.382289412,35.9,29.65,,81.7,1001.8,bay_of_bengal_15n90e,15.0,90.0,2,HIGH,3.6548261642456055,8.689313888549805
2025-03-20 12:00:00,5.6371490267999995,251.7,28.08,29.49,75.3,1014.6,bay_of_bengal_15n90e,15.0,90.0,0,LOW,1.0182890892028809,11.278766632080078
2025-03-21 12:00:00,6.0259179252,249.2,28.19,29.47,72.2,1014.2,bay_of_bengal_15n90e,15.0,90.0,0,LOW,0.8846637606620789,10.181259155273438
2025-03-22 12:00:00,8.747300214,229.3,28.02,29.41,73.7,1013.9,bay_of_bengal_15n90e,15.0,90.0,0,LOW,0.8120211362838745,9.045632362365723
2025-03-23 12:00:00,8.747300214,242.2,28.44,29.51,74.1,1013.1,bay_of_bengal_15n90e,15.0,90.0,0,LOW,0.9345763325691223,8.192087173461914
2025-03-24 12:00:00,7.775377968,213.3,27.84,29.22,74.1,1011.8,bay_of_bengal_15n90e,15.0,90.0,0,LOW,0.9806349873542786,9.011262893676758
2025-03-25 12:00:00,6.6090712728,189.4,27.89,28.75,73.7,1008.9,bay_of_bengal_15n90e,15.0,90.0,0,LOW,1.1104960441589355,8.99057388305664
2025-03-26 12:00:00,5.6371490267999995,157.8,27.76,28.81,71.8,1008.1,bay_of_bengal_15n90e,15.0,90.0,0,LOW,1.1348583698272705,10.493968963623047
2025-03-27 12:00:00,6.6090712728,102.8,28.06,28.76,76.1,1007.3,bay_of_bengal_15n90e,15.0,90.0,1,MODERATE,1.1161415576934814,11.569814682006836
2025-03-28 12:00:00,6.9978401712,78.8,28.48,28.87,76.9,1007.2,bay_of_bengal_15n90e,15.0,90.0,1,MODERATE,1.2462644577026367,10.45464038848877
2025-03-29 12:00:00,3.4989200856,59.1,28.51,29.12,73.7,1008.1,bay_of_bengal_15n90e,15.0,90.0,0,LOW,1.163766860961914,10.671894073486328
2025-03-30 12:00:00,3.1101511872,302.5,28.56,29.3,70.2,1009.8,bay_of_bengal_15n90e,15.0,90.0,0,LOW,1.0664066076278687,9.814745903015137
2025-03-31 12:00:00,3.4989200856,308.6,28.47,29.28,62.8,1010.1,bay_of_bengal_15n90e,15.0,90.0,0,LOW,0.9789993166923523,9.835663795471191
2025-04-01 12:00:00,2.1382289412,295.4,28.26,29.6,67.5,1010.3,bay_of_bengal_15n90e,15.0,90.0,0,LOW,0.9543105959892273,9.912641525268555
2025-04-02 12:00:00,5.6371490267999995,232.8,28.6,29.4,74.9,1010.8,bay_of_bengal_15n90e,15.0,90.0,0,LOW,0.9364082217216492,9.850059509277344
2025-04-03 12:00:00,4.665226780799999,268.8,28.65,29.19,81.2,1011.7,bay_of_bengal_15n90e,15.0,90.0,0,LOW,0.9148424863815308,9.32933521270752
2025-04-04 12:00:00,4.0820734332,287.2,29.09,29.67,78.1,1010.9,bay_of_bengal_15n90e,15.0,90.0,0,LOW,0.8958282470703125,9.270072937011719
2025-04-05 12:00:00,2.7213822887999997,259.3,29.27,30.0,75.3,1009.7,bay_of_bengal_15n90e,15.0,90.0,0,LOW,0.8694480657577515,9.375542640686035
2025-04-06 12:00:00,7.775377968,299.3,29.03,29.49,75.7,1009.2,bay_of_bengal_15n90e,15.0,90.0,0,LOW,1.2074921131134033,9.237936973571777
2025-04-07 12:00:00,13.9956803424,268.8,27.14,29.28,86.7,1010.0,bay_of_bengal_15n90e,15.0,90.0,1,MODERATE,1.5729455947875977,7.547677040100098
2025-04-08 12:00:00,21.1879049628,306.5,27.19,28.84,79.2,1010.4,bay_of_bengal_15n90e,15.0,90.0,1,MODERATE,1.7499899864196777,6.7938642501831055
2025-04-09 12:00:00,12.0518358504,325.6,27.71,28.72,84.3,1008.8,bay_of_bengal_15n90e,15.0,90.0,0,LOW,1.424901008605957,8.129522323608398
2025-04-10 12:00:00,13.2181425456,2.2,28.08,28.75,85.5,1005.9,bay_of_bengal_15n90e,15.0,90.0,1,MODERATE,1.4941980838775635,7.791777610778809
2025-04-11 12:00:00,10.691144706,69.7,28.54,28.82,84.3,1005.9,bay_of_bengal_15n90e,15.0,90.0,1,MODERATE,1.7980566024780273,7.934347152709961
2025-04-12 12:00:00,4.0820734332,133.8,29.08,29.6,78.4,1007.8,bay_of_bengal_15n90e,15.0,90.0,1,MODERATE,1.6770076751708984,9.559130668640137
2025-04-13 12:00:00,2.7213822887999997,237.8,28.89,29.64,76.1,1008.7,bay_of_bengal_15n90e,15.0,90.0,1,MODERATE,1.5627081394195557,10.741641998291016
2025-04-14 12:00:00,3.887688984,256.3,28.92,29.5,74.5,1009.0,bay_of_bengal_15n90e,15.0,90.0,1,MODERATE,1.6136692762374878,12.502047538757324
2025-04-15 12:00:00,3.1101511872,302.5,29.02,29.62,74.9,1009.6,bay_of_bengal_15n90e,15.0,90.0,1,MODERATE,1.5512157678604126,12.801799774169922
2025-04-16 12:00:00,3.4989200856,358.8,28.74,29.69,80.4,1009.7,bay_of_bengal_15n90e,15.0,90.0,0,LOW,1.4901243448257446,12.421380996704102
2025-04-17 12:00:00,6.2203023744,22.0,29.37,29.88,78.8,1008.7,bay_of_bengal_15n90e,15.0,90.0,0,LOW,1.198756217956543,10.792940139770508
2025-04-18 12:00:00,6.6090712728,41.3,29.45,29.9,78.8,1008.3,bay_of_bengal_15n90e,15.0,90.0,0,LOW,1.156715750694275,10.642474174499512
2025-04-19 12:00:00,5.831533476,38.1,29.54,30.03,76.9,1007.8,bay_of_bengal_15n90e,15.0,90.0,1,MODERATE,1.0296940803527832,9.95703125
2025-04-20 12:00:00,6.2203023744,25.4,29.77,30.17,77.7,1008.6,bay_of_bengal_15n90e,15.0,90.0,0,LOW,1.063897967338562,10.49215316772461
2025-04-21 12:00:00,3.4989200856,38.6,29.64,30.39,77.3,1009.9,bay_of_bengal_15n90e,15.0,90.0,0,LOW,1.1392028331756592,10.736235618591309
2025-04-22 12:00:00,4.0820734332,43.8,29.96,30.67,74.9,1010.3,bay_of_bengal_15n90e,15.0,90.0,0,LOW,1.150322675704956,10.468132019042969
2025-04-23 12:00:00,7.1922246204,55.1,30.02,30.64,75.3,1008.5,bay_of_bengal_15n90e,15.0,90.0,0,LOW,1.2673759460449219,12.420917510986328
2025-04-24 12:00:00,5.2483801284,43.8,30.09,30.65,76.1,1008.6,bay_of_bengal_15n90e,15.0,90.0,1,MODERATE,1.550563097000122,12.43305492401123
2025-04-25 12:00:00,5.2483801284,37.5,30.18,30.82,73.7,1008.7,bay_of_bengal_15n90e,15.0,90.0,0,LOW,1.264577865600586,11.435361862182617
2025-04-26 12:00:00,2.915766738,17.2,30.18,30.96,72.2,1009.2,bay_of_bengal_15n90e,15.0,90.0,0,LOW,1.0986831188201904,10.374260902404785
2025-04-27 12:00:00,3.887688984,262.5,30.12,31.03,73.0,1009.5,bay_of_bengal_15n90e,15.0,90.0,0,LOW,1.0248057842254639,10.501371383666992
2025-04-28 12:00:00,5.442764577599999,3.2,29.76,30.84,75.3,1008.2,bay_of_bengal_15n90e,15.0,90.0,0,LOW,1.1537959575653076,10.7595796585083
2025-04-29 12:00:00,6.2203023744,300.4,27.96,30.41,80.4,1008.3,bay_of_bengal_15n90e,15.0,90.0,0,LOW,1.3248729705810547,10.33317756652832
2025-04-30 12:00:00,3.887688984,346.3,29.45,30.9,75.7,1008.1,bay_of_bengal_15n90e,15.0,90.0,0,LOW,1.3539962768554688,10.602387428283691
2025-05-01 12:00:00,1.943844492,254.8,29.88,31.15,70.2,1008.7,bay_of_bengal_15n90e,15.0,90.0,0,LOW,1.2728679180145264,10.214262962341309
2025-05-02 12:00:00,2.1382289412,62.2,30.15,31.36,67.9,1008.5,bay_of_bengal_15n90e,15.0,90.0,0,LOW,1.1363270282745361,10.207595825195312
2025-05-03 12:00:00,3.1101511872,96.9,29.97,31.2,68.7,1007.8,bay_of_bengal_15n90e,15.0,90.0,1,MODERATE,1.1399950981140137,10.868165969848633
2025-05-04 12:00:00,4.665226780799999,43.8,30.14,30.97,69.4,1007.2,bay_of_bengal_15n90e,15.0,90.0,1,MODERATE,1.1017040014266968,10.937655448913574
2025-05-05 12:00:00,6.0259179252,46.5,30.45,31.24,71.4,1007.2,bay_of_bengal_15n90e,15.0,90.0,1,MODERATE,0.9913637042045593,10.029694557189941
2025-05-06 12:00:00,6.414686823599999,123.5,30.46,31.1,74.1,1007.3,bay_of_bengal_15n90e,15.0,90.0,1,MODERATE,0.9246360063552856,9.806136131286621
2025-05-07 12:00:00,3.887688984,129.4,30.34,31.3,71.4,1006.7,bay_of_bengal_15n90e,15.0,90.0,1,MODERATE,1.0689525604248047,12.764485359191895
2025-05-08 12:00:00,4.470842331599999,130.0,30.34,31.36,70.2,1007.5,bay_of_bengal_15n90e,15.0,90.0,1,MODERATE,1.2230713367462158,12.402762413024902
2025-05-09 12:00:00,3.887688984,129.4,30.56,31.36,68.3,1007.5,bay_of_bengal_15n90e,15.0,90.0,1,MODERATE,1.4205172061920166,11.27479362487793
2025-05-10 12:00:00,6.6090712728,110.6,30.43,31.09,70.2,1007.5,bay_of_bengal_15n90e,15.0,90.0,1,MODERATE,1.3674229383468628,9.712457656860352
2025-05-11 12:00:00,7.3866090696,101.3,30.41,31.09,70.6,1005.9,bay_of_bengal_15n90e,15.0,90.0,1,MODERATE,1.1318387985229492,9.186307907104492
2025-05-12 12:00:00,2.1382289412,62.2,30.6,31.36,71.4,1005.1,bay_of_bengal_15n90e,15.0,90.0,1,MODERATE,0.9978526830673218,9.613316535949707
2025-05-13 12:00:00,3.887688984,352.5,30.9,31.7,72.2,1005.7,bay_of_bengal_15n90e,15.0,90.0,1,MODERATE,1.1846210956573486,11.155977249145508
2025-05-14 12:00:00,3.1101511872,358.8,31.08,31.75,73.7,1006.2,bay_of_bengal_15n90e,15.0,90.0,1,MODERATE,1.2975739240646362,10.587282180786133
2025-05-15 12:00:00,3.887688984,25.4,30.36,31.63,74.5,1006.5,bay_of_bengal_15n90e,15.0,90.0,1,MODERATE,1.3291544914245605,10.048562049865723
2025-05-16 12:00:00,4.2764578824,353.1,29.67,31.42,78.8,1005.9,bay_of_bengal_15n90e,15.0,90.0,1,MODERATE,1.383551836013794,10.151201248168945
2025-05-17 12:00:00,9.5248380108,329.1,29.98,31.2,80.4,1005.2,bay_of_bengal_15n90e,15.0,90.0,1,MODERATE,1.6433496475219727,8.073005676269531
2025-05-18 12:00:00,11.663066952,316.5,30.38,31.2,77.7,1004.8,bay_of_bengal_15n90e,15.0,90.0,1,MODERATE,1.4933162927627563,8.648205757141113
2025-05-19 12:00:00,13.4125269948,348.8,30.0,31.05,80.0,1004.6,bay_of_bengal_15n90e,15.0,90.0,1,MODERATE,1.690327763557434,7.359827041625977
2025-05-20 12:00:00,13.2181425456,355.4,30.05,30.94,80.0,1004.8,bay_of_bengal_15n90e,15.0,90.0,1,MODERATE,1.5171878337860107,7.400306701660156
2025-05-21 12:00:00,11.4686825028,16.6,29.99,30.91,81.2,1005.7,bay_of_bengal_15n90e,15.0,90.0,1,MODERATE,1.4380066394805908,7.663459777832031
2025-05-22 12:00:00,11.4686825028,34.1,30.45,30.97,80.0,1004.4,bay_of_bengal_15n90e,15.0,90.0,1,MODERATE,1.3932297229766846,8.577184677124023
2025-05-23 12:00:00,12.634989198,76.5,29.98,30.95,80.0,1002.7,bay_of_bengal_15n90e,15.0,90.0,1,MODERATE,1.6304171085357666,8.35000228881836
2025-05-24 12:00:00,8.747300214,42.0,29.24,30.84,83.5,1003.1,bay_of_bengal_15n90e,15.0,90.0,1,MODERATE,1.800873041152954,8.379467964172363
2025-05-25 12:00:00,14.3844492408,74.8,28.7,30.53,83.1,1003.5,bay_of_bengal_15n90e,15.0,90.0,1,MODERATE,2.0576553344726562,7.9600114822387695
2025-05-26 12:00:00,18.466522674,64.4,29.04,30.58,83.9,1001.1,bay_of_bengal_15n90e,15.0,90.0,2,HIGH,2.8070545196533203,7.703625679016113
2025-05-27 12:00:00,21.1879049628,49.7,28.76,30.31,85.5,998.5,bay_of_bengal_15n90e,15.0,90.0,2,HIGH,3.6276285648345947,7.937314987182617
2025-05-28 12:00:00,21.9654427596,53.7,28.59,29.87,87.8,997.5,bay_of_bengal_15n90e,15.0,90.0,3,EXTREME,4.093661785125732,8.494077682495117
2025-05-29 12:00:00,22.1598272088,48.0,29.32,29.72,85.1,999.8,bay_of_bengal_15n90e,15.0,90.0,3,EXTREME,4.066347122192383,8.590867042541504
2025-05-30 12:00:00,18.0777537756,35.2,29.62,29.6,84.7,1002.6,bay_of_bengal_15n90e,15.0,90.0,2,HIGH,3.1731324195861816,8.753788948059082
2025-05-31 12:00:00,16.717062631199997,39.1,29.54,29.62,85.5,1004.2,bay_of_bengal_15n90e,15.0,90.0,2,HIGH,2.8764936923980713,8.423845291137695
2025-06-01 12:00:00,18.0777537756,46.4,30.01,29.86,85.9,1004.6,bay_of_bengal_15n90e,15.0,90.0,1,MODERATE,2.6540727615356445,8.325178146362305
2025-06-02 12:00:00,17.1058315296,50.1,30.08,30.0,84.3,1005.4,bay_of_bengal_15n90e,15.0,90.0,1,MODERATE,2.45439076423645,8.203864097595215
2025-06-03 12:00:00,15.1619870376,41.8,30.16,30.17,83.5,1006.3,bay_of_bengal_15n90e,15.0,90.0,1,MODERATE,2.1006267070770264,8.742570877075195
2025-06-04 12:00:00,13.606911444,39.2,30.11,30.28,83.1,1007.0,bay_of_bengal_15n90e,15.0,90.0,1,MODERATE,1.817495346069336,8.365344047546387
2025-06-05 12:00:00,12.634989198,46.3,30.19,30.38,82.4,1007.4,bay_of_bengal_15n90e,15.0,90.0,1,MODERATE,1.817288875579834,10.120482444763184
2025-06-06 12:00:00,11.0799136044,52.3,30.18,30.41,81.6,1007.4,bay_of_bengal_15n90e,15.0,90.0,1,MODERATE,1.8972382545471191,10.097277641296387
2025-06-07 12:00:00,10.691144706,80.4,30.33,30.59,82.0,1006.4,bay_of_bengal_15n90e,15.0,90.0,1,MODERATE,1.7848752737045288,10.235128402709961
2025-06-08 12:00:00,11.663066952,58.8,30.15,30.44,83.1,1004.8,bay_of_bengal_15n90e,15.0,90.0,1,MODERATE,1.7066171169281006,9.686182022094727
2025-06-09 12:00:00,9.9136069092,65.3,28.0,30.15,85.9,1003.1,bay_of_bengal_15n90e,15.0,90.0,1,MODERATE,2.0838866233825684,9.171955108642578
2025-06-10 12:00:00,13.606911444,33.4,29.27,30.16,79.2,1001.5,bay_of_bengal_15n90e,15.0,90.0,1,MODERATE,2.1915111541748047,8.69460391998291
2025-06-11 12:00:00,11.4686825028,34.1,29.3,30.15,83.9,1001.7,bay_of_bengal_15n90e,15.0,90.0,1,MODERATE,1.9283874034881592,8.010946273803711
2025-06-12 12:00:00,12.2462202996,36.0,29.36,30.12,84.3,1002.6,bay_of_bengal_15n90e,15.0,90.0,1,MODERATE,2.1260852813720703,8.561110496520996
2025-06-13 12:00:00,13.8012958932,58.7,28.83,30.21,83.9,1003.9,bay_of_bengal_15n90e,15.0,90.0,1,MODERATE,2.2184062004089355,8.35170841217041
2025-06-14 12:00:00,17.1058315296,48.3,28.13,30.11,86.7,1004.1,bay_of_bengal_15n90e,15.0,90.0,1,MODERATE,2.6928415298461914,8.083213806152344
2025-06-15 12:00:00,19.0496760216,48.7,29.48,29.95,83.9,1002.9,bay_of_bengal_15n90e,15.0,90.0,2,HIGH,3.382554054260254,8.390364646911621
2025-06-16 12:00:00,19.2440604708,39.8,29.83,29.87,82.7,1003.8,bay_of_bengal_15n90e,15.0,90.0,2,HIGH,2.931438446044922,8.126047134399414
2025-06-17 12:00:00,18.6609071232,41.3,30.04,29.73,83.1,1004.8,bay_of_bengal_15n90e,15.0,90.0,1,MODERATE,2.700383186340332,8.161829948425293
2025-06-18 12:00:00,19.0496760216,42.2,30.05,29.76,83.1,1004.8,bay_of_bengal_15n90e,15.0,90.0,1,MODERATE,2.3979859352111816,7.559475898742676
2025-06-19 12:00:00,18.8552915724,38.0,30.09,29.82,82.4,1005.6,bay_of_bengal_15n90e,15.0,90.0,1,MODERATE,2.117666006088257,7.252918243408203
2025-06-20 12:00:00,17.1058315296,44.7,29.97,29.84,83.5,1005.5,bay_of_bengal_15n90e,15.0,90.0,1,MODERATE,2.1448936462402344,7.746752738952637
2025-06-21 12:00:00,13.2181425456,63.0,29.44,29.82,83.9,1004.4,bay_of_bengal_15n90e,15.0,90.0,1,MODERATE,2.1715006828308105,8.351213455200195
2025-06-22 12:00:00,11.663066952,67.3,27.77,29.53,88.6,1003.2,bay_of_bengal_15n90e,15.0,90.0,1,MODERATE,2.5363049507141113,7.932882308959961
2025-06-23 12:00:00,19.0496760216,73.7,28.65,29.51,82.7,1001.8,bay_of_bengal_15n90e,15.0,90.0,2,HIGH,2.8589119911193848,7.786506652832031
2025-06-24 12:00:00,16.1339092836,67.8,28.2,29.44,84.3,1002.3,bay_of_bengal_15n90e,15.0,90.0,2,HIGH,3.242671489715576,8.010275840759277
2025-06-25 12:00:00,16.522678182,46.6,28.81,29.35,83.9,1003.2,bay_of_bengal_15n90e,15.0,90.0,2,HIGH,2.8061583042144775,7.981636047363281
2025-06-26 12:00:00,15.550755936,33.7,29.09,29.38,85.5,1005.1,bay_of_bengal_15n90e,15.0,90.0,1,MODERATE,2.462956428527832,8.346786499023438
2025-06-27 12:00:00,14.9676025884,44.8,29.16,29.38,85.5,1005.3,bay_of_bengal_15n90e,15.0,90.0,1,MODERATE,2.2472047805786133,8.367273330688477
2025-06-28 12:00:00,18.0777537756,46.4,29.51,29.35,85.1,1003.8,bay_of_bengal_15n90e,15.0,90.0,1,MODERATE,2.5690441131591797,7.971051216125488
2025-06-29 12:00:00,17.883369326399997,47.3,28.29,29.37,86.3,1002.4,bay_of_bengal_15n90e,15.0,90.0,2,HIGH,3.001720428466797,8.728652954101562
2025-06-30 12:00:00,18.8552915724,55.4,29.09,29.33,83.5,1002.1,bay_of_bengal_15n90e,15.0,90.0,2,HIGH,2.9719176292419434,8.314417839050293
2025-07-01 12:00:00,18.466522674,48.8,28.93,29.36,83.1,1003.2,bay_of_bengal_15n90e,15.0,90.0,1,MODERATE,2.6600937843322754,7.4664459228515625
2025-07-02 12:00:00,17.883369326399997,45.5,28.88,29.3,83.9,1003.8,bay_of_bengal_15n90e,15.0,90.0,1,MODERATE,2.636603593826294,7.835720062255859
2025-07-03 12:00:00,18.0777537756,42.9,28.95,29.21,84.3,1004.9,bay_of_bengal_15n90e,15.0,90.0,1,MODERATE,2.4202611446380615,7.605589866638184
2025-07-04 12:00:00,17.494600428,50.9,29.46,29.25,85.5,1004.9,bay_of_bengal_15n90e,15.0,90.0,1,MODERATE,2.056586980819702,7.2784318923950195
2025-07-05 12:00:00,18.0777537756,50.7,29.48,29.26,85.9,1003.6,bay_of_bengal_15n90e,15.0,90.0,1,MODERATE,1.9422721862792969,6.567242622375488
2025-07-06 12:00:00,19.827213818399997,47.7,29.52,29.24,85.9,1002.6,bay_of_bengal_15n90e,15.0,90.0,1,MODERATE,2.2352218627929688,6.500295639038086
2025-07-07 12:00:00,18.6609071232,43.0,29.53,29.24,86.3,1003.4,bay_of_bengal_15n90e,15.0,90.0,1,MODERATE,2.4449260234832764,7.692999839782715
2025-07-08 12:00:00,18.2721382248,36.1,29.5,29.31,86.3,1004.3,bay_of_bengal_15n90e,15.0,90.0,1,MODERATE,2.478440761566162,8.689355850219727
2025-07-09 12:00:00,16.3282937328,40.0,29.18,29.22,84.3,1004.9,bay_of_bengal_15n90e,15.0,90.0,1,MODERATE,2.320620059967041,7.830479621887207
2025-07-10 12:00:00,15.939524834399998,37.9,29.44,29.24,85.9,1004.1,bay_of_bengal_15n90e,15.0,90.0,1,MODERATE,1.8896238803863525,7.468026161193848
2025-07-11 12:00:00,15.7451403852,47.8,29.46,29.3,86.7,1003.5,bay_of_bengal_15n90e,15.0,90.0,1,MODERATE,2.2094566822052,9.132683753967285
2025-07-12 12:00:00,15.550755936,59.1,29.49,29.32,87.4,1003.0,bay_of_bengal_15n90e,15.0,90.0,1,MODERATE,2.417842388153076,9.65453052520752
2025-07-13 12:00:00,16.522678182,51.4,29.53,29.33,87.8,1003.2,bay_of_bengal_15n90e,15.0,90.0,1,MODERATE,2.343965768814087,8.974261283874512
2025-07-14 12:00:00,13.606911444,48.4,29.54,29.4,87.4,1004.3,bay_of_bengal_15n90e,15.0,90.0,1,MODERATE,1.9694747924804688,8.753016471862793
2025-07-15 12:00:00,9.9136069092,43.8,29.51,29.59,84.7,1003.9,bay_of_bengal_15n90e,15.0,90.0,1,MODERATE,1.6426090002059937,8.224854469299316
2025-07-16 12:00:00,7.775377968,33.3,29.23,29.81,83.9,1004.4,bay_of_bengal_15n90e,15.0,90.0,1,MODERATE,1.5785213708877563,8.796394348144531
2025-07-17 12:00:00,5.2483801284,70.4,28.69,29.92,83.1,1004.6,bay_of_bengal_15n90e,15.0,90.0,1,MODERATE,1.644029974937439,9.77305793762207
2025-07-18 12:00:00,11.663066952,67.3,28.45,29.66,83.9,1003.3,bay_of_bengal_15n90e,15.0,90.0,1,MODERATE,1.8094472885131836,9.674357414245605
2025-07-19 12:00:00,8.941684663199998,65.6,28.07,29.44,84.3,1001.0,bay_of_bengal_15n90e,15.0,90.0,1,MODERATE,2.0477967262268066,9.968096733093262
2025-07-20 12:00:00,8.1641468664,49.7,28.77,29.76,82.7,1000.1,bay_of_bengal_15n90e,15.0,90.0,1,MODERATE,2.1408462524414062,9.799351692199707
2025-07-21 12:00:00,17.1058315296,59.4,28.44,29.57,84.7,1001.3,bay_of_bengal_15n90e,15.0,90.0,2,HIGH,2.85078501701355,8.305246353149414
2025-07-22 12:00:00,21.5766738612,59.1,28.68,29.44,84.7,1000.3,bay_of_bengal_15n90e,15.0,90.0,2,HIGH,3.0124170780181885,8.105359077453613
2025-07-23 12:00:00,25.4643628452,66.8,28.3,29.24,86.3,997.6,bay_of_bengal_15n90e,15.0,90.0,2,HIGH,3.981982946395874,8.469531059265137
2025-07-24 12:00:00,24.4924405992,59.1,28.44,29.07,85.1,998.3,bay_of_bengal_15n90e,15.0,90.0,3,EXTREME,4.266542434692383,8.66711139678955
2025-07-25 12:00:00,20.410367166,49.1,28.76,28.95,85.1,1000.9,bay_of_bengal_15n90e,15.0,90.0,2,HIGH,3.3514537811279297,8.35899543762207
2025-07-26 12:00:00,19.43844492,42.2,29.27,28.98,85.1,1003.9,bay_of_bengal_15n90e,15.0,90.0,2,HIGH,2.814854145050049,7.975598335266113
2025-07-27 12:00:00,17.6889848772,54.4,29.21,28.95,85.1,1003.9,bay_of_bengal_15n90e,15.0,90.0,1,MODERATE,2.5916945934295654,8.103423118591309
2025-07-28 12:00:00,17.3002159788,61.1,29.22,28.97,84.3,1003.5,bay_of_bengal_15n90e,15.0,90.0,1,MODERATE,2.405255079269409,8.243734359741211
2025-07-29 12:00:00,17.494600428,52.7,29.26,29.03,83.5,1004.0,bay_of_bengal_15n90e,15.0,90.0,1,MODERATE,2.18939471244812,8.246784210205078
2025-07-30 12:00:00,17.494600428,38.4,29.29,29.08,84.3,1004.8,bay_of_bengal_15n90e,15.0,90.0,1,MODERATE,2.088247776031494,8.372321128845215
2025-07-31 12:00:00,16.1339092836,40.9,29.25,29.08,84.3,1005.2,bay_of_bengal_15n90e,15.0,90.0,1,MODERATE,2.107494831085205,8.417757034301758
2025-08-01 12:00:00,14.1900647916,33.8,29.23,29.17,84.7,1004.9,bay_of_bengal_15n90e,15.0,90.0,1,MODERATE,2.0755603313446045,9.38894271850586
2025-08-02 12:00:00,10.1079913584,26.4,29.33,29.36,85.1,1005.7,bay_of_bengal_15n90e,15.0,90.0,1,MODERATE,1.6073517799377441,9.344202041625977
2025-08-03 12:00:00,6.414686823599999,340.4,29.34,29.64,81.6,1006.9,bay_of_bengal_15n90e,15.0,90.0,1,MODERATE,1.2390787601470947,9.556052207946777
2025-08-04 12:00:00,4.0820734332,340.4,29.11,29.88,80.4,1006.6,bay_of_bengal_15n90e,15.0,90.0,1,MODERATE,1.6676734685897827,12.246315956115723
2025-08-05 12:00:00,7.775377968,58.3,29.14,29.91,82.4,1006.4,bay_of_bengal_15n90e,15.0,90.0,1,MODERATE,1.8451803922653198,11.645990371704102
2025-08-06 12:00:00,8.747300214,45.6,29.41,29.95,80.4,1005.7,bay_of_bengal_15n90e,15.0,90.0,1,MODERATE,1.9990017414093018,11.950565338134766
2025-08-07 12:00:00,7.775377968,29.3,29.6,29.99,79.2,1006.2,bay_of_bengal_15n90e,15.0,90.0,1,MODERATE,1.9431822299957275,11.886117935180664
2025-08-08 12:00:00,5.442764577599999,3.2,28.47,29.99,80.8,1008.2,bay_of_bengal_15n90e,15.0,90.0,1,MODERATE,1.9907115697860718,11.671953201293945
2025-08-09 12:00:00,9.71922246,45.4,28.78,29.85,80.4,1008.3,bay_of_bengal_15n90e,15.0,90.0,1,MODERATE,1.827791452407837,9.200359344482422
2025-08-10 12:00:00,12.0518358504,62.2,28.8,29.71,82.0,1007.2,bay_of_bengal_15n90e,15.0,90.0,1,MODERATE,1.8227459192276,8.249147415161133
2025-08-11 12:00:00,13.9956803424,67.9,28.52,29.66,83.1,1005.3,bay_of_bengal_15n90e,15.0,90.0,1,MODERATE,1.7513759136199951,7.720907211303711
2025-08-12 12:00:00,11.2742980536,48.0,28.06,29.73,83.1,1003.3,bay_of_bengal_15n90e,15.0,90.0,1,MODERATE,1.7567894458770752,8.621750831604004
2025-08-13 12:00:00,18.466522674,25.9,28.7,29.67,82.4,1003.6,bay_of_bengal_15n90e,15.0,90.0,1,MODERATE,2.743863821029663,8.212676048278809
2025-08-14 12:00:00,15.939524834399998,42.8,29.24,29.59,80.8,1004.7,bay_of_bengal_15n90e,15.0,90.0,1,MODERATE,2.4809155464172363,8.283454895019531
2025-08-15 12:00:00,16.522678182,44.7,28.99,29.5,81.6,1003.3,bay_of_bengal_15n90e,15.0,90.0,1,MODERATE,2.241295576095581,7.551007270812988
2025-08-16 12:00:00,15.7451403852,39.9,28.15,29.39,83.9,1001.1,bay_of_bengal_15n90e,15.0,90.0,1,MODERATE,2.1755411624908447,7.195090293884277
2025-08-17 12:00:00,19.43844492,30.9,27.91,29.29,85.9,1002.0,bay_of_bengal_15n90e,15.0,90.0,1,MODERATE,2.645998954772949,7.517899513244629
2025-08-18 12:00:00,17.3002159788,33.9,28.17,29.17,84.7,1004.8,bay_of_bengal_15n90e,15.0,90.0,1,MODERATE,2.7046620845794678,7.915870666503906
2025-08-19 12:00:00,16.9114470804,33.6,28.82,29.12,82.4,1005.9,bay_of_bengal_15n90e,15.0,90.0,1,MODERATE,2.547100782394409,7.908885955810547
2025-08-20 12:00:00,15.1619870376,31.3,29.19,29.16,83.1,1007.2,bay_of_bengal_15n90e,15.0,90.0,1,MODERATE,1.866500973701477,7.668354034423828
2025-08-21 12:00:00,14.9676025884,44.8,29.16,29.16,82.4,1008.0,bay_of_bengal_15n90e,15.0,90.0,1,MODERATE,1.558401346206665,7.417514801025391
2025-08-22 12:00:00,16.522678182,44.7,29.26,29.19,82.0,1006.7,bay_of_bengal_15n90e,15.0,90.0,1,MODERATE,1.695528268814087,7.469874382019043
2025-08-23 12:00:00,17.1058315296,46.5,29.08,29.05,83.1,1006.3,bay_of_bengal_15n90e,15.0,90.0,1,MODERATE,2.013317108154297,8.491518020629883
2025-08-24 12:00:00,14.3844492408,52.5,29.13,29.09,84.3,1006.5,bay_of_bengal_15n90e,15.0,90.0,1,MODERATE,2.068594455718994,9.61594009399414
2025-08-25 12:00:00,13.2181425456,82.1,28.17,29.02,84.3,1004.9,bay_of_bengal_15n90e,15.0,90.0,1,MODERATE,2.0726165771484375,9.28181266784668
2025-08-26 12:00:00,15.1619870376,51.0,28.6,29.01,82.0,1005.1,bay_of_bengal_15n90e,15.0,90.0,1,MODERATE,2.1094820499420166,7.787839889526367
2025-08-27 12:00:00,16.3282937328,25.4,29.21,29.04,82.0,1005.7,bay_of_bengal_15n90e,15.0,90.0,1,MODERATE,1.9403250217437744,7.30922794342041
2025-08-28 12:00:00,14.7732181392,23.4,28.98,29.03,83.5,1006.2,bay_of_bengal_15n90e,15.0,90.0,1,MODERATE,1.9812967777252197,8.054316520690918
2025-08-29 12:00:00,13.606911444,29.8,28.9,29.06,84.7,1007.5,bay_of_bengal_15n90e,15.0,90.0,1,MODERATE,1.9892921447753906,8.861485481262207
2025-08-30 12:00:00,10.3023758076,48.4,28.83,29.04,85.9,1007.2,bay_of_bengal_15n90e,15.0,90.0,1,MODERATE,2.0287022590637207,9.296648025512695
2025-08-31 12:00:00,9.9136069092,77.5,27.95,28.93,86.3,1004.2,bay_of_bengal_15n90e,15.0,90.0,1,MODERATE,1.8190734386444092,8.375632286071777
2025-09-01 12:00:00,12.8293736472,73.1,27.28,28.78,86.3,1000.7,bay_of_bengal_15n90e,15.0,90.0,1,MODERATE,2.4225947856903076,7.621492385864258
2025-09-02 12:00:00,17.1058315296,65.1,27.51,28.83,87.8,1000.9,bay_of_bengal_15n90e,15.0,90.0,2,HIGH,3.243695020675659,8.212288856506348
2025-09-03 12:00:00,15.1619870376,41.8,28.61,28.88,85.5,1003.8,bay_of_bengal_15n90e,15.0,90.0,1,MODERATE,2.319322109222412,8.538358688354492
2025-09-04 12:00:00,10.8855291552,51.1,28.77,28.93,87.4,1005.7,bay_of_bengal_15n90e,15.0,90.0,1,MODERATE,1.9095087051391602,8.788609504699707
2025-09-05 12:00:00,7.3866090696,73.3,28.65,29.01,86.3,1006.8,bay_of_bengal_15n90e,15.0,90.0,1,MODERATE,1.6536388397216797,8.823132514953613
2025-09-06 12:00:00,6.2203023744,62.2,28.95,29.41,83.9,1007.3,bay_of_bengal_15n90e,15.0,90.0,1,MODERATE,1.3174834251403809,9.136682510375977
2025-09-07 12:00:00,7.3866090696,66.4,29.09,29.48,82.4,1006.7,bay_of_bengal_15n90e,15.0,90.0,1,MODERATE,1.2518314123153687,9.845584869384766
2025-09-08 12:00:00,8.941684663199998,31.1,29.15,29.48,83.1,1006.7,bay_of_bengal_15n90e,15.0,90.0,1,MODERATE,1.279194712638855,10.02550220489502
2025-09-09 12:00:00,9.5248380108,47.2,28.81,29.39,82.0,1007.5,bay_of_bengal_15n90e,15.0,90.0,1,MODERATE,1.5471501350402832,10.328652381896973
2025-09-10 12:00:00,7.775377968,58.3,28.72,29.42,83.1,1006.8,bay_of_bengal_15n90e,15.0,90.0,1,MODERATE,1.7666492462158203,10.948382377624512
2025-09-11 12:00:00,8.358531315599999,63.5,27.57,29.18,83.9,1006.7,bay_of_bengal_15n90e,15.0,90.0,1,MODERATE,1.7100027799606323,10.004401206970215
2025-09-12 12:00:00,11.0799136044,23.6,28.56,29.28,81.6,1007.0,bay_of_bengal_15n90e,15.0,90.0,1,MODERATE,1.6139755249023438,8.667022705078125
2025-09-13 12:00:00,8.941684663199998,11.6,29.01,29.38,82.0,1008.2,bay_of_bengal_15n90e,15.0,90.0,1,MODERATE,1.5207377672195435,9.557680130004883
2025-09-14 12:00:00,7.3866090696,11.3,29.15,29.61,81.2,1008.7,bay_of_bengal_15n90e,15.0,90.0,1,MODERATE,1.5169757604599,10.970295906066895
2025-09-15 12:00:00,4.665226780799999,25.4,29.0,29.7,78.4,1008.1,bay_of_bengal_15n90e,15.0,90.0,0,LOW,1.4460279941558838,10.33588981628418
2025-09-16 12:00:00,3.1101511872,14.8,29.09,29.94,77.3,1008.0,bay_of_bengal_15n90e,15.0,90.0,0,LOW,1.3095905780792236,9.851871490478516
2025-09-17 12:00:00,3.1101511872,55.1,28.47,30.13,80.4,1008.0,bay_of_bengal_15n90e,15.0,90.0,0,LOW,1.3038575649261475,10.230338096618652
2025-09-18 12:00:00,5.0539956792,93.6,29.01,29.97,78.1,1007.4,bay_of_bengal_15n90e,15.0,90.0,1,MODERATE,1.5638558864593506,11.24652099609375
2025-09-19 12:00:00,5.831533476,80.7,27.91,29.74,83.5,1006.9,bay_of_bengal_15n90e,15.0,90.0,1,MODERATE,1.6507736444473267,10.018102645874023
2025-09-20 12:00:00,5.2483801284,70.4,28.39,29.72,81.6,1005.2,bay_of_bengal_15n90e,15.0,90.0,1,MODERATE,1.6295225620269775,9.235568046569824
2025-09-21 12:00:00,8.747300214,58.7,29.03,30.09,80.4,1004.4,bay_of_bengal_15n90e,15.0,90.0,1,MODERATE,1.784602403640747,9.29575252532959
2025-09-22 12:00:00,14.3844492408,68.4,28.84,29.78,83.1,1005.0,bay_of_bengal_15n90e,15.0,90.0,1,MODERATE,2.1510415077209473,8.022871017456055
2025-09-23 12:00:00,16.717062631199997,68.7,28.9,29.57,83.9,1004.4,bay_of_bengal_15n90e,15.0,90.0,1,MODERATE,2.64237117767334,8.374597549438477
2025-09-24 12:00:00,19.2440604708,64.3,28.9,29.31,83.9,1002.2,bay_of_bengal_15n90e,15.0,90.0,2,HIGH,3.0902786254882812,9.081595420837402
2025-09-25 12:00:00,15.1619870376,69.4,28.26,29.09,85.1,1002.4,bay_of_bengal_15n90e,15.0,90.0,2,HIGH,2.9827847480773926,8.682238578796387
2025-09-26 12:00:00,16.717062631199997,39.1,29.01,29.12,82.4,1004.2,bay_of_bengal_15n90e,15.0,90.0,1,MODERATE,2.6070244312286377,8.014073371887207
2025-09-27 12:00:00,13.2181425456,30.6,28.69,29.14,84.7,1007.1,bay_of_bengal_15n90e,15.0,90.0,1,MODERATE,2.4295332431793213,9.234395027160645
2025-09-28 12:00:00,11.663066952,67.3,28.5,28.96,85.5,1006.1,bay_of_bengal_15n90e,15.0,90.0,1,MODERATE,1.9111506938934326,9.002304077148438
2025-09-29 12:00:00,10.1079913584,104.4,27.56,28.79,85.5,1003.5,bay_of_bengal_15n90e,15.0,90.0,1,MODERATE,1.744469404220581,7.857471466064453
2025-09-30 12:00:00,10.8855291552,19.8,27.85,28.88,83.9,1000.8,bay_of_bengal_15n90e,15.0,90.0,1,MODERATE,1.6588678359985352,7.425448417663574
2025-10-01 12:00:00,22.1598272088,13.8,28.47,28.76,82.7,1001.9,bay_of_bengal_15n90e,15.0,90.0,2,HIGH,3.4079906940460205,7.84874153137207
2025-10-02 12:00:00,15.1619870376,19.5,28.55,28.81,82.7,1007.7,bay_of_bengal_15n90e,15.0,90.0,1,MODERATE,2.369537115097046,7.812867164611816
2025-10-03 12:00:00,11.2742980536,12.8,28.79,28.88,84.7,1010.2,bay_of_bengal_15n90e,15.0,90.0,1,MODERATE,1.7954298257827759,10.424925804138184
2025-10-04 12:00:00,9.1360691124,24.3,28.82,29.08,83.5,1010.5,bay_of_bengal_15n90e,15.0,90.0,1,MODERATE,1.8627586364746094,12.21717643737793
2025-10-05 12:00:00,8.747300214,34.6,28.79,29.16,81.6,1010.3,bay_of_bengal_15n90e,15.0,90.0,1,MODERATE,1.6605809926986694,11.250865936279297
2025-10-06 12:00:00,8.747300214,42.0,28.74,29.29,80.4,1010.3,bay_of_bengal_15n90e,15.0,90.0,0,LOW,1.4728350639343262,10.336165428161621
2025-10-07 12:00:00,7.3866090696,52.5,28.84,29.32,79.2,1010.4,bay_of_bengal_15n90e,15.0,90.0,0,LOW,1.2688075304031372,10.024401664733887
2025-10-08 12:00:00,8.941684663199998,47.4,28.95,29.45,78.4,1010.6,bay_of_bengal_15n90e,15.0,90.0,0,LOW,1.218705654144287,10.324999809265137
2025-10-09 12:00:00,6.9978401712,75.6,28.91,29.44,78.4,1010.0,bay_of_bengal_15n90e,15.0,90.0,0,LOW,1.3374907970428467,10.135180473327637
2025-10-10 12:00:00,4.665226780799999,94.0,28.68,29.63,78.8,1008.9,bay_of_bengal_15n90e,15.0,90.0,0,LOW,1.3889856338500977,10.114898681640625
2025-10-11 12:00:00,2.7213822887999997,98.3,29.0,29.96,76.1,1008.7,bay_of_bengal_15n90e,15.0,90.0,0,LOW,1.2390726804733276,10.049723625183105
2025-10-12 12:00:00,3.1101511872,284.8,29.44,30.19,73.0,1008.4,bay_of_bengal_15n90e,15.0,90.0,0,LOW,1.109744906425476,10.159704208374023
2025-10-13 12:00:00,8.1641468664,229.7,29.03,29.99,78.8,1008.4,bay_of_bengal_15n90e,15.0,90.0,0,LOW,1.2232277393341064,10.28389835357666
2025-10-14 12:00:00,6.6090712728,247.0,28.7,29.81,81.2,1006.9,bay_of_bengal_15n90e,15.0,90.0,1,MODERATE,1.1284804344177246,9.529637336730957
2025-10-15 12:00:00,4.665226780799999,295.4,28.79,29.94,78.4,1007.2,bay_of_bengal_15n90e,15.0,90.0,1,MODERATE,1.2962429523468018,12.948668479919434
2025-10-16 12:00:00,5.0539956792,303.8,28.6,29.83,80.4,1008.3,bay_of_bengal_15n90e,15.0,90.0,1,MODERATE,1.597003698348999,13.476166725158691
2025-10-17 12:00:00,3.4989200856,254.8,28.97,30.12,80.0,1009.6,bay_of_bengal_15n90e,15.0,90.0,1,MODERATE,1.544858694076538,11.949033737182617
2025-10-18 12:00:00,7.3866090696,253.3,29.44,30.02,78.1,1008.5,bay_of_bengal_15n90e,15.0,90.0,0,LOW,1.4719771146774292,11.01866626739502
2025-10-19 12:00:00,9.71922246,247.4,29.24,30.03,79.2,1007.7,bay_of_bengal_15n90e,15.0,90.0,1,MODERATE,1.3573262691497803,9.714580535888672
2025-10-20 12:00:00,11.2742980536,264.9,29.23,29.85,80.8,1007.4,bay_of_bengal_15n90e,15.0,90.0,1,MODERATE,1.3217934370040894,7.5650224685668945
2025-10-21 12:00:00,11.663066952,282.4,29.06,29.83,80.4,1008.0,bay_of_bengal_15n90e,15.0,90.0,0,LOW,1.4504776000976562,6.982466697692871
2025-10-22 12:00:00,11.8574514012,278.3,29.0,29.83,80.8,1008.6,bay_of_bengal_15n90e,15.0,90.0,1,MODERATE,1.6777775287628174,8.505874633789062
2025-10-23 12:00:00,12.4406047488,261.7,29.55,29.86,77.3,1008.4,bay_of_bengal_15n90e,15.0,90.0,1,MODERATE,1.6335585117340088,8.51126766204834
2025-10-24 12:00:00,13.8012958932,257.5,29.51,29.7,76.5,1007.7,bay_of_bengal_15n90e,15.0,90.0,1,MODERATE,1.6321581602096558,7.856149673461914
2025-10-25 12:00:00,16.9114470804,263.6,29.21,29.74,79.2,1006.8,bay_of_bengal_15n90e,15.0,90.0,1,MODERATE,1.847882628440857,7.008292198181152
2025-10-26 12:00:00,21.5766738612,281.1,28.59,29.62,83.1,1005.8,bay_of_bengal_15n90e,15.0,90.0,1,MODERATE,2.63621187210083,7.033246994018555
2025-10-27 12:00:00,16.522678182,316.6,28.28,29.45,84.3,1006.8,bay_of_bengal_15n90e,15.0,90.0,1,MODERATE,2.1812515258789062,7.061043739318848
2025-10-28 12:00:00,12.4406047488,2.4,28.27,29.43,81.6,1008.7,bay_of_bengal_15n90e,15.0,90.0,1,MODERATE,2.4155936241149902,8.720826148986816
2025-10-29 12:00:00,8.747300214,9.1,28.92,29.39,80.4,1009.8,bay_of_bengal_15n90e,15.0,90.0,1,MODERATE,2.1993119716644287,9.792205810546875
2025-10-30 12:00:00,4.0820734332,107.2,29.02,29.66,77.7,1010.7,bay_of_bengal_15n90e,15.0,90.0,1,MODERATE,1.6051998138427734,10.148519515991211
2025-10-31 12:00:00,6.6090712728,141.2,29.08,29.66,76.9,1010.2,bay_of_bengal_15n90e,15.0,90.0,1,MODERATE,1.61783766746521,12.162790298461914
2025-11-01 12:00:00,11.663066952,118.8,29.12,29.64,77.7,1009.1,bay_of_bengal_15n90e,15.0,90.0,0,LOW,1.4745807647705078,9.828619956970215
2025-11-02 12:00:00,13.8012958932,101.7,29.05,29.6,79.6,1008.8,bay_of_bengal_15n90e,15.0,90.0,1,MODERATE,1.5975857973098755,8.514978408813477
2025-11-03 12:00:00,7.5809935188,153.6,28.84,29.46,79.2,1008.0,bay_of_bengal_15n90e,15.0,90.0,0,LOW,1.485316514968872,8.262800216674805
2025-11-04 12:00:00,5.2483801284,140.1,29.02,29.53,70.2,1008.2,bay_of_bengal_15n90e,15.0,90.0,0,LOW,1.2736246585845947,9.222381591796875
2025-11-05 12:00:00,5.0539956792,183.6,28.87,29.64,61.2,1007.9,bay_of_bengal_15n90e,15.0,90.0,1,MODERATE,1.3841371536254883,10.278000831604004
2025-11-06 12:00:00,4.665226780799999,168.5,28.83,29.55,57.7,1008.7,bay_of_bengal_15n90e,15.0,90.0,0,LOW,1.4547717571258545,12.106162071228027
2025-11-07 12:00:00,4.85961123,209.8,28.25,29.46,61.6,1009.3,bay_of_bengal_15n90e,15.0,90.0,1,MODERATE,1.6009235382080078,12.212099075317383
2025-11-08 12:00:00,2.7213822887999997,169.3,28.54,29.55,65.9,1009.5,bay_of_bengal_15n90e,15.0,90.0,0,LOW,1.437608003616333,10.956450462341309
2025-11-09 12:00:00,3.887688984,228.2,28.79,29.52,71.8,1009.2,bay_of_bengal_15n90e,15.0,90.0,1,MODERATE,1.5459554195404053,10.274741172790527
2025-11-10 12:00:00,8.1641468664,229.7,28.73,29.4,77.3,1009.8,bay_of_bengal_15n90e,15.0,90.0,0,LOW,1.3226327896118164,10.056496620178223
2025-11-11 12:00:00,10.3023758076,208.3,28.59,29.41,73.4,1010.5,bay_of_bengal_15n90e,15.0,90.0,0,LOW,1.1946678161621094,8.951525688171387
2025-11-12 12:00:00,10.3023758076,208.3,28.18,29.25,67.1,1011.5,bay_of_bengal_15n90e,15.0,90.0,0,LOW,1.157862901687622,7.515711784362793
2025-11-13 12:00:00,8.1641468664,225.8,28.29,29.23,65.9,1012.1,bay_of_bengal_15n90e,15.0,90.0,0,LOW,0.9641707539558411,7.560338020324707
2025-11-14 12:00:00,10.3023758076,228.4,28.23,29.24,69.4,1011.9,bay_of_bengal_15n90e,15.0,90.0,0,LOW,0.9561737775802612,7.209577560424805
2025-11-15 12:00:00,11.8574514012,227.8,28.03,29.27,79.6,1012.3,bay_of_bengal_15n90e,15.0,90.0,0,LOW,0.9841111898422241,6.370584487915039
2025-11-16 12:00:00,10.691144706,256.3,28.03,29.24,79.2,1012.5,bay_of_bengal_15n90e,15.0,90.0,0,LOW,1.3813529014587402,9.151562690734863
2025-11-17 12:00:00,14.57883369,231.3,28.85,29.14,73.0,1012.0,bay_of_bengal_15n90e,15.0,90.0,1,MODERATE,1.733809232711792,9.595588684082031
2025-11-18 12:00:00,11.0799136044,258.7,28.32,29.14,78.4,1010.1,bay_of_bengal_15n90e,15.0,90.0,1,MODERATE,1.7035114765167236,8.453856468200684
2025-11-19 12:00:00,8.747300214,271.4,28.37,29.24,78.1,1011.2,bay_of_bengal_15n90e,15.0,90.0,0,LOW,1.2958528995513916,8.170187950134277
2025-11-20 12:00:00,13.606911444,260.7,28.83,29.29,78.4,1012.0,bay_of_bengal_15n90e,15.0,90.0,0,LOW,1.44633150100708,6.522729873657227
2025-11-21 12:00:00,13.606911444,252.4,28.91,29.35,77.7,1013.2,bay_of_bengal_15n90e,15.0,90.0,0,LOW,1.3729398250579834,6.2416839599609375
2025-11-22 12:00:00,13.8012958932,236.4,28.76,29.12,76.5,1012.8,bay_of_bengal_15n90e,15.0,90.0,0,LOW,1.3131873607635498,6.799461364746094
2025-11-23 12:00:00,14.1900647916,226.0,28.13,29.16,71.0,1012.8,bay_of_bengal_15n90e,15.0,90.0,0,LOW,1.442185640335083,6.706791877746582
2025-11-24 12:00:00,13.4125269948,222.6,27.86,29.21,69.0,1012.9,bay_of_bengal_15n90e,15.0,90.0,0,LOW,1.2085829973220825,6.484448432922363
2025-11-25 12:00:00,10.4967602568,223.8,27.48,28.98,64.4,1012.4,bay_of_bengal_15n90e,15.0,90.0,0,LOW,1.1368863582611084,6.518631935119629
2025-11-26 12:00:00,10.1079913584,230.1,27.69,28.87,63.6,1013.2,bay_of_bengal_15n90e,15.0,90.0,0,LOW,1.0652345418930054,7.214784622192383
2025-11-27 12:00:00,11.663066952,253.4,27.88,28.88,63.2,1012.6,bay_of_bengal_15n90e,15.0,90.0,0,LOW,1.201526403427124,7.153061866760254
2025-11-28 12:00:00,12.0518358504,265.1,27.77,28.79,60.8,1011.6,bay_of_bengal_15n90e,15.0,90.0,1,MODERATE,1.596601963043213,8.890986442565918
2025-11-29 12:00:00,12.2462202996,252.1,27.71,28.75,64.7,1011.1,bay_of_bengal_15n90e,15.0,90.0,0,LOW,1.4806020259857178,9.661380767822266
2025-11-30 12:00:00,11.2742980536,248.5,27.55,28.56,63.2,1011.4,bay_of_bengal_15n90e,15.0,90.0,0,LOW,1.466664433479309,10.189108848571777
2025-12-01 12:00:00,7.5809935188,236.8,27.07,28.53,77.3,1011.1,bay_of_bengal_15n90e,15.0,90.0,0,LOW,1.318357229232788,10.23690414428711
2025-12-02 12:00:00,8.941684663199998,247.9,27.56,28.7,76.9,1011.1,bay_of_bengal_15n90e,15.0,90.0,0,LOW,1.3116514682769775,9.943106651306152
2025-12-03 12:00:00,10.4967602568,229.8,27.31,28.58,69.4,1012.5,bay_of_bengal_15n90e,15.0,90.0,0,LOW,1.3063396215438843,10.136490821838379
2025-12-04 12:00:00,11.2742980536,242.2,27.51,28.62,69.0,1013.2,bay_of_bengal_15n90e,15.0,90.0,0,LOW,1.3449602127075195,8.87631893157959
2025-12-05 12:00:00,10.8855291552,238.5,27.74,28.69,73.4,1013.8,bay_of_bengal_15n90e,15.0,90.0,0,LOW,1.17262864112854,7.370485305786133
2025-12-06 12:00:00,11.8574514012,217.2,27.76,28.77,73.4,1013.7,bay_of_bengal_15n90e,15.0,90.0,0,LOW,1.108554720878601,6.1485395431518555
2025-12-07 12:00:00,13.4125269948,220.3,27.8,28.77,77.7,1013.4,bay_of_bengal_15n90e,15.0,90.0,0,LOW,1.1059385538101196,6.337847709655762
2025-12-08 12:00:00,11.8574514012,219.8,27.63,28.77,73.7,1013.0,bay_of_bengal_15n90e,15.0,90.0,0,LOW,1.040637731552124,7.3735198974609375
2025-12-09 12:00:00,12.0518358504,233.1,27.59,28.78,74.1,1012.4,bay_of_bengal_15n90e,15.0,90.0,0,LOW,1.1373136043548584,8.04945182800293
2025-12-10 12:00:00,12.634989198,235.1,27.25,28.49,75.7,1012.6,bay_of_bengal_15n90e,15.0,90.0,0,LOW,1.189313530921936,7.3282012939453125
2025-12-11 12:00:00,11.663066952,231.9,27.49,28.49,70.6,1011.9,bay_of_bengal_15n90e,15.0,90.0,0,LOW,1.1175923347473145,6.522347450256348
2025-12-12 12:00:00,11.2742980536,222.4,27.33,28.49,69.4,1011.7,bay_of_bengal_15n90e,15.0,90.0,0,LOW,1.0001368522644043,6.665804862976074
2025-12-13 12:00:00,12.4406047488,230.1,27.37,28.43,72.6,1012.1,bay_of_bengal_15n90e,15.0,90.0,0,LOW,1.1577415466308594,6.179255485534668
2025-12-14 12:00:00,14.3844492408,222.7,27.53,28.32,78.4,1012.3,bay_of_bengal_15n90e,15.0,90.0,0,LOW,1.1935107707977295,5.84165096282959
2025-12-15 12:00:00,12.8293736472,239.9,27.82,28.33,78.4,1012.7,bay_of_bengal_15n90e,15.0,90.0,0,LOW,1.1074156761169434,5.890761375427246
2025-12-16 12:00:00,11.2742980536,222.4,27.56,28.38,76.5,1013.1,bay_of_bengal_15n90e,15.0,90.0,0,LOW,1.0093410015106201,6.361481666564941
2025-12-17 12:00:00,10.8855291552,209.1,26.74,28.34,67.1,1013.8,bay_of_bengal_15n90e,15.0,90.0,0,LOW,1.0706431865692139,7.756065368652344
2025-12-18 12:00:00,7.775377968,202.8,26.19,28.32,61.6,1013.0,bay_of_bengal_15n90e,15.0,90.0,0,LOW,1.0420660972595215,8.998092651367188
2025-12-19 12:00:00,5.442764577599999,205.4,26.22,28.42,63.6,1011.8,bay_of_bengal_15n90e,15.0,90.0,0,LOW,0.8776177167892456,10.50889778137207
2025-12-20 12:00:00,8.1641468664,217.9,26.67,28.44,67.5,1011.2,bay_of_bengal_15n90e,15.0,90.0,0,LOW,0.9794539213180542,9.221942901611328
2025-12-21 12:00:00,11.2742980536,222.4,26.94,28.33,66.7,1012.3,bay_of_bengal_15n90e,15.0,90.0,0,LOW,1.1829767227172852,7.973065376281738
2025-12-22 12:00:00,7.3866090696,232.6,27.04,28.31,56.9,1011.5,bay_of_bengal_15n90e,15.0,90.0,0,LOW,0.9436580538749695,7.866019248962402
2025-12-23 12:00:00,7.969762417199999,231.9,27.19,28.25,56.5,1011.1,bay_of_bengal_15n90e,15.0,90.0,0,LOW,0.8826878070831299,8.420045852661133
2025-12-24 12:00:00,8.941684663199998,216.7,26.99,28.13,62.0,1011.2,bay_of_bengal_15n90e,15.0,90.0,0,LOW,0.9755802154541016,7.503840446472168
2025-12-25 12:00:00,11.2742980536,209.8,26.48,28.26,64.0,1012.1,bay_of_bengal_15n90e,15.0,90.0,0,LOW,1.139181137084961,7.030287742614746
2025-12-26 12:00:00,11.4686825028,211.4,25.97,28.18,64.7,1012.1,bay_of_bengal_15n90e,15.0,90.0,0,LOW,1.09125554561615,7.055628776550293
2025-12-27 12:00:00,9.9136069092,197.2,25.61,27.98,68.3,1012.8,bay_of_bengal_15n90e,15.0,90.0,0,LOW,1.1188874244689941,9.403684616088867
2025-12-28 12:00:00,10.4967602568,223.8,26.43,27.93,75.3,1012.8,bay_of_bengal_15n90e,15.0,90.0,0,LOW,1.1608965396881104,9.317566871643066
2025-12-29 12:00:00,12.634989198,218.8,26.63,27.87,79.2,1012.2,bay_of_bengal_15n90e,15.0,90.0,0,LOW,1.221132516860962,7.963578224182129
2025-12-30 12:00:00,9.9136069092,207.4,26.12,27.83,75.7,1011.6,bay_of_bengal_15n90e,15.0,90.0,0,LOW,1.0947620868682861,7.705519676208496
2025-12-31 12:00:00,9.5248380108,213.8,25.52,27.92,69.0,1010.2,bay_of_bengal_15n90e,15.0,90.0,0,LOW,1.0329166650772095,6.983698844909668
2026-01-01 12:00:00,10.691144706,235.7,25.84,27.69,70.2,1011.3,bay_of_bengal_15n90e,15.0,90.0,0,LOW,1.1128859519958496,7.110004425048828
2026-01-02 12:00:00,12.0518358504,226.4,26.12,27.63,69.8,1013.3,bay_of_bengal_15n90e,15.0,90.0,0,LOW,1.041123867034912,6.905389785766602
2026-01-03 12:00:00,14.57883369,231.3,26.24,27.5,73.7,1013.5,bay_of_bengal_15n90e,15.0,90.0,0,LOW,1.1884195804595947,6.165531158447266
2026-01-04 12:00:00,16.1339092836,230.6,26.21,27.4,63.2,1014.5,bay_of_bengal_15n90e,15.0,90.0,1,MODERATE,1.5224976539611816,5.861751556396484
2026-01-05 12:00:00,14.9676025884,220.7,25.67,27.29,62.4,1014.7,bay_of_bengal_15n90e,15.0,90.0,1,MODERATE,1.5822967290878296,5.93266487121582
2026-01-06 12:00:00,15.550755936,213.7,24.96,27.07,66.3,1015.1,bay_of_bengal_15n90e,15.0,90.0,0,LOW,1.4030380249023438,5.837794303894043
2026-01-07 12:00:00,18.0777537756,215.2,25.06,27.09,66.3,1015.0,bay_of_bengal_15n90e,15.0,90.0,1,MODERATE,1.3771095275878906,5.937493324279785
2026-01-08 12:00:00,16.9114470804,218.3,25.47,27.61,67.1,1014.9,bay_of_bengal_15n90e,15.0,90.0,0,LOW,1.4600653648376465,5.673526763916016
2026-01-09 12:00:00,14.57883369,216.3,25.81,27.9,77.7,1014.2,bay_of_bengal_15n90e,15.0,90.0,0,LOW,1.228891134262085,5.775323867797852
2026-01-10 12:00:00,11.8574514012,225.1,25.94,27.5,80.8,1014.2,bay_of_bengal_15n90e,15.0,90.0,0,LOW,1.2536060810089111,8.051770210266113
2026-01-11 12:00:00,11.2742980536,228.0,25.81,27.34,80.0,1015.5,bay_of_bengal_15n90e,15.0,90.0,0,LOW,1.223060131072998,7.981145858764648
2026-01-12 12:00:00,11.663066952,208.8,25.44,26.85,73.0,1016.2,bay_of_bengal_15n90e,15.0,90.0,0,LOW,1.1522464752197266,7.013030052185059
2026-01-13 12:00:00,11.2742980536,192.8,24.84,26.59,70.2,1014.7,bay_of_bengal_15n90e,15.0,90.0,0,LOW,1.0998001098632812,6.457908630371094
2026-01-14 12:00:00,11.0799136044,190.9,24.55,26.04,60.8,1013.8,bay_of_bengal_15n90e,15.0,90.0,0,LOW,0.9905226230621338,6.995650291442871
2026-01-15 12:00:00,13.606911444,198.8,24.88,25.27,60.8,1012.8,bay_of_bengal_15n90e,15.0,90.0,0,LOW,1.1593035459518433,7.423421859741211
2026-01-16 12:00:00,11.0799136044,190.9,24.23,25.96,60.4,1012.7,bay_of_bengal_15n90e,15.0,90.0,0,LOW,1.133841633796692,6.928801536560059
2026-01-17 12:00:00,8.941684663199998,194.1,24.71,27.1,58.9,1011.1,bay_of_bengal_15n90e,15.0,90.0,0,LOW,0.9005109667778015,7.549770355224609
2026-01-18 12:00:00,6.803455722,228.6,24.71,25.91,59.3,1010.5,bay_of_bengal_15n90e,15.0,90.0,0,LOW,0.8682660460472107,10.496956825256348
2026-01-19 12:00:00,6.803455722,228.6,25.02,25.75,59.7,1011.5,bay_of_bengal_15n90e,15.0,90.0,0,LOW,0.920752763748169,12.281394004821777
2026-01-20 12:00:00,10.1079913584,217.5,25.34,25.72,67.1,1012.0,bay_of_bengal_15n90e,15.0,90.0,0,LOW,1.040337324142456,8.968029975891113
2026-01-21 12:00:00,12.0518358504,229.0,25.69,26.63,67.1,1013.0,bay_of_bengal_15n90e,15.0,90.0,0,LOW,1.0792497396469116,8.244735717773438
2026-01-22 12:00:00,16.3282937328,229.5,25.97,25.83,68.7,1013.7,bay_of_bengal_15n90e,15.0,90.0,0,LOW,1.475876808166504,6.808298110961914
2026-01-23 12:00:00,13.606911444,234.2,25.99,26.34,76.5,1015.1,bay_of_bengal_15n90e,15.0,90.0,0,LOW,1.3770817518234253,8.144092559814453
2026-01-24 12:00:00,12.0518358504,223.8,25.91,26.61,82.0,1015.1,bay_of_bengal_15n90e,15.0,90.0,0,LOW,1.362451195716858,8.701582908630371
2026-01-25 12:00:00,11.663066952,223.8,25.72,25.62,73.0,1014.7,bay_of_bengal_15n90e,15.0,90.0,0,LOW,1.2008466720581055,8.086752891540527
2026-01-26 12:00:00,15.1619870376,216.6,25.75,25.53,63.2,1015.4,bay_of_bengal_15n90e,15.0,90.0,0,LOW,1.282651424407959,6.654674530029297
2026-01-27 12:00:00,13.2181425456,216.7,25.66,25.66,69.0,1015.1,bay_of_bengal_15n90e,15.0,90.0,0,LOW,1.1690962314605713,7.070010185241699
2026-01-28 12:00:00,6.803455722,223.8,25.94,26.06,73.7,1014.3,bay_of_bengal_15n90e,15.0,90.0,0,LOW,0.9356369376182556,8.802446365356445
2026-01-29 12:00:00,7.5809935188,230.1,26.08,26.98,71.4,1014.4,bay_of_bengal_15n90e,15.0,90.0,0,LOW,0.944423496723175,10.658007621765137
2026-01-30 12:00:00,11.0799136044,223.8,25.59,26.55,69.4,1015.1,bay_of_bengal_15n90e,15.0,90.0,0,LOW,1.0897430181503296,10.124390602111816
2026-01-31 12:00:00,12.0518358504,229.0,25.58,26.03,67.1,1015.1,bay_of_bengal_15n90e,15.0,90.0,0,LOW,1.2245326042175293,9.005074501037598
2026-02-01 12:00:00,10.1079913584,201.4,25.14,26.39,74.9,1015.2,bay_of_bengal_15n90e,15.0,90.0,0,LOW,1.283681035041809,9.070748329162598
2026-02-02 12:00:00,10.8855291552,209.1,25.4,26.24,76.9,1014.7,bay_of_bengal_15n90e,15.0,90.0,0,LOW,1.1405611038208008,7.723533630371094
2026-02-03 12:00:00,10.4967602568,223.8,25.99,26.28,79.6,1015.4,bay_of_bengal_15n90e,15.0,90.0,0,LOW,1.0211496353149414,6.712553024291992
2026-02-04 12:00:00,12.0518358504,223.8,26.14,26.63,76.9,1015.2,bay_of_bengal_15n90e,15.0,90.0,0,LOW,1.0759937763214111,5.743862152099609
2026-02-05 12:00:00,11.0799136044,215.3,26.03,26.01,73.0,1015.4,bay_of_bengal_15n90e,15.0,90.0,0,LOW,1.039254903793335,5.585153579711914
2026-02-06 12:00:00,10.8855291552,213.6,25.84,25.87,65.9,1014.8,bay_of_bengal_15n90e,15.0,90.0,0,LOW,1.4637129306793213,5.720243453979492
2026-02-07 12:00:00,12.2462202996,189.8,25.02,26.11,70.6,1013.2,bay_of_bengal_15n90e,15.0,90.0,1,MODERATE,1.6255090236663818,5.951717376708984
2026-02-08 12:00:00,13.8012958932,208.9,25.0,26.1,64.4,1012.5,bay_of_bengal_15n90e,15.0,90.0,0,LOW,1.3639209270477295,6.1577348709106445
2026-02-09 12:00:00,10.1079913584,211.3,25.04,26.42,64.7,1013.1,bay_of_bengal_15n90e,15.0,90.0,0,LOW,1.088677167892456,7.574087142944336
2026-02-10 12:00:00,12.2462202996,216.0,25.03,26.37,67.9,1014.3,bay_of_bengal_15n90e,15.0,90.0,0,LOW,1.1462974548339844,7.165311813354492
2026-02-11 12:00:00,12.4406047488,215.0,25.45,26.25,73.4,1014.9,bay_of_bengal_15n90e,15.0,90.0,0,LOW,1.2542705535888672,6.351844787597656
2026-02-12 12:00:00,12.8293736472,211.5,25.58,26.2,75.3,1013.4,bay_of_bengal_15n90e,15.0,90.0,0,LOW,1.3122262954711914,5.789076805114746
2026-02-13 12:00:00,14.1900647916,208.2,25.63,26.05,66.7,1013.0,bay_of_bengal_15n90e,15.0,90.0,0,LOW,1.279937744140625,6.504132270812988
2026-02-14 12:00:00,11.4686825028,202.8,25.05,25.55,63.2,1012.4,bay_of_bengal_15n90e,15.0,90.0,0,LOW,1.1054307222366333,6.613733291625977
2026-02-15 12:00:00,12.634989198,206.2,25.08,25.48,63.6,1012.0,bay_of_bengal_15n90e,15.0,90.0,0,LOW,1.0964744091033936,6.520331382751465
2026-02-16 12:00:00,14.3844492408,206.1,25.13,25.45,69.0,1011.5,bay_of_bengal_15n90e,15.0,90.0,0,LOW,1.4707915782928467,8.004284858703613
2026-02-17 12:00:00,12.8293736472,200.0,24.98,25.61,70.2,1011.5,bay_of_bengal_15n90e,15.0,90.0,1,MODERATE,1.539243221282959,8.460348129272461
2026-02-18 12:00:00,9.9136069092,204.4,25.11,25.51,77.7,1012.0,bay_of_bengal_15n90e,15.0,90.0,0,LOW,1.256003737449646,8.55101490020752
2026-02-19 12:00:00,8.747300214,218.3,26.31,25.86,81.6,1012.9,bay_of_bengal_15n90e,15.0,90.0,0,LOW,0.923781156539917,8.329456329345703
2026-02-20 12:00:00,7.775377968,223.8,26.46,25.65,82.7,1012.5,bay_of_bengal_15n90e,15.0,90.0,0,LOW,0.9391299486160278,7.5818023681640625
2026-02-21 12:00:00,5.2483801284,223.8,26.66,25.96,78.4,1010.1,bay_of_bengal_15n90e,15.0,90.0,0,LOW,1.0184714794158936,9.275997161865234
2026-02-22 12:00:00,6.414686823599999,265.2,26.08,26.45,74.9,1009.0,bay_of_bengal_15n90e,15.0,90.0,0,LOW,0.9413787126541138,9.364764213562012
2026-02-23 12:00:00,8.5529157648,212.5,26.02,26.08,80.8,1008.5,bay_of_bengal_15n90e,15.0,90.0,0,LOW,0.9238048791885376,7.782541275024414
2026-02-24 12:00:00,7.969762417199999,263.1,25.69,25.42,78.1,1009.6,bay_of_bengal_15n90e,15.0,90.0,0,LOW,0.9663008451461792,7.117166519165039
2026-02-25 12:00:00,8.941684663199998,216.7,25.67,25.88,81.6,1010.4,bay_of_bengal_15n90e,15.0,90.0,0,LOW,0.9335542321205139,8.500297546386719
2026-02-26 12:00:00,7.775377968,193.5,25.49,26.02,83.5,1009.3,bay_of_bengal_15n90e,15.0,90.0,0,LOW,1.01473069190979,9.7980375289917
2026-02-27 12:00:00,5.6371490267999995,199.8,25.64,26.14,80.0,1008.4,bay_of_bengal_15n90e,15.0,90.0,0,LOW,1.0446455478668213,9.511979103088379
2026-02-28 12:00:00,3.887688984,166.3,25.73,26.44,75.7,1009.1,bay_of_bengal_15n90e,15.0,90.0,0,LOW,0.9106566905975342,9.86391830444336
2026-03-01 12:00:00,3.1101511872,186.9,26.11,26.53,73.0,1009.8,bay_of_bengal_15n90e,15.0,90.0,0,LOW,0.843338668346405,10.134800910949707
2026-03-02 12:00:00,1.7494600428,197.2,26.29,26.73,71.0,1011.2,bay_of_bengal_15n90e,15.0,90.0,0,LOW,0.7555544376373291,9.934410095214844
2026-03-03 12:00:00,2.915766738,107.2,26.45,27.0,72.6,1011.8,bay_of_bengal_15n90e,15.0,90.0,0,LOW,0.7454608082771301,9.938933372497559
2026-03-04 12:00:00,5.831533476,113.6,26.34,27.0,76.5,1011.3,bay_of_bengal_15n90e,15.0,90.0,0,LOW,0.9533933997154236,11.27043342590332
2026-03-05 12:00:00,6.6090712728,74.8,26.14,26.92,80.8,1009.5,bay_of_bengal_15n90e,15.0,90.0,0,LOW,1.0917167663574219,10.939874649047852
2026-03-06 12:00:00,5.0539956792,40.4,26.13,27.03,79.2,1010.3,bay_of_bengal_15n90e,15.0,90.0,0,LOW,1.2410715818405151,10.639547348022461
2026-03-07 12:00:00,2.7213822887999997,349.3,26.14,27.3,74.9,1012.0,bay_of_bengal_15n90e,15.0,90.0,0,LOW,1.0503947734832764,9.55272388458252
2026-03-08 12:00:00,5.6371490267999995,251.7,26.35,27.35,74.1,1012.3,bay_of_bengal_15n90e,15.0,90.0,0,LOW,0.8498567342758179,9.21501350402832
2026-03-09 12:00:00,7.969762417199999,231.9,26.42,27.08,79.6,1012.7,bay_of_bengal_15n90e,15.0,90.0,0,LOW,0.827587902545929,7.905364990234375
2026-03-10 12:00:00,7.5809935188,221.7,26.61,26.84,84.3,1013.2,bay_of_bengal_15n90e,15.0,90.0,0,LOW,0.9034880995750427,8.582018852233887
2026-03-11 12:00:00,3.4989200856,229.0,27.37,27.57,75.7,1011.9,bay_of_bengal_15n90e,15.0,90.0,0,LOW,0.7503146529197693,9.84009838104248
2026-03-12 12:00:00,2.3326133903999997,305.7,27.82,27.79,68.7,1010.5,bay_of_bengal_15n90e,15.0,90.0,0,LOW,0.8481035232543945,11.159908294677734
2026-03-13 12:00:00,4.0820734332,313.8,27.31,27.82,80.4,1010.7,bay_of_bengal_15n90e,15.0,90.0,0,LOW,0.7499280571937561,10.097957611083984
2026-03-14 12:00:00,4.470842331599999,290.6,27.65,28.04,79.6,1012.6,bay_of_bengal_15n90e,15.0,90.0,0,LOW,0.8384065628051758,9.650613784790039
2026-03-15 12:00:00,6.0259179252,297.1,27.8,28.07,80.8,1012.3,bay_of_bengal_15n90e,15.0,90.0,0,LOW,1.0758295059204102,11.880274772644043
2026-03-16 12:00:00,5.0539956792,282.8,27.99,28.18,78.8,1011.4,bay_of_bengal_15n90e,15.0,90.0,0,LOW,1.4059650897979736,12.95959186553955
2026-03-17 12:00:00,6.6090712728,279.4,27.77,28.08,78.1,1011.4,bay_of_bengal_15n90e,15.0,90.0,0,LOW,1.322343111038208,11.703923225402832
2026-03-18 12:00:00,4.665226780799999,258.5,27.73,28.26,76.5,1012.1,bay_of_bengal_15n90e,15.0,90.0,0,LOW,1.1858998537063599,11.109484672546387
2026-03-19 12:00:00,3.1101511872,276.9,27.68,28.19,76.5,1011.6,bay_of_bengal_15n90e,15.0,90.0,0,LOW,1.0503120422363281,10.502494812011719
2026-03-20 12:00:00,3.887688984,352.5,27.95,28.6,73.4,1010.6,bay_of_bengal_15n90e,15.0,90.0,0,LOW,1.0287210941314697,10.001876831054688
2026-03-21 12:00:00,3.6933045348,43.8,27.79,28.81,74.1,1011.1,bay_of_bengal_15n90e,15.0,90.0,0,LOW,0.9054325222969055,9.55900764465332
2026-03-22 12:00:00,4.0820734332,202.8,27.7,28.82,71.4,1011.8,bay_of_bengal_15n90e,15.0,90.0,0,LOW,0.8431696891784668,9.566922187805176
2026-03-23 12:00:00,5.0539956792,233.8,27.82,28.88,71.4,1011.5,bay_of_bengal_15n90e,15.0,90.0,0,LOW,0.7832576632499695,10.612848281860352
2026-03-24 12:00:00,5.0539956792,220.4,27.64,28.81,72.2,1010.4,bay_of_bengal_15n90e,15.0,90.0,0,LOW,0.8388381600379944,11.244321823120117
2026-03-25 12:00:00,4.665226780799999,216.7,27.69,28.94,71.0,1010.9,bay_of_bengal_15n90e,15.0,90.0,0,LOW,0.9786967039108276,12.1015043258667
2026-03-26 12:00:00,6.0259179252,198.4,27.85,28.74,76.1,1010.5,bay_of_bengal_15n90e,15.0,90.0,0,LOW,1.0300081968307495,8.838138580322266
2026-03-27 12:00:00,3.887688984,129.4,27.92,29.16,74.9,1009.2,bay_of_bengal_15n90e,15.0,90.0,0,LOW,0.8420959711074829,9.66683578491211
2026-03-28 12:00:00,2.7213822887999997,57.8,28.31,29.49,72.2,1008.5,bay_of_bengal_15n90e,15.0,90.0,0,LOW,0.8130637407302856,9.710301399230957
2026-03-29 12:00:00,4.470842331599999,20.6,28.2,29.48,73.7,1009.1,bay_of_bengal_15n90e,15.0,90.0,0,LOW,0.8662083148956299,9.7203369140625
2026-03-30 12:00:00,2.915766738,62.2,28.21,29.36,74.9,1010.1,bay_of_bengal_15n90e,15.0,90.0,0,LOW,0.8316441178321838,9.39004135131836
2026-03-31 12:00:00,3.887688984,242.2,28.58,29.7,73.0,1010.8,bay_of_bengal_15n90e,15.0,90.0,0,LOW,0.8316638469696045,9.660591125488281
2026-04-01 12:00:00,3.4989200856,261.7,28.68,29.71,71.4,1010.7,bay_of_bengal_15n90e,15.0,90.0,0,LOW,0.8321642279624939,9.681859016418457
2026-04-02 12:00:00,3.1101511872,162.8,28.68,29.74,74.5,1010.9,bay_of_bengal_15n90e,15.0,90.0,0,LOW,0.9502090811729431,9.871370315551758
2026-04-03 12:00:00,5.0539956792,113.2,28.83,30.13,75.7,1010.2,bay_of_bengal_15n90e,15.0,90.0,0,LOW,0.8930814862251282,10.077803611755371
2026-04-04 12:00:00,5.2483801284,111.4,28.98,29.94,76.1,1008.9,bay_of_bengal_15n90e,15.0,90.0,0,LOW,0.8829196691513062,9.68952751159668
2026-04-05 12:00:00,3.6933045348,124.3,29.09,30.16,75.3,1008.9,bay_of_bengal_15n90e,15.0,90.0,0,LOW,1.0711787939071655,9.646032333374023
2026-04-06 12:00:00,5.0539956792,33.8,29.49,30.23,73.7,1010.1,bay_of_bengal_15n90e,15.0,90.0,0,LOW,1.0239081382751465,10.097502708435059
2026-04-07 12:00:00,5.6371490267999995,58.5,29.17,30.19,69.4,1010.1,bay_of_bengal_15n90e,15.0,90.0,0,LOW,1.0090664625167847,9.426422119140625
2026-04-08 12:00:00,7.5809935188,17.2,29.12,29.99,74.1,1010.2,bay_of_bengal_15n90e,15.0,90.0,0,LOW,0.9120402336120605,9.29519271850586
2026-04-09 12:00:00,7.1922246204,37.0,29.41,29.84,75.7,1011.0,bay_of_bengal_15n90e,15.0,90.0,0,LOW,0.8499332070350647,8.662726402282715
2026-04-10 12:00:00,4.85961123,68.8,29.56,30.24,73.0,1011.4,bay_of_bengal_15n90e,15.0,90.0,0,LOW,0.8767492175102234,9.738929748535156
2026-04-11 12:00:00,4.470842331599999,130.0,29.3,30.41,74.1,1010.5,bay_of_bengal_15n90e,15.0,90.0,0,LOW,0.9349085092544556,10.254199981689453
2026-04-12 12:00:00,2.7213822887999997,98.3,29.33,30.53,73.4,1009.3,bay_of_bengal_15n90e,15.0,90.0,0,LOW,0.992689311504364,11.036789894104004
2026-04-13 12:00:00,4.2764578824,77.5,29.51,30.94,73.0,1010.3,bay_of_bengal_15n90e,15.0,90.0,0,LOW,1.023392677307129,11.660972595214844
2026-04-14 12:00:00,5.0539956792,40.4,29.7,30.77,68.3,1009.5,bay_of_bengal_15n90e,15.0,90.0,0,LOW,1.0364065170288086,11.694494247436523
2026-04-15 12:00:00,6.2203023744,43.8,29.38,30.12,69.8,1008.4,bay_of_bengal_15n90e,15.0,90.0,0,LOW,1.040271282196045,10.863237380981445
2026-04-16 12:00:00,5.0539956792,40.4,29.35,30.17,71.8,1008.9,bay_of_bengal_15n90e,15.0,90.0,0,LOW,1.088301658630371,10.933086395263672
2026-04-17 12:00:00,2.1382289412,25.4,29.7,30.18,70.2,1009.3,bay_of_bengal_15n90e,15.0,90.0,0,LOW,1.1013038158416748,11.07052993774414
2026-04-18 12:00:00,3.4989200856,38.6,29.87,30.24,68.7,1008.9,bay_of_bengal_15n90e,15.0,90.0,0,LOW,1.0481643676757812,10.430776596069336
2026-04-19 12:00:00,7.3866090696,48.2,29.48,30.23,71.4,1008.7,bay_of_bengal_15n90e,15.0,90.0,0,LOW,1.036728858947754,10.134222984313965
2026-04-20 12:00:00,8.358531315599999,57.4,29.44,29.59,73.0,1008.6,bay_of_bengal_15n90e,15.0,90.0,0,LOW,1.0382733345031738,9.00623607635498
2026-04-21 12:00:00,9.71922246,62.2,29.71,29.91,74.1,1007.9,bay_of_bengal_15n90e,15.0,90.0,1,MODERATE,1.1189794540405273,9.197591781616211
2026-04-22 12:00:00,10.1079913584,68.2,29.36,29.79,76.9,1007.5,bay_of_bengal_15n90e,15.0,90.0,1,MODERATE,1.0754574537277222,8.822273254394531
2026-04-23 12:00:00,8.5529157648,67.0,29.24,29.84,78.8,1007.2,bay_of_bengal_15n90e,15.0,90.0,1,MODERATE,1.0942587852478027,9.573573112487793
2026-04-24 12:00:00,6.414686823599999,70.4,29.33,29.9,76.5,1008.0,bay_of_bengal_15n90e,15.0,90.0,0,LOW,1.0678787231445312,10.605433464050293
2026-04-25 12:00:00,3.887688984,76.3,29.5,30.32,73.0,1009.2,bay_of_bengal_15n90e,15.0,90.0,0,LOW,1.1470420360565186,11.484623908996582
2026-04-26 12:00:00,5.0539956792,27.4,29.54,30.46,72.2,1008.3,bay_of_bengal_15n90e,15.0,90.0,0,LOW,1.202980875968933,11.586894989013672
2026-04-27 12:00:00,9.5248380108,23.2,30.17,30.42,73.4,1007.4,bay_of_bengal_15n90e,15.0,90.0,1,MODERATE,1.2581055164337158,11.144302368164062
2026-04-28 12:00:00,9.5248380108,43.8,30.52,30.45,80.0,1007.4,bay_of_bengal_15n90e,15.0,90.0,1,MODERATE,1.4258124828338623,8.909955024719238
2026-04-29 12:00:00,6.9978401712,22.4,29.8,30.42,78.1,1008.2,bay_of_bengal_15n90e,15.0,90.0,0,LOW,1.3463494777679443,9.648226737976074
2026-04-30 12:00:00,7.5809935188,358.8,29.06,30.14,78.8,1009.0,bay_of_bengal_15n90e,15.0,90.0,0,LOW,1.2249493598937988,10.168688774108887
2026-05-01 12:00:00,4.470842331599999,337.0,28.77,30.13,76.5,1008.4,bay_of_bengal_15n90e,15.0,90.0,0,LOW,1.2772777080535889,9.809377670288086
2026-05-02 12:00:00,11.4686825028,31.4,30.15,30.18,77.7,1006.8,bay_of_bengal_15n90e,15.0,90.0,1,MODERATE,1.3866618871688843,9.136303901672363
2026-05-03 12:00:00,4.2764578824,358.8,29.74,30.25,77.7,1008.1,bay_of_bengal_15n90e,15.0,90.0,0,LOW,1.3431437015533447,9.702260971069336
2026-05-04 12:00:00,6.803455722,341.4,29.51,30.14,78.8,1008.7,bay_of_bengal_15n90e,15.0,90.0,0,LOW,1.1851556301116943,9.43476390838623
2026-05-05 12:00:00,4.2764578824,297.9,30.01,30.48,74.9,1008.8,bay_of_bengal_15n90e,15.0,90.0,0,LOW,1.0799633264541626,9.843986511230469
2026-05-06 12:00:00,7.1922246204,295.4,29.98,30.55,76.5,1007.8,bay_of_bengal_15n90e,15.0,90.0,1,MODERATE,1.152281641960144,10.901274681091309
2026-05-07 12:00:00,6.6090712728,243.8,28.92,30.42,79.2,1008.4,bay_of_bengal_15n90e,15.0,90.0,0,LOW,1.3427437543869019,11.300782203674316
2026-05-08 12:00:00,8.941684663199998,253.5,29.23,30.13,77.3,1008.4,bay_of_bengal_15n90e,15.0,90.0,0,LOW,1.4338157176971436,11.52701473236084
2026-05-09 12:00:00,6.2203023744,300.4,28.3,29.85,80.8,1008.5,bay_of_bengal_15n90e,15.0,90.0,0,LOW,1.4826762676239014,10.538955688476562
2026-05-10 12:00:00,9.71922246,271.1,28.68,30.07,80.8,1007.4,bay_of_bengal_15n90e,15.0,90.0,1,MODERATE,1.2906451225280762,9.487025260925293
2026-05-11 12:00:00,5.831533476,313.8,27.41,29.87,85.9,1007.5,bay_of_bengal_15n90e,15.0,90.0,1,MODERATE,1.1544506549835205,8.158134460449219
2026-05-12 12:00:00,8.941684663199998,320.9,28.06,29.94,84.7,1005.9,bay_of_bengal_15n90e,15.0,90.0,1,MODERATE,1.2267704010009766,8.713950157165527
2026-05-13 12:00:00,11.2742980536,327.8,28.4,29.88,83.5,1004.2,bay_of_bengal_15n90e,15.0,90.0,1,MODERATE,1.7366403341293335,9.078825950622559
2026-05-14 12:00:00,9.1360691124,358.8,29.61,30.07,81.2,1003.9,bay_of_bengal_15n90e,15.0,90.0,1,MODERATE,1.7249445915222168,9.372718811035156
2026-05-15 12:00:00,7.775377968,22.8,29.64,30.06,79.2,1004.3,bay_of_bengal_15n90e,15.0,90.0,1,MODERATE,1.8868603706359863,8.904252052307129
2026-05-16 12:00:00,8.941684663199998,27.6,29.93,30.06,83.1,1005.2,bay_of_bengal_15n90e,15.0,90.0,1,MODERATE,1.9303220510482788,9.4365234375
2026-05-17 12:00:00,8.747300214,53.0,30.0,30.18,81.6,1006.0,bay_of_bengal_15n90e,15.0,90.0,1,MODERATE,1.7939214706420898,9.247766494750977
2026-05-18 12:00:00,11.663066952,58.8,30.15,30.16,83.1,1005.9,bay_of_bengal_15n90e,15.0,90.0,1,MODERATE,1.748107671737671,8.47376537322998
2026-05-19 12:00:00,13.0237580964,62.2,30.26,30.22,83.1,1005.1,bay_of_bengal_15n90e,15.0,90.0,1,MODERATE,1.6555635929107666,9.051146507263184
2026-05-20 12:00:00,13.4125269948,55.6,30.36,30.39,84.7,1003.6,bay_of_bengal_15n90e,15.0,90.0,1,MODERATE,1.9586405754089355,8.591641426086426
2026-05-21 12:00:00,11.0799136044,43.8,30.43,30.45,85.9,1004.6,bay_of_bengal_15n90e,15.0,90.0,1,MODERATE,1.8803778886795044,8.833667755126953
2026-05-22 12:00:00,10.8855291552,36.5,30.23,30.5,85.5,1006.2,bay_of_bengal_15n90e,15.0,90.0,1,MODERATE,1.7060060501098633,8.611316680908203
2026-05-23 12:00:00,8.747300214,9.1,29.29,30.46,82.4,1006.6,bay_of_bengal_15n90e,15.0,90.0,1,MODERATE,1.9090232849121094,8.304051399230957
2026-05-24 12:00:00,9.9136069092,17.2,30.1,30.4,82.4,1007.2,bay_of_bengal_15n90e,15.0,90.0,1,MODERATE,1.518897533416748,8.28771686553955
2026-05-25 12:00:00,13.2181425456,36.7,30.33,30.53,84.3,1007.3,bay_of_bengal_15n90e,15.0,90.0,1,MODERATE,1.6195722818374634,7.653979301452637
2026-05-26 12:00:00,9.9136069092,24.4,29.72,30.63,82.4,1007.1,bay_of_bengal_15n90e,15.0,90.0,1,MODERATE,1.7357008457183838,7.519963264465332
2026-05-27 12:00:00,8.358531315599999,40.0,30.43,30.76,76.5,1007.2,bay_of_bengal_15n90e,15.0,90.0,1,MODERATE,1.7831668853759766,9.486082077026367
2026-05-28 12:00:00,10.691144706,34.8,29.38,30.66,80.4,1007.1,bay_of_bengal_15n90e,15.0,90.0,1,MODERATE,2.0193049907684326,10.75155258178711
2026-05-29 12:00:00,10.4967602568,49.8,30.29,30.68,84.3,1006.4,bay_of_bengal_15n90e,15.0,90.0,1,MODERATE,2.200969934463501,10.717549324035645
2026-05-30 12:00:00,9.5248380108,71.9,30.33,30.69,82.4,1006.2,bay_of_bengal_15n90e,15.0,90.0,1,MODERATE,1.9898018836975098,10.313145637512207
2026-05-31 12:00:00,8.941684663199998,50.9,30.28,30.63,80.0,1007.2,bay_of_bengal_15n90e,15.0,90.0,1,MODERATE,1.8876254558563232,9.770771980285645
2026-06-01 12:00:00,8.358531315599999,69.5,30.4,30.61,82.0,1007.8,bay_of_bengal_15n90e,15.0,90.0,1,MODERATE,1.5860483646392822,8.769627571105957
2026-06-02 12:00:00,12.634989198,70.9,30.59,30.76,81.2,1006.6,bay_of_bengal_15n90e,15.0,90.0,1,MODERATE,1.5326292514801025,8.653172492980957
2026-06-03 12:00:00,14.57883369,70.4,30.68,30.95,79.6,1005.1,bay_of_bengal_15n90e,15.0,90.0,1,MODERATE,1.7898755073547363,7.641426086425781
2026-06-04 12:00:00,15.550755936,65.4,30.76,30.92,80.4,1004.2,bay_of_bengal_15n90e,15.0,90.0,1,MODERATE,1.9888603687286377,7.8665618896484375
2026-06-05 12:00:00,14.7732181392,60.9,30.82,30.81,82.4,1003.6,bay_of_bengal_15n90e,15.0,90.0,1,MODERATE,2.1586694717407227,8.433770179748535
2026-06-06 12:00:00,16.522678182,51.4,30.83,30.73,82.4,1005.2,bay_of_bengal_15n90e,15.0,90.0,1,MODERATE,2.1324269771575928,7.874155044555664
2026-06-07 12:00:00,17.883369326399997,45.5,30.83,30.79,80.8,1006.2,bay_of_bengal_15n90e,15.0,90.0,1,MODERATE,2.330779790878296,8.411430358886719
2026-06-08 12:00:00,18.466522674,54.8,30.82,30.74,80.8,1005.3,bay_of_bengal_15n90e,15.0,90.0,1,MODERATE,2.6977765560150146,8.80518913269043
2026-06-09 12:00:00,17.883369326399997,60.6,30.8,30.7,81.6,1004.2,bay_of_bengal_15n90e,15.0,90.0,1,MODERATE,2.374001979827881,8.231795310974121
2026-06-10 12:00:00,18.0777537756,61.1,30.62,30.45,82.7,1003.7,bay_of_bengal_15n90e,15.0,90.0,1,MODERATE,2.260502338409424,7.695839881896973
2026-06-11 12:00:00,8.5529157648,342.9,27.47,30.12,87.8,1005.6,bay_of_bengal_15n90e,15.0,90.0,1,MODERATE,2.531494617462158,8.209273338317871
2026-06-12 12:00:00,14.7732181392,37.5,28.04,30.09,84.7,1007.7,bay_of_bengal_15n90e,15.0,90.0,1,MODERATE,2.4724173545837402,8.089763641357422
2026-06-13 12:00:00,14.1900647916,56.0,29.04,30.08,84.3,1007.0,bay_of_bengal_15n90e,15.0,90.0,1,MODERATE,2.6756386756896973,9.490059852600098
2026-06-14 12:00:00,14.9676025884,57.6,29.17,30.08,83.5,1005.3,bay_of_bengal_15n90e,15.0,90.0,1,MODERATE,2.4509589672088623,8.242138862609863
2026-06-15 12:00:00,15.550755936,42.8,29.99,30.34,83.1,1005.4,bay_of_bengal_15n90e,15.0,90.0,1,MODERATE,2.1187613010406494,7.846870422363281
2026-06-16 12:00:00,12.0518358504,41.2,28.6,30.19,83.1,1006.7,bay_of_bengal_15n90e,15.0,90.0,1,MODERATE,2.119019031524658,7.980368614196777
2026-06-17 12:00:00,13.606911444,39.2,28.5,30.19,82.4,1007.6,bay_of_bengal_15n90e,15.0,90.0,1,MODERATE,1.9430763721466064,7.897253036499023
2026-06-18 12:00:00,13.0237580964,33.0,28.68,29.89,82.0,1007.4,bay_of_bengal_15n90e,15.0,90.0,1,MODERATE,1.7421016693115234,7.387816429138184
2026-06-19 12:00:00,12.0518358504,43.8,29.31,29.95,82.4,1007.4,bay_of_bengal_15n90e,15.0,90.0,1,MODERATE,1.760425329208374,7.564212799072266
2026-06-20 12:00:00,13.9956803424,49.4,29.1,29.79,84.3,1007.8,bay_of_bengal_15n90e,15.0,90.0,1,MODERATE,1.6255292892456055,7.619298934936523
2026-06-21 12:00:00,13.606911444,43.8,28.84,29.67,83.9,1007.9,bay_of_bengal_15n90e,15.0,90.0,1,MODERATE,2.1334290504455566,7.857134819030762
2026-06-22 12:00:00,15.7451403852,52.8,28.81,29.69,84.7,1007.4,bay_of_bengal_15n90e,15.0,90.0,1,MODERATE,2.3502511978149414,7.860781669616699
2026-06-23 12:00:00,13.4125269948,45.0,29.13,29.75,84.7,1005.6,bay_of_bengal_15n90e,15.0,90.0,1,MODERATE,1.994300365447998,7.856307029724121
2026-06-24 12:00:00,15.550755936,55.9,29.74,29.69,84.7,1005.4,bay_of_bengal_15n90e,15.0,90.0,1,MODERATE,1.9294615983963013,7.745203971862793
2026-06-25 12:00:00,12.2462202996,45.1,29.48,29.69,83.9,1006.0,bay_of_bengal_15n90e,15.0,90.0,1,MODERATE,1.7569530010223389,7.4544677734375
2026-06-26 12:00:00,14.1900647916,41.6,29.85,29.73,84.3,1006.0,bay_of_bengal_15n90e,15.0,90.0,1,MODERATE,1.5805995464324951,7.1937456130981445
2026-06-27 12:00:00,14.1900647916,46.0,29.88,29.86,82.7,1005.8,bay_of_bengal_15n90e,15.0,90.0,1,MODERATE,1.6914114952087402,8.309659004211426
2026-06-28 12:00:00,11.0799136044,40.9,29.68,29.9,83.5,1005.7,bay_of_bengal_15n90e,15.0,90.0,1,MODERATE,2.098815441131592,9.068488121032715
2026-06-29 12:00:00,13.4125269948,200.9,29.96,29.85,82.7,1005.0,bay_of_bengal_15n90e,15.0,90.0,1,MODERATE,2.2829337120056152,8.868412017822266
2026-06-30 12:00:00,12.4406047488,184.2,29.94,29.88,83.5,1004.2,bay_of_bengal_15n90e,15.0,90.0,1,MODERATE,2.1719908714294434,8.791671752929688
2026-07-01 12:00:00,13.9956803424,194.8,29.94,29.87,84.3,1003.2,bay_of_bengal_15n90e,15.0,90.0,1,MODERATE,2.40177321434021,8.713220596313477
2026-07-02 12:00:00,9.1360691124,204.3,29.33,29.75,85.1,1003.0,bay_of_bengal_15n90e,15.0,90.0,1,MODERATE,2.5826752185821533,8.141916275024414
2026-07-03 12:00:00,10.3023758076,231.5,29.12,29.66,83.9,1002.6,bay_of_bengal_15n90e,15.0,90.0,2,HIGH,3.383852243423462,7.7484130859375
2026-07-04 12:00:00,17.6889848772,208.7,29.52,29.55,83.1,1001.5,bay_of_bengal_15n90e,15.0,90.0,2,HIGH,3.6507644653320312,8.227888107299805
2026-07-05 12:00:00,16.1339092836,177.4,29.99,29.48,82.0,1003.4,bay_of_bengal_15n90e,15.0,90.0,2,HIGH,3.2232718467712402,8.274068832397461
2026-07-06 12:00:00,14.1900647916,177.2,29.82,29.6,80.4,1005.6,bay_of_bengal_15n90e,15.0,90.0,1,MODERATE,2.6884191036224365,7.86638069152832
2026-07-07 12:00:00,13.4125269948,229.6,29.73,29.6,79.6,1007.1,bay_of_bengal_15n90e,15.0,90.0,1,MODERATE,2.3234663009643555,7.462743759155273
2026-07-08 12:00:00,4.470842331599999,227.6,29.67,29.57,80.4,1006.9,bay_of_bengal_15n90e,15.0,90.0,1,MODERATE,2.1908159255981445,7.339466094970703
2026-07-09 12:00:00,8.358531315599999,260.7,29.66,29.54,81.2,1007.4,bay_of_bengal_15n90e,15.0,90.0,1,MODERATE,2.1972696781158447,7.818988800048828
2026-07-10 12:00:00,6.6090712728,23.8,29.4,29.58,82.4,1006.9,bay_of_bengal_15n90e,15.0,90.0,1,MODERATE,2.5598857402801514,7.765345573425293
2026-07-11 12:00:00,4.85961123,248.8,29.76,29.59,84.7,1004.5,bay_of_bengal_15n90e,15.0,90.0,1,MODERATE,2.4270105361938477,7.648410797119141
2026-07-12 12:00:00,4.665226780799999,88.8,29.8,29.58,85.1,1003.0,bay_of_bengal_15n90e,15.0,90.0,1,MODERATE,2.3330185413360596,7.403994560241699
2026-07-13 12:00:00,5.442764577599999,354.4,29.83,29.62,85.1,1002.3,bay_of_bengal_15n90e,15.0,90.0,1,MODERATE,2.4039108753204346,7.218663215637207
2026-07-14 12:00:00,2.7213822887999997,358.8,29.73,29.62,84.7,1002.2,bay_of_bengal_15n90e,15.0,90.0,1,MODERATE,2.748518228530884,7.7124834060668945
2026-07-15 12:00:00,2.915766738,242.2,29.14,29.56,85.5,1004.2,bay_of_bengal_15n90e,15.0,90.0,2,HIGH,2.8929481506347656,8.33311939239502
2026-07-16 12:00:00,6.414686823599999,208.5,29.72,29.56,82.7,1006.1,bay_of_bengal_15n90e,15.0,90.0,2,HIGH,2.8210902214050293,8.428696632385254
2026-07-17 12:00:00,7.5809935188,184.8,29.62,29.57,80.4,1006.9,bay_of_bengal_15n90e,15.0,90.0,1,MODERATE,2.4032020568847656,7.7348175048828125
2026-07-18 12:00:00,6.2203023744,202.0,29.26,29.6,80.4,1006.3,bay_of_bengal_15n90e,15.0,90.0,1,MODERATE,2.1347591876983643,7.3136186599731445
2026-07-19 12:00:00,7.5809935188,181.8,28.7,29.57,83.9,1006.2,bay_of_bengal_15n90e,15.0,90.0,1,MODERATE,1.902437686920166,7.2822065353393555
2026-07-20 12:00:00,8.747300214,189.1,28.74,29.5,82.7,1006.3,bay_of_bengal_15n90e,15.0,90.0,1,MODERATE,2.167825698852539,7.3135271072387695
2026-07-21 12:00:00,5.831533476,235.1,29.1,29.37,82.4,1006.5,bay_of_bengal_15n90e,15.0,90.0,1,MODERATE,2.3562636375427246,8.253288269042969
2026-07-22 12:00:00,5.0539956792,227.2,29.54,29.41,83.1,1007.6,bay_of_bengal_15n90e,15.0,90.0,1,MODERATE,2.300931453704834,8.836069107055664
2026-07-23 12:00:00,5.6371490267999995,199.8,29.49,29.41,82.7,1007.1,bay_of_bengal_15n90e,15.0,90.0,1,MODERATE,1.9138569831848145,7.628139495849609
2026-07-24 12:00:00,12.2462202996,209.4,29.32,29.41,83.1,1005.4,bay_of_bengal_15n90e,15.0,90.0,1,MODERATE,1.9679327011108398,6.837318420410156
2026-07-25 12:00:00,10.691144706,207.2,29.43,29.39,83.9,1003.7,bay_of_bengal_15n90e,15.0,90.0,1,MODERATE,2.352595090866089,6.840522766113281
2026-07-26 12:00:00,14.1900647916,219.4,29.41,29.38,83.5,1002.5,bay_of_bengal_15n90e,15.0,90.0,2,HIGH,3.001666307449341,7.687251091003418
2026-07-27 12:00:00,13.4125269948,208.3,29.31,29.32,83.1,1002.2,bay_of_bengal_15n90e,15.0,90.0,2,HIGH,2.8196206092834473,7.641657829284668
2026-07-28 12:00:00,11.2742980536,199.1,29.48,29.35,83.5,1002.6,bay_of_bengal_15n90e,15.0,90.0,1,MODERATE,2.6540772914886475,7.445616722106934
2026-07-29 12:00:00,12.0518358504,191.9,29.66,29.44,83.1,1002.6,bay_of_bengal_15n90e,15.0,90.0,1,MODERATE,2.3873841762542725,7.653141021728516
2026-07-30 12:00:00,10.1079913584,181.0,29.28,29.37,84.7,1003.0,bay_of_bengal_15n90e,15.0,90.0,1,MODERATE,2.4427480697631836,8.111997604370117
2026-07-31 12:00:00,8.747300214,168.5,29.56,29.44,83.1,1004.4,bay_of_bengal_15n90e,15.0,90.0,1,MODERATE,2.2858314514160156,8.553239822387695
2026-08-01 12:00:00,9.9136069092,202.3,29.51,29.46,84.3,1004.7,bay_of_bengal_15n90e,15.0,90.0,1,MODERATE,2.1361851692199707,8.729918479919434
2026-08-02 12:00:00,5.831533476,162.8,29.44,29.42,85.1,1005.1,bay_of_bengal_15n90e,15.0,90.0,1,MODERATE,1.8139262199401855,9.65761947631836
2026-08-03 12:00:00,1.7494600428,122.5,29.29,29.34,86.3,1005.4,bay_of_bengal_15n90e,15.0,90.0,1,MODERATE,1.5926215648651123,9.171672821044922
2026-08-04 12:00:00,5.2483801284,160.4,29.5,29.42,85.1,1005.5,bay_of_bengal_15n90e,15.0,90.0,1,MODERATE,1.6669127941131592,9.923700332641602
2026-08-05 12:00:00,6.0259179252,178.8,29.68,29.5,85.1,1003.9,bay_of_bengal_15n90e,15.0,90.0,1,MODERATE,1.6208420991897583,9.392571449279785
2026-08-06 12:00:00,11.0799136044,203.6,29.39,29.48,85.5,1002.9,bay_of_bengal_15n90e,15.0,90.0,1,MODERATE,2.02215576171875,8.9923095703125
2026-08-07 12:00:00,11.2742980536,199.1,28.88,29.38,85.5,1002.4,bay_of_bengal_15n90e,15.0,90.0,1,MODERATE,2.3270671367645264,9.493155479431152
2026-08-08 12:00:00,3.6933045348,223.8,28.39,29.37,85.5,1003.7,bay_of_bengal_15n90e,15.0,90.0,2,HIGH,2.9326319694519043,8.869653701782227
2026-08-09 12:00:00,10.3023758076,203.4,29.54,29.4,83.9,1004.6,bay_of_bengal_15n90e,15.0,90.0,1,MODERATE,2.784104585647583,9.186725616455078
2026-08-10 12:00:00,8.5529157648,206.6,29.61,29.42,83.9,1003.5,bay_of_bengal_15n90e,15.0,90.0,2,HIGH,2.863248109817505,8.613958358764648
2026-08-11 12:00:00,12.2462202996,231.6,29.64,29.37,83.5,1003.7,bay_of_bengal_15n90e,15.0,90.0,2,HIGH,2.8821206092834473,8.457648277282715
2026-08-12 12:00:00,10.3023758076,216.1,29.68,29.39,84.3,1005.8,bay_of_bengal_15n90e,15.0,90.0,2,HIGH,2.934751033782959,9.252340316772461
2026-08-13 12:00:00,10.3023758076,198.6,29.43,29.36,82.4,1005.6,bay_of_bengal_15n90e,15.0,90.0,1,MODERATE,2.7067031860351562,9.19258975982666
2026-08-14 12:00:00,6.414686823599999,197.2,29.45,29.43,85.1,1005.2,bay_of_bengal_15n90e,15.0,90.0,1,MODERATE,2.51047682762146,8.473428726196289
2026-08-15 12:00:00,7.969762417199999,184.5,29.46,29.42,84.3,1005.0,bay_of_bengal_15n90e,15.0,90.0,1,MODERATE,2.6430094242095947,8.290519714355469
2026-08-16 12:00:00,5.831533476,194.8,29.68,29.46,83.9,1005.7,bay_of_bengal_15n90e,15.0,90.0,1,MODERATE,2.683823823928833,8.32726764678955
2026-08-17 12:00:00,5.831533476,170.7,29.65,29.52,83.5,1007.5,bay_of_bengal_15n90e,15.0,90.0,1,MODERATE,2.550196647644043,8.017807006835938
2026-08-18 12:00:00,1.7494600428,287.2,29.49,29.54,84.7,1007.3,bay_of_bengal_15n90e,15.0,90.0,1,MODERATE,2.201265811920166,7.606775283813477
2020-01-01 12:00:00,13.8012958932,264.4,28.1,28.14,84.4,,bay_of_bengal_8n90e,8.0,90.0,1,MODERATE,1.5611300468444824,7.326860427856445
2020-01-02 12:00:00,14.7732181392,254.7,28.0,27.99,84.3,,bay_of_bengal_8n90e,8.0,90.0,1,MODERATE,1.792807936668396,7.442915916442871
2020-01-03 12:00:00,13.4125269948,255.0,28.0,27.9,83.4,,bay_of_bengal_8n90e,8.0,90.0,1,MODERATE,1.744458794593811,7.8575897216796875
2020-01-04 12:00:00,11.2742980536,250.9,27.9,28.06,83.6,,bay_of_bengal_8n90e,8.0,90.0,1,MODERATE,1.5178059339523315,8.13860034942627
2020-01-05 12:00:00,11.663066952,249.4,28.0,28.03,82.2,,bay_of_bengal_8n90e,8.0,90.0,0,LOW,1.278630256652832,7.375903129577637
2020-01-06 12:00:00,14.7732181392,236.3,28.1,28.05,80.8,,bay_of_bengal_8n90e,8.0,90.0,0,LOW,1.4234957695007324,6.607492446899414
2020-01-07 12:00:00,15.3563714868,226.0,28.0,28.07,81.8,,bay_of_bengal_8n90e,8.0,90.0,1,MODERATE,1.7438085079193115,6.639813423156738
2020-01-08 12:00:00,12.8293736472,220.7,27.9,28.19,78.5,,bay_of_bengal_8n90e,8.0,90.0,1,MODERATE,1.8051910400390625,7.879106521606445
2020-01-09 12:00:00,11.8574514012,203.2,27.8,28.24,83.0,,bay_of_bengal_8n90e,8.0,90.0,1,MODERATE,1.517859697341919,7.923061370849609
2020-01-10 12:00:00,11.0799136044,221.5,28.1,28.42,85.2,,bay_of_bengal_8n90e,8.0,90.0,0,LOW,1.3168301582336426,7.932441711425781
2020-01-11 12:00:00,15.7451403852,211.3,27.9,28.36,81.6,,bay_of_bengal_8n90e,8.0,90.0,1,MODERATE,1.5084521770477295,6.542708396911621
2020-01-12 12:00:00,13.2181425456,204.3,27.6,28.25,77.7,,bay_of_bengal_8n90e,8.0,90.0,1,MODERATE,1.5555787086486816,7.377591133117676
2020-01-13 12:00:00,13.2181425456,199.8,27.4,28.19,78.0,,bay_of_bengal_8n90e,8.0,90.0,0,LOW,1.4796183109283447,7.240301132202148
2020-01-14 12:00:00,11.663066952,220.9,27.6,28.17,81.4,,bay_of_bengal_8n90e,8.0,90.0,0,LOW,1.3322107791900635,7.6446332931518555
2020-01-15 12:00:00,12.8293736472,238.0,28.0,28.28,82.7,,bay_of_bengal_8n90e,8.0,90.0,0,LOW,1.4042408466339111,7.745907783508301
2020-01-16 12:00:00,13.606911444,243.8,28.0,28.36,80.2,,bay_of_bengal_8n90e,8.0,90.0,1,MODERATE,1.5518666505813599,7.87101936340332
2020-01-17 12:00:00,13.2181425456,243.8,28.1,28.35,82.6,,bay_of_bengal_8n90e,8.0,90.0,0,LOW,1.4305063486099243,8.021830558776855
2020-01-18 12:00:00,14.57883369,227.2,28.0,28.31,83.1,,bay_of_bengal_8n90e,8.0,90.0,1,MODERATE,1.5010437965393066,7.606254577636719
2020-01-19 12:00:00,12.4406047488,228.1,28.1,28.32,81.6,,bay_of_bengal_8n90e,8.0,90.0,0,LOW,1.3991305828094482,7.599635124206543
2020-01-20 12:00:00,13.8012958932,222.7,28.1,28.22,84.4,,bay_of_bengal_8n90e,8.0,90.0,0,LOW,1.453333854675293,7.551390647888184
2020-01-21 12:00:00,13.2181425456,237.0,28.2,28.25,87.5,,bay_of_bengal_8n90e,8.0,90.0,0,LOW,1.4091641902923584,7.927908897399902
2020-01-22 12:00:00,14.7732181392,233.0,28.1,28.24,85.9,,bay_of_bengal_8n90e,8.0,90.0,1,MODERATE,1.6029243469238281,7.326434135437012
2020-01-23 12:00:00,14.7732181392,224.5,28.2,28.19,83.8,,bay_of_bengal_8n90e,8.0,90.0,1,MODERATE,1.8141684532165527,8.373112678527832
2020-01-24 12:00:00,14.3844492408,222.8,28.2,28.31,82.6,,bay_of_bengal_8n90e,8.0,90.0,1,MODERATE,1.6484626531600952,8.551420211791992
2020-01-25 12:00:00,14.57883369,213.1,28.0,28.31,79.9,,bay_of_bengal_8n90e,8.0,90.0,1,MODERATE,1.5966072082519531,7.053937911987305
2020-01-26 12:00:00,13.4125269948,202.1,27.5,28.27,72.0,,bay_of_bengal_8n90e,8.0,90.0,1,MODERATE,1.5000734329223633,7.089700698852539
2020-01-27 12:00:00,11.663066952,205.7,27.1,28.29,64.4,,bay_of_bengal_8n90e,8.0,90.0,0,LOW,1.4324170351028442,9.204222679138184
2020-01-28 12:00:00,11.2742980536,212.3,27.3,28.2,67.0,,bay_of_bengal_8n90e,8.0,90.0,0,LOW,1.325927495956421,8.327693939208984
2020-01-29 12:00:00,14.3844492408,225.5,27.3,28.15,71.7,,bay_of_bengal_8n90e,8.0,90.0,1,MODERATE,1.7212433815002441,7.467999458312988
2020-01-30 12:00:00,11.0799136044,235.8,27.4,28.13,73.2,,bay_of_bengal_8n90e,8.0,90.0,0,LOW,1.2624528408050537,7.045344352722168
2020-01-31 12:00:00,12.2462202996,242.6,27.6,28.07,73.1,,bay_of_bengal_8n90e,8.0,90.0,0,LOW,1.2455904483795166,7.788029670715332
2020-02-01 12:00:00,12.2462202996,232.8,27.9,28.1,75.9,,bay_of_bengal_8n90e,8.0,90.0,0,LOW,1.1477676630020142,6.701528549194336
2020-02-02 12:00:00,13.0237580964,219.6,27.9,28.16,82.3,,bay_of_bengal_8n90e,8.0,90.0,0,LOW,1.2518837451934814,7.085458755493164
2020-02-03 12:00:00,14.9676025884,228.7,27.9,28.18,81.1,,bay_of_bengal_8n90e,8.0,90.0,0,LOW,1.4208688735961914,6.717162132263184
2020-02-04 12:00:00,15.550755936,231.6,27.9,28.25,77.5,,bay_of_bengal_8n90e,8.0,90.0,1,MODERATE,1.6843242645263672,6.554040908813477
2020-02-05 12:00:00,13.2181425456,216.0,27.6,28.34,75.5,,bay_of_bengal_8n90e,8.0,90.0,1,MODERATE,1.5722813606262207,6.892572402954102
2020-02-06 12:00:00,11.663066952,214.2,27.5,28.33,74.7,,bay_of_bengal_8n90e,8.0,90.0,0,LOW,1.4286372661590576,7.750781059265137
2020-02-07 12:00:00,10.691144706,229.4,27.5,28.26,72.8,,bay_of_bengal_8n90e,8.0,90.0,0,LOW,1.2471327781677246,7.752927780151367
2020-02-08 12:00:00,10.1079913584,225.8,27.5,28.27,75.2,,bay_of_bengal_8n90e,8.0,90.0,0,LOW,1.2220765352249146,8.193399429321289
2020-02-09 12:00:00,12.8293736472,224.4,27.7,28.28,77.2,,bay_of_bengal_8n90e,8.0,90.0,0,LOW,1.3644499778747559,7.091538429260254
2020-02-10 12:00:00,14.57883369,216.9,28.0,28.3,79.9,,bay_of_bengal_8n90e,8.0,90.0,0,LOW,1.4371917247772217,6.98138427734375
2020-02-11 12:00:00,16.717062631199997,230.2,28.1,28.27,84.7,,bay_of_bengal_8n90e,8.0,90.0,1,MODERATE,1.7478572130203247,7.169374465942383
2020-02-12 12:00:00,15.939524834399998,219.1,28.2,28.26,82.5,,bay_of_bengal_8n90e,8.0,90.0,1,MODERATE,1.9924465417861938,7.483462333679199
2020-02-13 12:00:00,15.3563714868,211.5,27.9,28.15,78.5,,bay_of_bengal_8n90e,8.0,90.0,1,MODERATE,1.8209995031356812,7.812114715576172
2020-02-14 12:00:00,8.5529157648,205.4,27.7,28.24,81.8,,bay_of_bengal_8n90e,8.0,90.0,0,LOW,1.4335238933563232,9.573534965515137
2020-02-15 12:00:00,9.9136069092,217.8,27.7,28.37,82.4,,bay_of_bengal_8n90e,8.0,90.0,0,LOW,1.3027520179748535,9.126781463623047
2020-02-16 12:00:00,9.5248380108,217.6,27.6,28.44,77.6,,bay_of_bengal_8n90e,8.0,90.0,0,LOW,1.2203320264816284,8.13016414642334
2020-02-17 12:00:00,12.0518358504,213.2,27.4,28.34,70.1,,bay_of_bengal_8n90e,8.0,90.0,0,LOW,1.2881293296813965,6.7339324951171875
2020-02-18 12:00:00,9.9136069092,204.5,27.4,28.54,74.0,,bay_of_bengal_8n90e,8.0,90.0,0,LOW,1.0590404272079468,7.937518119812012
2020-02-19 12:00:00,14.3844492408,214.5,27.8,28.44,82.2,,bay_of_bengal_8n90e,8.0,90.0,0,LOW,1.4183597564697266,7.3915510177612305
2020-02-20 12:00:00,14.57883369,243.8,28.2,28.34,85.3,,bay_of_bengal_8n90e,8.0,90.0,1,MODERATE,2.0183188915252686,8.532689094543457
2020-02-21 12:00:00,16.3282937328,236.7,28.4,28.31,84.1,,bay_of_bengal_8n90e,8.0,90.0,1,MODERATE,2.2411890029907227,7.646429061889648
2025-03-24 12:00:00,7.1922246204,234.8,29.3,29.83,78.2,,bay_of_bengal_8n90e,8.0,90.0,0,LOW,1.2438185214996338,9.368684768676758
2025-03-25 12:00:00,8.1641468664,217.6,29.4,29.82,75.5,,bay_of_bengal_8n90e,8.0,90.0,0,LOW,1.2147440910339355,9.28696060180664
2025-03-26 12:00:00,5.6371490267999995,186.6,29.1,29.85,71.2,,bay_of_bengal_8n90e,8.0,90.0,0,LOW,1.2315380573272705,10.712474822998047
2025-03-27 12:00:00,5.6371490267999995,148.2,28.9,29.73,67.4,,bay_of_bengal_8n90e,8.0,90.0,0,LOW,1.2853310108184814,11.232900619506836
2025-03-28 12:00:00,5.442764577599999,165.5,28.4,29.74,62.0,,bay_of_bengal_8n90e,8.0,90.0,0,LOW,1.3859128952026367,10.45195484161377
2025-03-29 12:00:00,4.665226780799999,241.9,28.0,29.84,62.4,,bay_of_bengal_8n90e,8.0,90.0,0,LOW,1.229928970336914,9.937763214111328
2025-03-30 12:00:00,5.442764577599999,277.2,28.3,29.73,66.2,,bay_of_bengal_8n90e,8.0,90.0,0,LOW,1.1728519201278687,9.724169731140137
2025-03-31 12:00:00,6.6090712728,282.5,28.9,29.58,72.0,,bay_of_bengal_8n90e,8.0,90.0,0,LOW,1.205561876296997,9.633271217346191
2025-04-01 12:00:00,6.803455722,271.9,29.0,29.66,77.8,,bay_of_bengal_8n90e,8.0,90.0,0,LOW,1.077845811843872,9.184614181518555
2025-04-02 12:00:00,6.6090712728,243.5,29.2,29.7,73.9,,bay_of_bengal_8n90e,8.0,90.0,0,LOW,1.165168046951294,9.226280212402344
2025-04-03 12:00:00,6.0259179252,220.8,29.4,29.93,77.4,,bay_of_bengal_8n90e,8.0,90.0,0,LOW,1.0605944395065308,8.72337818145752
2025-04-04 12:00:00,1.943844492,254.5,28.1,29.83,81.2,,bay_of_bengal_8n90e,8.0,90.0,0,LOW,1.1272735595703125,8.742240905761719
2025-04-05 12:00:00,4.0820734332,51.6,27.6,29.94,82.4,,bay_of_bengal_8n90e,8.0,90.0,0,LOW,1.1856101751327515,10.190484046936035
2025-04-06 12:00:00,6.803455722,38.7,27.4,29.69,83.9,,bay_of_bengal_8n90e,8.0,90.0,0,LOW,1.4216034412384033,10.441794395446777
2025-04-07 12:00:00,10.1079913584,2.9,27.4,29.57,83.9,,bay_of_bengal_8n90e,8.0,90.0,0,LOW,1.4408655166625977,8.471505165100098
2025-04-08 12:00:00,12.2462202996,18.6,28.0,29.42,83.6,,bay_of_bengal_8n90e,8.0,90.0,0,LOW,1.4279685020446777,8.335368156433105
2025-04-09 12:00:00,12.2462202996,26.7,28.6,29.38,80.5,,bay_of_bengal_8n90e,8.0,90.0,1,MODERATE,1.508030891418457,8.646856307983398
2025-04-10 12:00:00,12.0518358504,51.3,27.4,29.45,85.5,,bay_of_bengal_8n90e,8.0,90.0,1,MODERATE,1.8477137088775635,8.633574485778809
2025-04-11 12:00:00,15.939524834399998,53.3,28.3,29.39,82.4,,bay_of_bengal_8n90e,8.0,90.0,1,MODERATE,2.3129491806030273,8.036886215209961
2025-04-12 12:00:00,10.1079913584,92.9,29.4,29.51,80.5,,bay_of_bengal_8n90e,8.0,90.0,1,MODERATE,2.0607967376708984,9.624072074890137
2025-04-13 12:00:00,4.665226780799999,115.1,29.2,29.7,80.1,,bay_of_bengal_8n90e,8.0,90.0,1,MODERATE,1.8510382175445557,11.035099029541016
2025-04-14 12:00:00,1.5550755936,70.1,29.5,30.07,77.0,,bay_of_bengal_8n90e,8.0,90.0,1,MODERATE,1.9867161512374878,12.970797538757324
2025-04-15 12:00:00,2.7213822887999997,349.0,29.7,30.2,75.1,,bay_of_bengal_8n90e,8.0,90.0,1,MODERATE,1.7091747522354126,12.240520477294922
2025-04-16 12:00:00,5.6371490267999995,328.2,29.2,30.08,77.8,,bay_of_bengal_8n90e,8.0,90.0,1,MODERATE,1.5321165323257446,11.102289199829102
2025-04-17 12:00:00,7.5809935188,352.5,29.1,29.91,80.1,,bay_of_bengal_8n90e,8.0,90.0,0,LOW,1.329615592956543,9.959444046020508
2025-04-18 12:00:00,5.831533476,54.8,28.8,29.96,81.6,,bay_of_bengal_8n90e,8.0,90.0,0,LOW,1.295387625694275,9.151019096374512
2025-04-19 12:00:00,6.803455722,48.3,28.5,29.84,80.9,,bay_of_bengal_8n90e,8.0,90.0,0,LOW,1.1979069709777832,9.900634765625
2025-04-20 12:00:00,4.470842331599999,66.7,29.1,29.69,80.9,,bay_of_bengal_8n90e,8.0,90.0,0,LOW,1.420343279838562,9.92940902709961
2025-04-21 12:00:00,1.943844492,133.5,29.4,30.31,77.8,,bay_of_bengal_8n90e,8.0,90.0,0,LOW,1.4021422863006592,10.012602806091309
2025-04-22 12:00:00,3.6933045348,115.1,29.4,30.21,76.6,,bay_of_bengal_8n90e,8.0,90.0,0,LOW,1.304619550704956,11.276481628417969
2025-04-23 12:00:00,3.887688984,82.2,29.7,30.6,75.5,,bay_of_bengal_8n90e,8.0,90.0,1,MODERATE,1.7038993835449219,13.476825714111328
2025-04-24 12:00:00,4.0820734332,64.5,29.7,30.36,75.5,,bay_of_bengal_8n90e,8.0,90.0,1,MODERATE,1.560572862625122,12.12983226776123
2025-04-25 12:00:00,2.5269978396,20.3,29.4,30.67,75.5,,bay_of_bengal_8n90e,8.0,90.0,0,LOW,1.330984115600586,10.807188034057617
2025-04-26 12:00:00,3.1101511872,72.5,28.7,30.44,75.9,,bay_of_bengal_8n90e,8.0,90.0,0,LOW,1.1943862438201904,9.999505043029785
2025-04-27 12:00:00,1.5550755936,133.5,29.4,30.94,73.2,,bay_of_bengal_8n90e,8.0,90.0,0,LOW,1.3922374248504639,11.027494430541992
2025-04-28 12:00:00,4.470842331599999,353.3,29.7,30.82,73.2,,bay_of_bengal_8n90e,8.0,90.0,0,LOW,1.4252803325653076,10.7363862991333
2025-04-29 12:00:00,7.969762417199999,25.1,29.5,30.62,77.0,,bay_of_bengal_8n90e,8.0,90.0,1,MODERATE,1.5365428924560547,10.72477912902832
2025-04-30 12:00:00,4.2764578824,59.5,27.7,30.18,83.9,,bay_of_bengal_8n90e,8.0,90.0,0,LOW,1.4465255737304688,10.561615943908691
2025-05-01 12:00:00,6.414686823599999,58.8,29.1,30.32,76.2,,bay_of_bengal_8n90e,8.0,90.0,0,LOW,1.3849284648895264,10.312895774841309
2025-05-02 12:00:00,5.6371490267999995,58.2,29.6,30.6,73.5,,bay_of_bengal_8n90e,8.0,90.0,0,LOW,1.3685047626495361,10.434890747070312
2025-05-03 12:00:00,7.1922246204,85.3,29.2,30.44,79.3,,bay_of_bengal_8n90e,8.0,90.0,0,LOW,1.3909716606140137,10.439210891723633
2025-05-04 12:00:00,5.831533476,72.5,28.7,30.42,81.6,,bay_of_bengal_8n90e,8.0,90.0,0,LOW,1.3761180639266968,9.209628105163574
2025-05-05 12:00:00,9.1360691124,57.5,29.7,30.42,78.2,,bay_of_bengal_8n90e,8.0,90.0,0,LOW,1.124908685684204,8.998688697814941
2025-05-06 12:00:00,6.9978401712,57.5,28.7,30.22,81.6,,bay_of_bengal_8n90e,8.0,90.0,0,LOW,1.2049094438552856,10.623763084411621
2025-05-07 12:00:00,9.3304535616,71.6,28.9,30.14,80.5,,bay_of_bengal_8n90e,8.0,90.0,1,MODERATE,1.6358470916748047,11.603108406066895
2025-05-08 12:00:00,6.9978401712,104.9,28.5,30.04,80.5,,bay_of_bengal_8n90e,8.0,90.0,1,MODERATE,2.069751024246216,9.713065147399902
2025-05-09 12:00:00,5.442764577599999,61.9,29.5,30.36,76.2,,bay_of_bengal_8n90e,8.0,90.0,1,MODERATE,1.7056734561920166,9.58338737487793
2025-05-10 12:00:00,7.5809935188,85.5,29.6,30.3,77.8,,bay_of_bengal_8n90e,8.0,90.0,1,MODERATE,1.5046299695968628,8.363580703735352
2025-05-11 12:00:00,11.8574514012,75.4,29.1,30.1,79.3,,bay_of_bengal_8n90e,8.0,90.0,0,LOW,1.3790311813354492,7.817411422729492
2025-05-12 12:00:00,9.3304535616,58.8,28.4,30.02,82.8,,bay_of_bengal_8n90e,8.0,90.0,0,LOW,1.4719737768173218,8.924595832824707
2025-05-13 12:00:00,8.358531315599999,43.5,28.8,29.94,80.5,,bay_of_bengal_8n90e,8.0,90.0,1,MODERATE,1.7173359394073486,9.735322952270508
2025-05-14 12:00:00,6.2203023744,25.1,29.1,30.02,81.2,,bay_of_bengal_8n90e,8.0,90.0,1,MODERATE,1.6549957990646362,9.636598587036133
2025-05-15 12:00:00,5.2483801284,49.8,28.2,29.81,85.1,,bay_of_bengal_8n90e,8.0,90.0,1,MODERATE,1.8220744132995605,9.555642127990723
2025-05-16 12:00:00,7.1922246204,82.2,28.3,29.82,79.7,,bay_of_bengal_8n90e,8.0,90.0,1,MODERATE,1.883307695388794,9.357011795043945
2025-05-17 12:00:00,9.71922246,38.6,28.5,29.89,82.0,,bay_of_bengal_8n90e,8.0,90.0,1,MODERATE,1.8970117568969727,8.890388488769531
2025-05-18 12:00:00,11.663066952,28.5,28.7,29.91,82.4,,bay_of_bengal_8n90e,8.0,90.0,1,MODERATE,1.8392635583877563,8.215100288391113
2025-05-19 12:00:00,11.0799136044,27.8,28.6,29.9,83.6,,bay_of_bengal_8n90e,8.0,90.0,1,MODERATE,1.699605107307434,8.182580947875977
2025-05-20 12:00:00,13.0237580964,32.7,28.6,29.84,83.2,,bay_of_bengal_8n90e,8.0,90.0,1,MODERATE,1.7181155681610107,7.373207092285156
2025-05-21 12:00:00,11.8574514012,34.2,29.5,29.87,83.6,,bay_of_bengal_8n90e,8.0,90.0,1,MODERATE,1.7600281238555908,8.005500793457031
2025-05-22 12:00:00,12.634989198,53.4,29.7,29.98,83.2,,bay_of_bengal_8n90e,8.0,90.0,1,MODERATE,1.8148605823516846,8.943639755249023
2025-05-23 12:00:00,13.606911444,59.8,29.8,29.97,82.8,,bay_of_bengal_8n90e,8.0,90.0,1,MODERATE,1.9040987491607666,8.76333236694336
2025-05-24 12:00:00,14.9676025884,65.9,28.9,29.95,83.2,,bay_of_bengal_8n90e,8.0,90.0,1,MODERATE,2.249603509902954,8.460522651672363
2025-05-25 12:00:00,15.7451403852,56.4,29.9,29.91,83.9,,bay_of_bengal_8n90e,8.0,90.0,1,MODERATE,2.0254287719726562,8.45317554473877
2025-05-26 12:00:00,18.2721382248,48.5,29.9,29.94,83.6,,bay_of_bengal_8n90e,8.0,90.0,1,MODERATE,2.1664295196533203,7.657238960266113
2025-05-27 12:00:00,19.43844492,49.8,30.0,29.93,82.0,,bay_of_bengal_8n90e,8.0,90.0,1,MODERATE,2.3988687992095947,7.191709518432617
2025-05-28 12:00:00,20.410367166,46.5,30.1,29.93,80.9,,bay_of_bengal_8n90e,8.0,90.0,1,MODERATE,2.7525975704193115,7.317808151245117
2025-05-29 12:00:00,19.6328293692,39.6,30.0,29.85,80.1,,bay_of_bengal_8n90e,8.0,90.0,2,HIGH,2.918153762817383,9.176560401916504
2025-05-30 12:00:00,17.883369326399997,38.3,30.0,29.84,80.5,,bay_of_bengal_8n90e,8.0,90.0,2,HIGH,2.9827027320861816,9.423954963684082
2025-05-31 12:00:00,18.0777537756,47.8,29.9,29.86,81.2,,bay_of_bengal_8n90e,8.0,90.0,2,HIGH,2.8906538486480713,8.964372634887695
2025-06-01 12:00:00,17.3002159788,55.2,29.8,29.83,82.0,,bay_of_bengal_8n90e,8.0,90.0,1,MODERATE,2.6198930740356445,8.926740646362305
2025-06-02 12:00:00,15.1619870376,47.6,29.5,29.78,83.6,,bay_of_bengal_8n90e,8.0,90.0,1,MODERATE,2.52592396736145,9.049078941345215
2025-06-03 12:00:00,12.8293736472,59.6,29.6,29.8,82.4,,bay_of_bengal_8n90e,8.0,90.0,1,MODERATE,2.0261638164520264,9.075822830200195
2025-06-04 12:00:00,12.2462202996,60.3,29.6,29.87,82.0,,bay_of_bengal_8n90e,8.0,90.0,1,MODERATE,1.956411361694336,10.036974906921387
2025-06-05 12:00:00,12.4406047488,52.3,29.6,29.87,81.2,,bay_of_bengal_8n90e,8.0,90.0,1,MODERATE,2.198392391204834,10.557250022888184
2025-06-06 12:00:00,14.3844492408,56.5,29.7,29.87,80.9,,bay_of_bengal_8n90e,8.0,90.0,1,MODERATE,2.109640598297119,9.700549125671387
2025-06-07 12:00:00,15.550755936,67.0,29.7,29.87,79.7,,bay_of_bengal_8n90e,8.0,90.0,1,MODERATE,2.2497191429138184,9.161397933959961
2025-06-08 12:00:00,17.494600428,65.3,29.8,29.79,77.8,,bay_of_bengal_8n90e,8.0,90.0,1,MODERATE,2.5232675075531006,9.115381240844727
2025-06-09 12:00:00,18.6609071232,60.4,29.8,29.76,78.2,,bay_of_bengal_8n90e,8.0,90.0,2,HIGH,2.8297362327575684,8.587238311767578
2025-06-10 12:00:00,18.8552915724,54.2,29.7,29.75,79.7,,bay_of_bengal_8n90e,8.0,90.0,1,MODERATE,2.6634349822998047,7.96120548248291
2025-06-11 12:00:00,19.2440604708,50.7,29.4,29.73,80.9,,bay_of_bengal_8n90e,8.0,90.0,1,MODERATE,2.750775098800659,8.147909164428711
2025-06-12 12:00:00,18.466522674,36.8,29.1,29.67,82.0,,bay_of_bengal_8n90e,8.0,90.0,2,HIGH,2.8152942657470703,8.238600730895996
2025-06-13 12:00:00,18.6609071232,39.4,29.5,29.56,81.6,,bay_of_bengal_8n90e,8.0,90.0,1,MODERATE,2.6429667472839355,8.39150333404541
2025-06-14 12:00:00,18.0777537756,39.2,29.3,29.59,81.6,,bay_of_bengal_8n90e,8.0,90.0,1,MODERATE,2.3656930923461914,8.331016540527344
2025-06-15 12:00:00,16.9114470804,42.6,29.3,29.55,80.9,,bay_of_bengal_8n90e,8.0,90.0,1,MODERATE,2.334458351135254,8.095686912536621
2025-06-16 12:00:00,16.522678182,38.8,29.3,29.51,80.5,,bay_of_bengal_8n90e,8.0,90.0,1,MODERATE,2.314983367919922,8.370187759399414
2025-06-17 12:00:00,15.550755936,48.5,29.4,29.47,80.5,,bay_of_bengal_8n90e,8.0,90.0,1,MODERATE,2.153264045715332,8.671595573425293
2025-06-18 12:00:00,15.550755936,38.5,29.3,29.51,81.2,,bay_of_bengal_8n90e,8.0,90.0,1,MODERATE,1.9084839820861816,7.460598945617676
2025-06-19 12:00:00,14.9676025884,42.5,29.4,,81.6,,bay_of_bengal_8n90e,8.0,90.0,1,MODERATE,1.6408593654632568,7.630115509033203
2025-06-20 12:00:00,16.522678182,40.7,28.9,29.38,82.8,,bay_of_bengal_8n90e,8.0,90.0,1,MODERATE,2.2740440368652344,9.885912895202637
2025-06-21 12:00:00,17.494600428,56.9,29.1,29.33,82.0,,bay_of_bengal_8n90e,8.0,90.0,1,MODERATE,2.4383463859558105,8.665666580200195
2025-06-22 12:00:00,19.0496760216,51.6,29.1,29.28,82.4,,bay_of_bengal_8n90e,8.0,90.0,1,MODERATE,2.5287365913391113,8.113302230834961
2025-06-23 12:00:00,17.883369326399997,59.2,29.4,29.12,82.4,,bay_of_bengal_8n90e,8.0,90.0,1,MODERATE,2.5698494911193848,8.474983215332031
2025-06-24 12:00:00,16.3282937328,55.9,29.4,29.13,82.0,,bay_of_bengal_8n90e,8.0,90.0,1,MODERATE,2.603267192840576,8.855978965759277
2025-06-25 12:00:00,14.9676025884,48.7,29.3,29.21,82.0,,bay_of_bengal_8n90e,8.0,90.0,1,MODERATE,2.5144102573394775,9.158882141113281
2025-06-26 12:00:00,13.4125269948,47.0,29.3,29.28,81.2,,bay_of_bengal_8n90e,8.0,90.0,1,MODERATE,2.407780647277832,9.820175170898438
2025-06-27 12:00:00,14.7732181392,29.7,29.3,29.35,81.6,,bay_of_bengal_8n90e,8.0,90.0,1,MODERATE,2.1715211868286133,9.479578018188477
2025-06-28 12:00:00,16.522678182,32.2,29.1,29.35,81.6,,bay_of_bengal_8n90e,8.0,90.0,1,MODERATE,2.5631847381591797,10.107037544250488
2025-06-29 12:00:00,15.939524834399998,38.7,29.1,29.47,81.6,,bay_of_bengal_8n90e,8.0,90.0,1,MODERATE,2.717784881591797,9.034561157226562
2025-06-30 12:00:00,17.494600428,44.4,29.4,29.52,79.7,,bay_of_bengal_8n90e,8.0,90.0,1,MODERATE,2.2988219261169434,8.424281120300293
2025-07-01 12:00:00,17.883369326399997,48.7,29.4,,78.9,,bay_of_bengal_8n90e,8.0,90.0,1,MODERATE,2.4451279640197754,8.059951782226562
2025-07-02 12:00:00,15.7451403852,43.5,29.5,29.5,79.3,,bay_of_bengal_8n90e,8.0,90.0,1,MODERATE,2.228156328201294,8.39822006225586
2025-07-03 12:00:00,15.1619870376,43.5,29.5,29.52,80.9,,bay_of_bengal_8n90e,8.0,90.0,1,MODERATE,2.1011693477630615,7.744994163513184
2025-07-04 12:00:00,15.3563714868,56.8,29.4,29.5,81.6,,bay_of_bengal_8n90e,8.0,90.0,1,MODERATE,1.7650830745697021,7.2081193923950195
2025-07-05 12:00:00,15.550755936,60.7,29.4,29.5,82.0,,bay_of_bengal_8n90e,8.0,90.0,1,MODERATE,1.8075065612792969,6.640484809875488
2025-07-06 12:00:00,15.939524834399998,61.3,29.5,29.56,82.0,,bay_of_bengal_8n90e,8.0,90.0,1,MODERATE,1.8848801851272583,7.693166732788086
2025-07-07 12:00:00,15.1619870376,61.3,29.4,29.44,82.8,,bay_of_bengal_8n90e,8.0,90.0,1,MODERATE,2.5037639141082764,9.627326011657715
2025-07-08 12:00:00,14.1900647916,45.7,29.3,29.32,82.4,,bay_of_bengal_8n90e,8.0,90.0,1,MODERATE,2.240403652191162,8.478662490844727
2025-07-09 12:00:00,11.4686825028,55.9,29.4,29.43,82.8,,bay_of_bengal_8n90e,8.0,90.0,1,MODERATE,1.7559226751327515,8.266514778137207
2025-07-10 12:00:00,13.0237580964,43.5,29.3,29.48,83.2,,bay_of_bengal_8n90e,8.0,90.0,1,MODERATE,2.1618406772613525,9.668221473693848
2025-07-11 12:00:00,13.8012958932,58.4,29.6,29.61,81.2,,bay_of_bengal_8n90e,8.0,90.0,1,MODERATE,2.5558922290802,10.345086097717285
2025-07-12 12:00:00,13.9956803424,57.0,29.6,29.72,82.0,,bay_of_bengal_8n90e,8.0,90.0,1,MODERATE,2.571406841278076,9.58641529083252
2025-07-13 12:00:00,15.3563714868,58.8,29.6,29.79,82.0,,bay_of_bengal_8n90e,8.0,90.0,1,MODERATE,2.499727487564087,9.063128471374512
2025-07-14 12:00:00,16.522678182,62.5,29.6,29.8,81.6,,bay_of_bengal_8n90e,8.0,90.0,1,MODERATE,2.3364181518554688,8.218348503112793
2025-07-15 12:00:00,10.1079913584,65.9,27.9,29.67,83.2,,bay_of_bengal_8n90e,8.0,90.0,1,MODERATE,2.250763416290283,8.193116188049316
2025-07-16 12:00:00,13.0237580964,43.5,27.9,29.63,82.8,,bay_of_bengal_8n90e,8.0,90.0,1,MODERATE,2.275054454803467,8.334236145019531
2025-07-17 12:00:00,11.0799136044,27.8,27.7,29.37,84.7,,bay_of_bengal_8n90e,8.0,90.0,1,MODERATE,2.5563836097717285,8.59947395324707
2025-07-18 12:00:00,16.522678182,42.6,29.3,29.4,82.4,,bay_of_bengal_8n90e,8.0,90.0,1,MODERATE,2.7288808822631836,8.897257804870605
2025-07-19 12:00:00,17.494600428,46.1,29.0,29.53,83.2,,bay_of_bengal_8n90e,8.0,90.0,2,HIGH,3.1649842262268066,8.824786186218262
2025-07-20 12:00:00,21.382289412,50.0,29.6,29.49,79.7,,bay_of_bengal_8n90e,8.0,90.0,2,HIGH,3.5199966430664062,8.883580207824707
2025-07-21 12:00:00,21.382289412,43.5,29.5,29.42,78.9,,bay_of_bengal_8n90e,8.0,90.0,2,HIGH,3.12495493888855,8.354806900024414
2025-07-22 12:00:00,20.410367166,46.5,29.4,29.4,79.7,,bay_of_bengal_8n90e,8.0,90.0,1,MODERATE,2.7404444217681885,7.829724311828613
2025-07-23 12:00:00,21.5766738612,50.6,29.4,29.32,78.9,,bay_of_bengal_8n90e,8.0,90.0,1,MODERATE,2.675830602645874,7.608935356140137
2025-07-24 12:00:00,19.827213818399997,52.1,29.4,29.22,79.3,,bay_of_bengal_8n90e,8.0,90.0,2,HIGH,2.827821969985962,8.05651569366455
2025-07-25 12:00:00,18.0777537756,47.8,29.3,29.22,80.1,,bay_of_bengal_8n90e,8.0,90.0,1,MODERATE,2.6893444061279297,7.98887825012207
2025-07-26 12:00:00,16.717062631199997,53.7,29.3,,80.9,,bay_of_bengal_8n90e,8.0,90.0,1,MODERATE,2.375645160675049,8.058117866516113
2025-07-27 12:00:00,15.939524834399998,48.3,29.1,29.21,80.5,,bay_of_bengal_8n90e,8.0,90.0,1,MODERATE,2.3783156871795654,9.108550071716309
2025-07-28 12:00:00,13.9956803424,51.3,29.1,29.27,81.2,,bay_of_bengal_8n90e,8.0,90.0,1,MODERATE,2.222882032394409,9.350667953491211
2025-07-29 12:00:00,12.0518358504,46.1,29.1,29.35,83.2,,bay_of_bengal_8n90e,8.0,90.0,1,MODERATE,2.10687518119812,8.939899444580078
2025-07-30 12:00:00,9.3304535616,3.3,29.1,29.53,82.8,,bay_of_bengal_8n90e,8.0,90.0,1,MODERATE,2.404409885406494,9.549078941345215
2025-07-31 12:00:00,3.887688984,39.1,29.0,29.85,80.9,,bay_of_bengal_8n90e,8.0,90.0,1,MODERATE,2.350170612335205,10.535921096801758
2025-08-01 12:00:00,5.0539956792,33.5,28.7,29.58,82.0,,bay_of_bengal_8n90e,8.0,90.0,1,MODERATE,2.1143786907196045,9.98220443725586
2025-08-02 12:00:00,8.941684663199998,73.2,27.1,29.37,84.7,,bay_of_bengal_8n90e,8.0,90.0,1,MODERATE,1.7609162330627441,8.737268447875977
2025-08-03 12:00:00,14.7732181392,67.2,27.8,29.23,81.6,,bay_of_bengal_8n90e,8.0,90.0,1,MODERATE,2.2876627445220947,8.822897911071777
2025-08-04 12:00:00,12.0518358504,40.9,28.6,,79.7,,bay_of_bengal_8n90e,8.0,90.0,1,MODERATE,2.2926735877990723,10.633278846740723
2025-08-05 12:00:00,12.4406047488,41.0,29.1,,80.1,,bay_of_bengal_8n90e,8.0,90.0,1,MODERATE,2.3652000427246094,10.730218887329102
2025-08-06 12:00:00,13.8012958932,44.6,28.7,29.32,81.2,,bay_of_bengal_8n90e,8.0,90.0,1,MODERATE,2.4203884601593018,10.877079010009766
2025-08-07 12:00:00,13.2181425456,50.6,28.2,29.29,81.2,,bay_of_bengal_8n90e,8.0,90.0,1,MODERATE,2.6109068393707275,10.280893325805664
2025-08-08 12:00:00,13.4125269948,40.0,29.2,29.25,80.1,,bay_of_bengal_8n90e,8.0,90.0,1,MODERATE,2.2617077827453613,9.883623123168945
2025-08-09 12:00:00,12.8293736472,47.1,29.1,29.2,77.8,,bay_of_bengal_8n90e,8.0,90.0,1,MODERATE,2.009920358657837,9.171062469482422
2025-08-10 12:00:00,13.0237580964,48.3,28.6,,80.5,,bay_of_bengal_8n90e,8.0,90.0,1,MODERATE,1.7748943567276,8.534547805786133
2025-08-11 12:00:00,17.883369326399997,64.7,28.9,29.17,79.3,,bay_of_bengal_8n90e,8.0,90.0,1,MODERATE,1.9545009136199951,7.580770492553711
2025-08-12 12:00:00,18.0777537756,58.2,28.9,29.05,80.1,,bay_of_bengal_8n90e,8.0,90.0,1,MODERATE,2.646926164627075,8.693039894104004
2025-08-13 12:00:00,17.6889848772,41.8,28.7,28.92,82.0,,bay_of_bengal_8n90e,8.0,90.0,1,MODERATE,2.706022024154663,8.618681907653809
2025-08-14 12:00:00,16.3282937328,49.2,28.8,28.92,82.4,,bay_of_bengal_8n90e,8.0,90.0,1,MODERATE,2.3427319526672363,8.243659973144531
2025-08-15 12:00:00,17.3002159788,50.6,28.8,28.85,81.6,,bay_of_bengal_8n90e,8.0,90.0,1,MODERATE,2.198082685470581,7.433087348937988
2025-08-16 12:00:00,19.827213818399997,46.6,29.0,28.83,79.7,,bay_of_bengal_8n90e,8.0,90.0,1,MODERATE,2.5822794437408447,7.270041465759277
2025-08-17 12:00:00,19.6328293692,35.6,28.7,28.81,82.0,,bay_of_bengal_8n90e,8.0,90.0,1,MODERATE,2.631350517272949,8.078202247619629
2025-08-18 12:00:00,17.3002159788,41.7,28.8,,80.5,,bay_of_bengal_8n90e,8.0,90.0,1,MODERATE,2.2893788814544678,7.849708557128906
2025-08-19 12:00:00,12.8293736472,39.9,28.6,28.75,81.6,,bay_of_bengal_8n90e,8.0,90.0,1,MODERATE,1.8215148448944092,7.873973846435547
2025-08-20 12:00:00,11.2742980536,42.1,28.7,28.9,80.1,,bay_of_bengal_8n90e,8.0,90.0,1,MODERATE,1.531295895576477,7.965473175048828
2025-08-21 12:00:00,10.4967602568,40.5,28.3,28.93,80.5,,bay_of_bengal_8n90e,8.0,90.0,0,LOW,1.367239236831665,9.25345230102539
2025-08-22 12:00:00,12.0518358504,46.1,28.5,28.9,81.2,,bay_of_bengal_8n90e,8.0,90.0,1,MODERATE,1.675264596939087,9.643946647644043
2025-08-23 12:00:00,13.0237580964,48.3,28.9,28.87,80.9,,bay_of_bengal_8n90e,8.0,90.0,1,MODERATE,1.9923210144042969,10.091127395629883
2025-08-24 12:00:00,13.4125269948,64.9,29.0,28.91,81.6,,bay_of_bengal_8n90e,8.0,90.0,1,MODERATE,2.131338596343994,10.18893814086914
2025-08-25 12:00:00,13.8012958932,52.6,28.9,28.9,82.0,,bay_of_bengal_8n90e,8.0,90.0,1,MODERATE,1.9764251708984375,9.65998649597168
2025-08-26 12:00:00,15.1619870376,52.8,28.8,28.93,80.9,,bay_of_bengal_8n90e,8.0,90.0,1,MODERATE,2.0425875186920166,8.133787155151367
2025-08-27 12:00:00,16.3282937328,49.2,29.1,28.96,79.7,,bay_of_bengal_8n90e,8.0,90.0,1,MODERATE,2.1346609592437744,8.13613224029541
2025-08-28 12:00:00,14.3844492408,44.6,29.1,28.97,79.7,,bay_of_bengal_8n90e,8.0,90.0,1,MODERATE,2.2566874027252197,9.051630973815918
2025-08-29 12:00:00,16.3282937328,39.7,29.0,28.92,80.9,,bay_of_bengal_8n90e,8.0,90.0,1,MODERATE,2.5688819885253906,8.822178840637207
2025-08-30 12:00:00,15.550755936,52.5,28.9,28.96,82.0,,bay_of_bengal_8n90e,8.0,90.0,1,MODERATE,2.4371495246887207,8.803728103637695
2025-08-31 12:00:00,18.466522674,58.8,28.9,29.02,81.6,,bay_of_bengal_8n90e,8.0,90.0,1,MODERATE,2.765850782394409,8.142966270446777
2025-09-01 12:00:00,18.466522674,50.2,28.8,28.86,82.8,,bay_of_bengal_8n90e,8.0,90.0,2,HIGH,2.9133174419403076,8.646883010864258
2025-09-02 12:00:00,17.883369326399997,50.4,29.1,28.9,82.0,,bay_of_bengal_8n90e,8.0,90.0,2,HIGH,2.888714551925659,8.647835731506348
2025-09-03 12:00:00,16.717062631199997,56.6,29.2,28.89,80.5,,bay_of_bengal_8n90e,8.0,90.0,1,MODERATE,2.545396327972412,8.053007125854492
2025-09-04 12:00:00,15.1619870376,67.8,29.1,28.91,79.7,,bay_of_bengal_8n90e,8.0,90.0,1,MODERATE,2.33870792388916,7.975132942199707
2025-09-05 12:00:00,13.2181425456,66.4,29.0,28.98,81.2,,bay_of_bengal_8n90e,8.0,90.0,1,MODERATE,1.8726329803466797,7.995251655578613
2025-09-06 12:00:00,11.2742980536,72.5,28.8,28.93,83.2,,bay_of_bengal_8n90e,8.0,90.0,1,MODERATE,1.7020049095153809,8.469446182250977
2025-09-07 12:00:00,7.3866090696,47.9,28.2,28.88,83.6,,bay_of_bengal_8n90e,8.0,90.0,1,MODERATE,1.5928958654403687,9.345584869384766
2025-09-08 12:00:00,8.941684663199998,36.4,28.6,28.96,82.8,,bay_of_bengal_8n90e,8.0,90.0,1,MODERATE,1.758198618888855,10.10655689239502
2025-09-09 12:00:00,12.634989198,29.8,28.6,28.89,82.8,,bay_of_bengal_8n90e,8.0,90.0,1,MODERATE,2.178497791290283,10.336464881896973
2025-09-10 12:00:00,14.3844492408,44.6,27.7,28.9,84.7,,bay_of_bengal_8n90e,8.0,90.0,1,MODERATE,2.2576160430908203,9.399798393249512
2025-09-11 12:00:00,10.4967602568,46.5,28.4,28.93,82.4,,bay_of_bengal_8n90e,8.0,90.0,1,MODERATE,2.076091766357422,8.831061363220215
2025-09-12 12:00:00,10.691144706,42.0,28.4,28.9,82.4,,bay_of_bengal_8n90e,8.0,90.0,1,MODERATE,1.7968368530273438,9.173614501953125
