{"type": "FeatureCollection", "features": [{"type": "Feature", "properties": {"type": "EEZ", "name": "Indian Exclusive Economic Zone (EEZ)"}, "geometry": {"type": "Polygon", "coordinates": [[[90.22874353648567, 15.716835388042995], [93.1347222218536, 13.819722221903291], [93.6830555557697, 13.571666666383791], [93.83333333356691, 13.800000000399905], [95.03333333296726, 13.800000000399905], [95.68333333346717, 12.901944444380803], [95.49999999990084, 12.328611111413736], [95.4333333330674, 11.72138888928599], [95.3666666662343, 10.748055555319937], [95.26611111113917, 10.466666666833518], [95.26722222262768, 10.311666666783438], [95.60343096456793, 9.584286911012157], [95.65444444465575, 8.16500000014996], [95.69666666683347, 7.958333333416746], [95.42916666700879, 7.668333332917555], [94.92694444413135, 7.039999999700399], [94.63333333376707, 6.641666666383685], [94.40333333296721, 6.269999999800703], [93.68666666653385, 5.422222221778185], [92.72527777814773, 4.308611110714779], [92.16011404762568, 3.8406577873275296], [91.9388088389567, 3.977336298631471], [91.72706370512597, 4.132185999484463], [91.52796791628643, 4.303162867572354], [91.30355761838965, 4.532503563688508], [90.99732556632242, 4.933763478002149], [90.65683200988954, 5.518408705797171], [89.9902957423549, 6.958315032412941], [89.54593232151998, 8.026681545417134], [89.46204059779555, 8.29411925909676], [89.15921173593327, 9.507686372428168], [88.95795274212585, 10.04312070056011], [88.85820136170398, 10.484712464808737], [88.82345241759518, 10.817563277623478], [88.79981859934927, 11.689241063324616], [88.83554933963038, 12.096595630983629], [88.90808520337, 12.447215697546426], [89.0353303516147, 12.831073999165866], [89.26219433100405, 13.316450472211784], [89.3196106477134, 13.687836185191813], [89.3775057104207, 13.948795762014981], [89.63219062110076, 14.691728565021265], [89.77253163762529, 15.008549086471362], [89.9040282166292, 15.259012747640426], [90.07391047129184, 15.521539081963326], [90.22874353648567, 15.716835388042995]], [[93.0152354241757, 13.676111220956031], [92.97672641279397, 13.655317545368518], [93.02416634590045, 13.627244353344338], [93.03177046813286, 13.629350901023301], [93.0152354241757, 13.676111220956031]], [[93.04234957737108, 13.63674676455166], [93.06489372216757, 13.647306680458868], [93.063472628759, 13.654575943724865], [93.04234957737108, 13.63674676455166]], [[92.8851332664872, 13.574382543419688], [92.90325427026843, 13.596135258735103], [92.89667260615599, 13.601832628473048], [92.8862402437924, 13.592929840239933], [92.8851332664872, 13.574382543419688]], [[93.02702677276764, 13.578700661606263], [93.01451134672143, 13.54338157160241], [92.9883947368277, 13.566845178762193], [92.98848664754124, 13.527827740158273], [92.96500253673796, 13.544078826776456], [92.91764450039355, 13.536441326206429], [92.92959690137619, 13.50179517280911], [92.87189853209193, 13.471680164508072], [92.88411784196532, 13.429395675969644], [92.86548364185686, 13.401577115291786], [92.84522032705664, 13.408643126379317], [92.84270834881139, 13.394430041113523], [92.86553454438368, 13.381555676753237], [92.83628165677348, 13.366601467383859], [92.82615184792965, 13.306846380056356], [92.84209477915081, 13.30137515024306], [92.82449901092062, 13.27530932416613], [92.85436236822889, 13.257661819737322], [92.8498419520445, 13.239113926666377], [92.82782101662687, 13.236516714275183], [92.81908464434107, 13.18359374955206], [92.83451974369146, 13.175310730905537], [92.81249999987531, 13.162388444371288], [92.82202744461122, 13.145029068336783], [92.84245395668475, 13.146010279950517], [92.84327352055689, 13.128698348550003], [92.8101474048789, 13.126825213612719], [92.82056975329166, 13.107133149974857], [92.81066393859018, 13.079344868571013], [92.7969472404229, 13.08953702471382], [92.78854334390033, 13.017745256438545], [92.82482290265503, 13.013056755165096], [92.81439876549055, 12.983341455044126], [92.79313361672334, 12.980990647900157], [92.79439234742901, 12.914177655973944], [92.80255043495484, 12.898869037276356], [92.82435941725359, 12.896834373307854], [92.83267414599518, 12.886969327572444], [92.83776640869311, 12.891399741405039], [92.84305465255042, 12.8917336461909], [92.84393584696173, 12.885493874642563], [92.84271395248706, 12.876170635366577], [92.8730031252941, 12.882893323967764], [92.85458040256393, 12.927548051301642], [92.89759230594049, 12.99485886114745], [92.91270816305146, 12.946399926915191], [92.93858373125451, 12.971118211536279], [92.90830540696928, 12.999752164131152], [92.91006994247434, 13.061002254750392], [92.94200587287312, 13.063553572039822], [92.93505167989147, 13.042319059576855], [92.96652543520102, 13.013649940792206], [92.97040212116136, 13.03010666369181], [93.00793015924947, 13.032931446828897], [93.03484320604915, 13.080656767196047], [93.03205311336094, 13.177956938362158], [93.06638145444103, 13.272593140461069], [93.0454907420042, 13.259467363428143], [93.04664421066204, 13.276925206233386], [93.01229584257933, 13.276976465791321], [93.01646220646595, 13.289997100385847], [93.00692975520442, 13.308894753290232], [93.0093058350964, 13.3200464249026], [92.95337116674617, 13.333273768669471], [92.96406996225906, 13.359375000156035], [92.98449027530606, 13.329297542148012], [93.0039224627516, 13.353575468333347], [93.03986060648205, 13.350659847374274], [93.04039645223489, 13.32210373919628], [93.06009364110898, 13.329077959180552], [93.07070636790482, 13.306724667609487], [93.09036541023582, 13.336062669756515], [93.06286907215022, 13.360744357366329], [93.05271494383979, 13.391121744672816], [93.06894755388649, 13.397228002870122], [93.0627682212768, 13.418488741362523], [93.0522277352218, 13.406947374621552], [93.02090573331301, 13.431437611856424], [93.0347186328589, 13.435144305265439], [93.02747666851369, 13.461696505389625], [93.04476404212713, 13.529392242158394], [93.02702677276764, 13.578700661606263]], [[94.27200841925318, 13.46546220781471], [94.2536721231701, 13.451884865893916], [94.25570237596426, 13.430299759026866], [94.27549815211827, 13.441834450099904], [94.27200841925318, 13.46546220781471]], [[93.00943827645543, 13.310742021027409], [93.02394843117551, 13.308287620977012], [93.02254414519635, 13.329197764165428], [93.00943827645543, 13.310742021027409]], [[92.93642270534374, 12.9956904651429], [92.93720185728014, 13.026084303747837], [92.91593682722302, 13.01211845830045], [92.93642270534374, 12.9956904651429]], [[93.00575756985629, 12.997523427364456], [92.9723540546959, 12.969449162448981], [92.96040701906887, 12.989472628059545], [92.95411825155637, 12.962366342133052], [92.97394645186753, 12.945667147620881], [92.95824527729795, 12.942801356297522], [92.97967457752, 12.93281412147455], [92.97958946208448, 12.96695804577729], [93.00575756985629, 12.997523427364456]], [[92.88634085634587, 12.92307531807154], [92.8611456153782, 12.93354356248551], [92.8649226429657, 12.917100072210687], [92.88634085634587, 12.92307531807154]], [[92.89814126470756, 12.921408534376482], [92.87392091761652, 12.881168007897301], [92.8417458529888, 12.875590204824277], [92.8396327492521, 12.891162156708148], [92.83383405199996, 12.88525521795411], [92.80344903484516, 12.89703357224164], [92.79332017928331, 12.862980366151135], [92.77115273441152, 12.863193154740372], [92.72404396495736, 12.827166318970441], [92.74132204048013, 12.72479701027379], [92.73287510869969, 12.674217819996485], [92.76862382912665, 12.671720027657386], [92.78426814046267, 12.692891120828662], [92.78840124652069, 12.674054622722736], [92.74416601694858, 12.66756021982826], [92.73614025117169, 12.639853358545722], [92.68478584259296, 12.60331714137287], [92.7074731585598, 12.596943378034425], [92.69776535029101, 12.389446854688629], [92.7008339162526, 12.335240006121282], [92.72039747216573, 12.30025327227088], [92.75452101243488, 12.295723080455957], [92.77161645903234, 12.316901802576353], [92.80853450316502, 12.314666628462291], [92.831985712271, 12.302496433264011], [92.87816512591999, 12.31326985362108], [92.88980364822018, 12.350631237441746], [92.85795307157733, 12.366473436499845], [92.83794951425867, 12.39804947350433], [92.82994234556284, 12.42779874821359], [92.89318323122112, 12.418450832439873], [92.87701284886433, 12.446859955422667], [92.91526067284192, 12.406481742738379], [92.91931414573153, 12.441011666854934], [92.95802021026495, 12.467487930923198], [92.93187701731065, 12.480468749832923], [92.96820855148363, 12.49617624303913], [92.9753447771399, 12.542303204629206], [92.9559501408867, 12.601845741687839], [92.9631742240114, 12.698461055733262], [92.97700250106496, 12.718105554228089], [92.93353164217152, 12.775848746622444], [92.95367372026627, 12.808247327851916], [92.94831085246435, 12.836079359475022], [92.92738985985446, 12.884654402478688], [92.9064730409984, 12.883103251813793], [92.89814126470756, 12.921408534376482]], [[92.94904875789413, 12.428886651797526], [92.91908514506352, 12.375698327715824], [92.93251884007262, 12.359732747068776], [92.9605298044074, 12.419227242343354], [92.94904875789413, 12.428886651797526]], [[92.89043664953184, 12.391755938685705], [92.88648080794323, 12.406887054594108], [92.84478151815276, 12.404432654543356], [92.86237192192678, 12.379776001361321], [92.89043664953184, 12.391755938685705]], [[92.86688876150745, 12.412694454585491], [92.8654123543972, 12.421063065308374], [92.85868334805812, 12.41551840315195], [92.86688876150745, 12.412694454585491]], [[92.90835392449421, 12.34144830679395], [92.9186793565672, 12.350042343379513], [92.91249537446188, 12.353884338891291], [92.90835392449421, 12.34144830679395]], [[92.92995166773548, 12.305716275985432], [92.92562675517073, 12.280567526370461], [92.90163922277227, 12.288118958223365], [92.92116606206454, 12.265094042156534], [92.92138457303989, 12.23153555402267], [92.94225180147967, 12.274309277351279], [92.92995166773548, 12.305716275985432]], [[93.84751951651268, 12.282371521428601], [93.86249995191159, 12.26583325879794], [93.87805545339646, 12.279166579574209], [93.8671874999034, 12.295555472007592], [93.84751951651268, 12.282371521428601]], [[93.06250000027504, 12.233888745269326], [93.09112775294389, 12.223470449201884], [93.09893071617981, 12.204150080761664], [93.10598540300387, 12.260203838236677], [93.09222221348469, 12.238055467985518], [93.0705554481755, 12.257777809998117], [93.06250000027504, 12.233888745269326]], [[93.0721383098352, 12.210782169861261], [93.03718864873738, 12.133531927756337], [93.07864534820422, 12.08466053025937], [93.09498310068975, 12.142417549730098], [93.0721383098352, 12.210782169861261]], [[93.1122379305364, 12.138050317767906], [93.1155612465545, 12.129956841135368], [93.12052905567137, 12.148347973380211], [93.1122379305364, 12.138050317767906]], [[93.03190743937725, 12.11596155188414], [93.02956104250845, 12.163889527279864], [92.99555194366744, 12.128906250423256], [92.98302912699305, 12.148949742136992], [92.95781397863252, 12.148756265589142], [92.96224474949591, 12.12271165811677], [93.00667285936518, 12.107789635483414], [93.01085317173673, 12.071488142264158], [93.04107344118646, 12.04633986928961], [93.05382776224175, 12.075988769766127], [93.03190743937725, 12.11596155188414]], [[92.9974498747122, 12.045252442346282], [93.00527954061832, 12.102746724881513], [92.95967924630034, 12.10599970851996], [92.97957861446187, 12.051086545008047], [92.9974498747122, 12.045252442346282]], [[92.96610677201014, 12.04823756201408], [92.92646443858322, 11.994721650883605], [92.95985817901183, 11.98091113544045], [92.97350192057743, 11.948933124863856], [92.99595725552334, 11.94741427874601], [93.02513265574751, 11.888477206657967], [93.04586207837244, 11.883962750280887], [93.05381214641383, 11.903696417455805], [93.00892281563554, 12.019949913157973], [92.98252165305203, 12.043414235278917], [92.96907567959917, 12.033888578395363], [92.96610677201014, 12.04823756201408]], [[92.75363433395759, 11.701636671795129], [92.78420782113412, 11.936185956117], [92.74552512188703, 11.931010246225924], [92.72578620896675, 11.842322349896733], [92.71548843374435, 11.828217864063149], [92.72717511653858, 11.863216042686247], [92.7191531656861, 11.961722255077916], [92.73293232896404, 11.968433141876005], [92.73277091954239, 11.997601271081905], [92.7371151450482, 11.976858257902435], [92.75136196658164, 11.978420257988418], [92.76631724794268, 12.002672553495643], [92.73355162101066, 12.021723628042977], [92.74087774751015, 12.034234046664025], [92.77843534991158, 12.02406787912939], [92.78365147083886, 12.047107577352776], [92.76644396781504, 12.046769141782633], [92.73583137991463, 12.08385086072866], [92.75738465797568, 12.176108479222918], [92.70485842197897, 12.171253442392398], [92.69917857643028, 12.239317655685383], [92.65576171912849, 12.189269899986016], [92.66028547269653, 12.211721539617542], [92.62346744576601, 12.1027704480977], [92.61105537430657, 11.870937347480535], [92.60152745203052, 11.897174120289534], [92.58500683319917, 11.891013503470447], [92.5654679537835, 11.942893505530932], [92.53468871161485, 11.911685824541223], [92.51371622112717, 11.848331570345806], [92.5221072438546, 11.82568335510284], [92.53663444522365, 11.838539719532605], [92.5469243522771, 11.818445444002066], [92.56210803985445, 11.693612933090378], [92.58886575664965, 11.715589046297453], [92.60808885082022, 11.634047627895654], [92.63134515255697, 11.628318429352248], [92.63076603412534, 11.64664340027285], [92.6446262595945, 11.635432839254065], [92.63662350207304, 11.615525842144038], [92.61038064984743, 11.62159287910815], [92.60569584388853, 11.608828902032243], [92.61811256394404, 11.585072278662935], [92.62111985639618, 11.561727524106104], [92.63326227693292, 11.579047918126989], [92.64703524118354, 11.572420358912666], [92.6467683313937, 11.522145748327588], [92.66717803513839, 11.503936052506845], [92.69753992532733, 11.50686466687084], [92.71258616412027, 11.487348318170348], [92.75292611155092, 11.609793543637238], [92.7563600540735, 11.665819168519818], [92.72158193595774, 11.686406850795592], [92.71629857991567, 11.664533734244444], [92.72838735589201, 11.657218932907526], [92.70093214470305, 11.65478134118591], [92.67603564233113, 11.62544894181542], [92.66651511158338, 11.654180646219956], [92.70332634413589, 11.666685462064535], [92.70267736906558, 11.695644855925352], [92.71820795573277, 11.705898522998538], [92.74030351599484, 11.69016253926985], [92.74220860024687, 11.707753658004947], [92.75363433395759, 11.701636671795129]], [[93.01383089987635, 11.831897974412058], [93.0502566101546, 11.81229352992267], [93.07113122922314, 11.832828402208904], [93.01186680750752, 11.84789216519141], [93.01383089987635, 11.831897974412058]], [[92.6702947615943, 11.485626101163732], [92.63629627205538, 11.517066955675375], [92.62314510356399, 11.500843525008847], [92.61115694014089, 11.458196044012297], [92.62219834317952, 11.404208540991306], [92.58733963951298, 11.400788068514487], [92.59268224199198, 11.349497556766835], [92.63828301385033, 11.346377372417976], [92.69084775432074, 11.37035501047535], [92.68850874898001, 11.390846848403385], [92.6523729558476, 11.409359454775242], [92.6852202412214, 11.433512568550313], [92.6702947615943, 11.485626101163732]], [[92.26210200780193, 11.51796162103193], [92.27470564834718, 11.534438371833446], [92.27101743240885, 11.583902954957509], [92.21868014307418, 11.592507600845238], [92.20780765969604, 11.583532571870819], [92.21573734280449, 11.528772950511495], [92.26210200780193, 11.51796162103193]], [[92.53791046179836, 11.605418801436471], [92.53515136244565, 11.563336610895874], [92.56500267963, 11.57293021695601], [92.56643104585655, 11.592300415032113], [92.53791046179836, 11.605418801436471]], [[92.60123491246125, 11.585722207913534], [92.600764155142, 11.56740224351887], [92.6151702403146, 11.562942742913194], [92.61721253413114, 11.582409262877263], [92.60123491246125, 11.585722207913534]], [[92.62036323517546, 11.557566642486492], [92.60594463323841, 11.548650741238802], [92.61075520488899, 11.531806349383587], [92.62036323517546, 11.557566642486492]], [[92.56909215417963, 11.527137636792574], [92.55193281165012, 11.537550806724411], [92.56669437904273, 11.516976952424557], [92.56909215417963, 11.527137636792574]], [[92.58438301126719, 11.55049085576853], [92.59754705445303, 11.542652249701803], [92.59339034568794, 11.567149877564702], [92.58438301126719, 11.55049085576853]], [[92.58972465956529, 11.971902847738178], [92.60179054779579, 11.93094313162014], [92.59643244729997, 11.975702643462384], [92.58972465956529, 11.971902847738178]], [[92.70997893777772, 12.231489300990503], [92.72367501269198, 12.291207910017178], [92.70436644515533, 12.297591448086791], [92.70186746121456, 12.263543725162819], [92.70997893777772, 12.231489300990503]], [[92.7715835573355, 12.31276285632093], [92.77815484956685, 12.279134631158385], [92.76478767381221, 12.263816833080341], [92.75247240088063, 12.274345279011513], [92.74241602438022, 12.245294451977585], [92.76901662331889, 12.237998604752022], [92.76424551032201, 12.211209774111751], [92.7696442601746, 12.20054995971293], [92.76738011799844, 12.184889912939283], [92.73956131900005, 12.083458900208086], [92.76385760304603, 12.06350445756486], [92.7895541189279, 12.082019567648999], [92.78845226775823, 12.10266923929396], [92.81249999987531, 12.106863856282018], [92.8230769633316, 12.165816068456763], [92.85531485099986, 12.171154737301364], [92.84644496446359, 12.197147845996312], [92.88125014318004, 12.2002787592575], [92.85886681065497, 12.245643853880821], [92.8651021719277, 12.251348853466808], [92.8782751561736, 12.25115382648788], [92.88443911037658, 12.257371425251279], [92.88680815667126, 12.286244154144526], [92.87279164791644, 12.301225662434376], [92.82978045950088, 12.300238609724147], [92.80886173228348, 12.312715650007405], [92.7715835573355, 12.31276285632093]], [[92.90081870561912, 12.256417274237705], [92.87048733212467, 12.243862628757412], [92.87917363645445, 12.208429216934974], [92.89264416679512, 12.233932972129011], [92.9142979386992, 12.231341242904008], [92.90081870561912, 12.256417274237705]], [[92.93379390246704, 12.225201845588671], [92.92509853836683, 12.211778044920834], [92.93598937960624, 12.202200412619092], [92.94158041440502, 12.216732621413371], [92.93379390246704, 12.225201845588671]], [[92.8687359096347, 12.248118758474163], [92.86247134197905, 12.248160600331346], [92.8674879078408, 12.236543655465368], [92.8687359096347, 12.248118758474163]], [[92.95648705953076, 12.105479359884669], [92.94879102748408, 12.098911762068326], [92.95137214650785, 12.091234445813072], [92.95648705953076, 12.105479359884669]], [[92.72320425537228, 12.189039468496844], [92.7639050485794, 12.182202339366526], [92.7622766497478, 12.229213118690438], [92.73013985127344, 12.225568533361354], [92.72549843760297, 12.240080714253722], [92.72320425537228, 12.189039468496844]], [[92.74566960336963, 12.269997954442204], [92.74752962619155, 12.280141710871249], [92.74288690130984, 12.255115270852954], [92.74566960336963, 12.269997954442204]], [[92.76335656645281, 12.294014572714445], [92.75322353803622, 12.277469039064897], [92.76496005046604, 12.266598343538746], [92.76790904976306, 12.2842711207158], [92.76335656645281, 12.294014572714445]], [[92.75019335783773, 11.9684280157404], [92.7360856533306, 11.95312499981901], [92.74624073492217, 11.944847822269423], [92.76602005977819, 11.95267260036023], [92.75019335783773, 11.9684280157404]], [[92.73363018038864, 11.956680059437346], [92.72352445089305, 11.95363473915198], [92.72565925077393, 11.941626548726319], [92.73363018038864, 11.956680059437346]], [[92.68463051348763, 12.539344429701828], [92.66873800725361, 12.531709074913849], [92.67869663194418, 12.522464633336355], [92.68463051348763, 12.539344429701828]], [[92.71973001962502, 12.721965313148743], [92.72471463707117, 12.754522800087258], [92.70811510093134, 12.829672932759593], [92.69443273528279, 12.79680705030512], [92.71973001962502, 12.721965313148743]], [[92.67270374318312, 12.798730135387402], [92.68874132625152, 12.818159818221147], [92.6752709146214, 12.835313320553311], [92.70117247143267, 12.841427445120573], [92.71948623680069, 12.874578118585461], [92.72004020209388, 12.978239774645814], [92.69466495552334, 12.992136001775165], [92.66963064643724, 12.962020635544093], [92.67972385916889, 12.941643953105924], [92.65113842499866, 12.867684244932022], [92.67270374318312, 12.798730135387402]], [[92.79130697223931, 12.916635870948639], [92.7762597801649, 12.903218865558287], [92.79270493958145, 12.891806721503016], [92.80041933038788, 12.897660374526652], [92.79130697223931, 12.916635870948639]], [[92.79167783286587, 12.890976906259297], [92.78190767729765, 12.884381651591923], [92.79008102451988, 12.884104609140365], [92.79167783286587, 12.890976906259297]], [[92.72701990614391, 12.865191578728442], [92.71483302132705, 12.85255885140991], [92.7103750702536, 12.83375251296826], [92.71897256383298, 12.835820555274552], [92.72701990614391, 12.865191578728442]], [[92.70746266886741, 13.086024642423467], [92.69987475871343, 13.0982496737834], [92.70094740350001, 13.071066856450443], [92.70746266886741, 13.086024642423467]], [[92.82722222822329, 13.421111106892226], [92.84638893580089, 13.430833339387206], [92.84027767197736, 13.440277814469468], [92.82555544362904, 13.439166545599662], [92.82722222822329, 13.421111106892226]], [[92.71500003352477, 11.316944360493835], [92.72400248013068, 11.317806243763116], [92.71735870793819, 11.328476547854436], [92.71500003352477, 11.316944360493835]], [[92.70537495568979, 11.289258242074368], [92.68768060197849, 11.241933226137462], [92.70580136743925, 11.263130545338356], [92.70537495568979, 11.289258242074368]], [[92.66484725499706, 10.992715955177403], [92.6608370538872, 10.98159944975491], [92.66922771958357, 10.985324859854344], [92.66484725499706, 10.992715955177403]], [[92.22833847963724, 10.976177811257116], [92.21526122102907, 10.97875797789844], [92.21829676658271, 10.972741604241833], [92.22833847963724, 10.976177811257116]], [[92.61022055163735, 10.929375171926708], [92.61794495549586, 10.93404090416442], [92.60882174972394, 10.938608050021571], [92.61022055163735, 10.929375171926708]], [[92.50975346555018, 10.894852042188106], [92.4587851763952, 10.862972259162404], [92.45676243294, 10.838818669646116], [92.42688417476487, 10.823210954422152], [92.40737652790469, 10.784370541967064], [92.38162064507677, 10.7887618541764], [92.37608253987744, 10.773198843351892], [92.38043081772813, 10.666962623426514], [92.39512372008389, 10.66593945034549], [92.42057061204414, 10.614271760233734], [92.38178324699933, 10.537452340153365], [92.43469202491715, 10.548240542667088], [92.49935340863337, 10.510969162097226], [92.53122007864377, 10.518153667857504], [92.56826365014771, 10.576317310395538], [92.5409612652501, 10.61700415601689], [92.59738826745487, 10.681025743143607], [92.58786237225107, 10.78682601490884], [92.56360995803348, 10.803913116697004], [92.55831134319394, 10.863142729253696], [92.50975346555018, 10.894852042188106]], [[92.7781933549397, 9.256362676996105], [92.76527774317347, 9.214722156102582], [92.72944450356133, 9.21972215195585], [92.71972215145607, 9.207777738751815], [92.7316665646608, 9.124376058308542], [92.80200040329603, 9.120349646019449], [92.83012986140406, 9.138278246144225], [92.82083332569752, 9.209166646323624], [92.7781933549397, 9.256362676996105]], [[92.85434424868836, 8.833611250059164], [92.86217284170354, 8.822478652168158], [92.86313784123863, 8.830713629930074], [92.85434424868836, 8.833611250059164]], [[93.62812507131505, 8.48773241022262], [93.61947154997236, 8.43156588046115], [93.62676787383842, 8.466823458635687], [93.64244413359003, 8.468511819764728], [93.61778306923347, 8.57175397896303], [93.61022424675187, 8.544240236297867], [93.62812507131505, 8.48773241022262]], [[93.03458452235796, 8.45021104780163], [93.06051290055015, 8.443111538766573], [93.04344213045036, 8.473493337247689], [93.03458452235796, 8.45021104780163]], [[93.14224684221838, 8.347987056057761], [93.0951514240991, 8.34000360967893], [93.08533370518651, 8.273574710104683], [93.12314534178446, 8.220958948396856], [93.20181083710045, 8.196244239480023], [93.19432413575046, 8.224767803891154], [93.12647795679251, 8.276069045450072], [93.14224684221838, 8.347987056057761]], [[93.23877310719345, 8.261718749720671], [93.22472286217047, 8.236147403280071], [93.24884402753005, 8.223773122231975], [93.23877310719345, 8.261718749720671]], [[93.51562499959428, 8.229631543460911], [93.45402705660379, 8.173416018634555], [93.46663534664415, 8.10622847076732], [93.48943567231848, 8.091552376740694], [93.48484146586125, 8.052028417477388], [93.52418851858536, 8.078623056608919], [93.52549886677949, 8.053131461148013], [93.50848984682912, 8.063894152593022], [93.50559067716816, 8.040394902602586], [93.48538100692818, 8.04450237708322], [93.4923442605793, 7.999620556543675], [93.50504934824923, 7.998469352378692], [93.50834846530975, 8.03373265293952], [93.53602004079258, 8.04626905926989], [93.54966187489563, 8.035480141795276], [93.55304014668556, 8.066372036640303], [93.50455117239906, 8.144013524304725], [93.54681801803727, 8.209436655377417], [93.53770947481271, 8.228933453715968], [93.51562499959428, 8.229631543460911]], [[93.56469631188557, 8.113615632455364], [93.58109247713642, 8.080449461873286], [93.5717133288073, 8.067106008435644], [93.59160625962139, 8.038593769187287], [93.58869624143861, 8.109286427426866], [93.58016622039489, 8.124818920656693], [93.56469631188557, 8.113615632455364]], [[93.54529643078567, 8.028104901520067], [93.5518912079132, 7.999794006088436], [93.5282716753974, 8.018230914725024], [93.50736355748242, 7.984486937822112], [93.57380485511018, 7.928812503594301], [93.58269941814396, 7.9914370775589845], [93.56461107773933, 8.023622631879107], [93.54529643078567, 8.028104901520067]], [[93.46554994587339, 7.9280220273946895], [93.43012881249481, 7.967633843227304], [93.41635644449443, 7.959292531425135], [93.40269517873972, 7.974493861002827], [93.40974581231953, 8.006595254067918], [93.37945115544667, 8.024785518237067], [93.33673155331891, 8.012150406816033], [93.31059050524792, 7.961621404104548], [93.32206141909958, 7.926785349864005], [93.34493196024212, 7.930681467475651], [93.34448766727232, 7.901706218567256], [93.37709343431473, 7.881655454935341], [93.42064344883627, 7.907293439340947], [93.4616402386063, 7.872180342648832], [93.47483861431081, 7.89259314545744], [93.46554994587339, 7.9280220273946895]], [[93.54058063059179, 7.5239217285049875], [93.54774844673366, 7.511976837760912], [93.54916644107837, 7.519062638430142], [93.54058063059179, 7.5239217285049875]], [[93.710998058314, 7.445048570735011], [93.7072705033311, 7.393854975326832], [93.6323739291137, 7.370396256881719], [93.63596975769829, 7.3212889429304795], [93.62223672874214, 7.3062750104833185], [93.64823520189319, 7.242610454209199], [93.67943024650882, 7.284847616824095], [93.72484517076819, 7.30987954180749], [93.7555303573404, 7.35992562746587], [93.721330642695, 7.4021315575254505], [93.710998058314, 7.445048570735011]], [[93.76256430130164, 7.3985927108851115], [93.77227056003849, 7.398397445585886], [93.76719176738644, 7.404102563882333], [93.76256430130164, 7.3985927108851115]], [[93.84735751173989, 7.243617176891405], [93.81640970694255, 7.235070109198247], [93.80182301991684, 7.205414533953785], [93.76083755530922, 7.21451330154764], [93.73666644070366, 7.189499378293675], [93.68607664112429, 7.189909100424572], [93.67298960688495, 7.175569176576204], [93.67669594326313, 7.141622424135505], [93.65564847000107, 7.125228404667141], [93.67409074309367, 7.1100268367691655], [93.6574311259458, 7.094517469605464], [93.67299914329598, 7.036690830917138], [93.66272604457131, 7.0074013471943175], [93.68670952282659, 7.017946600555248], [93.74846613410514, 6.9562518599355485], [93.74188065506834, 6.924802660614361], [93.78052115452786, 6.888700246718983], [93.77169144160715, 6.876524925384999], [93.79435360443532, 6.84923744225415], [93.78665053879158, 6.830695151959674], [93.81527364286435, 6.816242813754911], [93.80401074849752, 6.7689629797576885], [93.82629597218173, 6.754214644090482], [93.84725344219291, 6.779120207131996], [93.85073924052372, 6.815691947525394], [93.88029587235704, 6.793385744456472], [93.90200102342871, 6.8127144577062495], [93.8973323108377, 6.902134418368675], [93.91645050089008, 6.9125230314128885], [93.91843557354301, 6.947132468188812], [93.94562327869156, 6.954844951533502], [93.91386795014617, 6.99983155748059], [93.92478024920936, 7.01077294331661], [93.94787180414076, 6.997938752571429], [93.91573202621228, 7.026876330678235], [93.88785481444839, 7.08665311325062], [93.88247525702789, 7.203566909185497], [93.84614431820577, 7.218031644544666], [93.84735751173989, 7.243617176891405]], [[93.72153663600719, 7.213096380093873], [93.71362495462816, 7.221958756391402], [93.71334373932237, 7.207031249692406], [93.72153663600719, 7.213096380093873]], [[93.69211244553301, 7.408367753369362], [93.68333077439607, 7.406419634758308], [93.69123816510947, 7.396952271030486], [93.69211244553301, 7.408367753369362]]]}}, {"type": "Feature", "properties": {"type": "EEZ", "name": "Indian Exclusive Economic Zone (EEZ)"}, "geometry": {"type": "MultiPolygon", "coordinates": [[[[68.43437219960813, 23.968310141832177], [68.42854154105927, 23.937878251180365], [68.44871997874404, 23.93980085872269], [68.45680522927799, 23.934181213792073], [68.45313847026424, 23.880052328352406], [68.43239617384441, 23.85191965067139], [68.4728965756166, 23.863257050272722], [68.48552775340326, 23.898877859225877], [68.51845300190465, 23.924060463819387], [68.49909378377285, 23.969187166048698], [68.52215945699336, 23.94536876655536], [68.55680259660286, 23.970159138919513], [68.53764653176219, 23.946855902577965], [68.54409086670015, 23.93508923048367], [68.55876886818888, 23.932106852849046], [68.5590789319472, 23.923830151940052], [68.579461813412, 23.924077630078642], [68.58848154588676, 23.922526836444433], [68.5915893186673, 23.97057912963595], [68.60352351446645, 23.97069820803003], [68.59725964042016, 23.93920326192105], [68.63882136361511, 23.89806175234807], [68.6134293078164, 23.902991056092446], [68.5730928182791, 23.880812168247047], [68.55011367770422, 23.83914625679435], [68.51522946386868, 23.822306751855194], [68.52620530093404, 23.80206930605371], [68.51571941362019, 23.784998655563584], [68.5240659711678, 23.776969552403017], [68.52927517900648, 23.7552607060168], [68.5882508751778, 23.836279869220675], [68.64503514745414, 23.837919950245606], [68.67192471025729, 23.861298560680098], [68.73421287572367, 23.843159556068684], [68.65927576996094, 23.802521825122255], [68.5955610279191, 23.732025265853423], [68.55907666655506, 23.71937596762686], [68.48903048057232, 23.63203871271648], [68.49245405211295, 23.622928738670424], [68.49301302393198, 23.605885863741662], [68.4874434469576, 23.578239440497896], [68.49398612995608, 23.549203276909708], [68.48415946998361, 23.548354863686114], [68.49897360814558, 23.514900564709393], [68.4919059279164, 23.500738859510818], [68.50787901880184, 23.493832111163073], [68.5006994008568, 23.47580194430435], [68.51543462260989, 23.457731843050198], [68.52183771104163, 23.467175721882114], [68.53598332377149, 23.4211783409078], [68.5607229475061, 23.418228745360324], [68.55712604513101, 23.389670729720507], [68.57078385389187, 23.375226258784892], [68.58380925669186, 23.383227705993875], [68.59859705011391, 23.368923425875437], [68.60599923137946, 23.380661249517118], [68.65650570427496, 23.30287265794692], [68.70799672616809, 23.31466484110956], [68.71364367001937, 23.305318951508497], [68.63316404788262, 23.29590213327691], [68.63776791126023, 23.269106865289643], [68.65918731714103, 23.261429906065388], [68.60651505012956, 23.243508576959357], [68.61913824103706, 23.220019579240216], [68.65106737615858, 23.23465073144618], [68.61900937538238, 23.216571569522387], [68.60165274138095, 23.218833446306576], [68.59901225541134, 23.240094899759868], [68.58429455784764, 23.224738955138747], [68.65935051441485, 23.1498838666472], [68.76247751722374, 23.078888416567224], [69.19769465928121, 22.838464975578233], [69.26701164257341, 22.824014544835478], [69.31869935968771, 22.832304835399924], [69.46928691885634, 22.774141431182187], [69.51581346991574, 22.790691733037136], [69.59806752189874, 22.75955724696945], [69.6412776709279, 22.76649665869388], [69.71636450301949, 22.741199970602253], [69.75246787109549, 22.819367408778987], [69.79841220376036, 22.850530862909096], [69.86708426432747, 22.87272334130921], [69.90073573606551, 22.865061402561764], [69.93716204169496, 22.892899274382074], [70.03313243391474, 22.896734238094723], [70.13159477737722, 22.924136876715522], [70.13879644849746, 22.941090107222777], [70.11186146723307, 22.95912444603647], [70.12559115880507, 22.993143677538768], [70.11999154087707, 22.965403914559033], [70.16143584229044, 22.942841411002377], [70.22489881552806, 22.959920764231924], [70.20777904946365, 23.088578343615723], [70.21511673944613, 23.098943113833712], [70.25021016616634, 23.099081158868415], [70.26814901856253, 23.11738443364476], [70.27980184547889, 23.118615865429916], [70.27919495148595, 23.10237360026153], [70.31249999987526, 23.1160713434179], [70.33351433312006, 23.11792194853922], [70.33724916002072, 23.115868807099872], [70.37206506764889, 23.157615304103075], [70.43814015414492, 23.17211806729503], [70.48997664430678, 23.153254270268377], [70.50261807436473, 23.170359849527472], [70.61274445029616, 23.176085949007472], [70.56120276419634, 23.164870023532785], [70.49669444599195, 23.091595650019286], [70.4559471605331, 22.986951351523686], [70.4974497560016, 23.01052725343007], [70.4523458478827, 22.973711848023413], [70.47931110842094, 22.974796652543603], [70.4446789026093, 22.96172690417336], [70.4834758040652, 22.934897661597887], [70.48385965809686, 22.913364410539174], [70.47118783005445, 22.873412251674154], [70.46992552274483, 22.89063513310495], [70.45377111414567, 22.88507425797073], [70.44442951700867, 22.890575170807608], [70.446113466963, 22.927160858786664], [70.38478660571738, 22.909321903982743], [70.310849666579, 22.79368531712379], [70.30304765662422, 22.758150101146384], [70.26285314575617, 22.736812830347873], [70.25488293200178, 22.70626747576344], [70.2385250329041, 22.701352357925032], [70.25072956062073, 22.69395816353847], [70.2452851530874, 22.66967904575148], [70.16214323012613, 22.551414131756843], [70.08618462042395, 22.544686317019966], [70.04027664645017, 22.558841347450254], [69.97580707103955, 22.54265105680085], [69.92291331269925, 22.5026433468131], [69.90972197059259, 22.46733450908036], [69.87152290335942, 22.446712851317102], [69.82896041908808, 22.45134711267923], [69.80675327814131, 22.404654979343917], [69.75404584404063, 22.42617797813122], [69.72881424438194, 22.473832845609337], [69.69089233831087, 22.450778245619546], [69.69810175888918, 22.399016260691923], [69.6602499486763, 22.387676954527933], [69.65416705576516, 22.358846902962227], [69.61698353266397, 22.36541855312379], [69.61437094186559, 22.33813202417366], [69.58868443993507, 22.362306833193884], [69.56528222589415, 22.35670041998847], [69.55077207117424, 22.404751658262484], [69.50945234295128, 22.42551422090463], [69.5212825539468, 22.379457712203674], [69.48862981801179, 22.338576674174305], [69.41909337046278, 22.315598726100433], [69.33460891257127, 22.33012735829101], [69.32125532647225, 22.29221606242146], [69.22362804399918, 22.25784111037902], [69.15814650016094, 22.315768003690522], [69.18172097214526, 22.378737449673622], [69.19860565632612, 22.387913942074846], [69.19063591921238, 22.42183303856399], [69.12865757918402, 22.397866249028255], [69.11010336837583, 22.409895658058304], [69.06920266127386, 22.395858169019306], [69.0438170437217, 22.43296444395395], [69.08549821397148, 22.472230314877237], [69.07013726192523, 22.477694511092892], [68.984834432663, 22.4143049719969], [68.93615126596822, 22.31143701080947], [68.9576982262922, 22.237432241205], [69.23049926732747, 21.94433712945505], [69.70585203174599, 21.538920163734645], [69.72463166751751, 21.570662021335323], [69.68636274364584, 21.595732450792013], [69.66364920164946, 21.621880054920666], [69.69101083298361, 21.614639878427738], [69.69364857692031, 21.594494223729527], [69.71575510531395, 21.59907877416623], [69.68180465665958, 21.635717153424025], [69.70417284999715, 21.647381543823286], [69.7138365510161, 21.631983757344614], [69.74123454104128, 21.638955354905818], [69.76422977408495, 21.57892191391528], [69.72574090931559, 21.554631352255228], [69.71496915810033, 21.5263073447083], [70.09989571581471, 21.10459542254071], [70.32029223419929, 20.927967310043414], [70.5858501192877, 20.781530618543314], [70.671292424406, 20.760850072273087], [70.80437147656241, 20.700712323415047], [70.82691872132202, 20.71192073865126], [70.827464341806, 20.69768595724122], [70.8137093783852, 20.6985731123593], [70.82238686126473, 20.69102275339742], [70.8681771751366, 20.703646302235114], [70.87182045015382, 20.728641629307788], [70.88666903954467, 20.733277558912334], [70.87413775935025, 20.709213614716646], [70.90005111706554, 20.698745370302674], [70.92394602289065, 20.7114242319428], [70.97581350818697, 20.703919053121894], [70.99700415172029, 20.716238855938542], [70.9629633427841, 20.741434574446117], [71.0735650059203, 20.735241532570797], [71.08630561860949, 20.756006359705793], [71.15518105006547, 20.75941216963605], [71.15273225279137, 20.775578140818652], [71.20928645150869, 20.80185806759576], [71.38384044138334, 20.85673892476163], [71.37814545664756, 20.87385427965134], [71.44020545511782, 20.86952805497586], [71.51482236356136, 20.921046018758858], [71.51729106912765, 20.948886155971422], [71.57947421086621, 20.953990221371697], [71.63807904731019, 20.97477924836366], [71.65498900423918, 20.99770414812798], [71.80668771266787, 21.03986644757856], [71.79651057700167, 21.053295969733256], [71.82007706120751, 21.071830868499802], [71.97014570256229, 21.120836257787147], [72.01788747332833, 21.188122749065712], [71.99710035289903, 21.142105579409048], [72.00827062159206, 21.132589816866584], [72.0180784461634, 21.153898954173457], [72.11378514726678, 21.196447730078717], [72.08228635752945, 21.245810747368182], [72.09807193257373, 21.271101951394], [72.08490574360522, 21.290316343724356], [72.11083185640521, 21.286929369195093], [72.12157022928275, 21.325004935229657], [72.23510765999063, 21.456560254352354], [72.26946187006936, 21.574002146581847], [72.30595672112591, 21.62857603995235], [72.24727630655647, 21.75136411216411], [72.24830412823306, 21.78886604293362], [72.26992023023448, 21.747096061933803], [72.25537693459799, 21.89228022085561], [72.22091615215871, 21.94727134749479], [72.19038605727079, 21.936971425590855], [72.1598770622767, 21.95723044882621], [72.19089603402486, 21.942572832270514], [72.22112965570912, 21.95633125268529], [72.23115134266035, 22.006805538844674], [72.21002650252123, 21.99962687508028], [72.18500757184214, 22.020956277710155], [72.23281586186263, 22.017703413681716], [72.23825776568336, 22.05913066844559], [72.30196404420528, 22.10596883279547], [72.29778313648265, 22.06306982041599], [72.28661417990057, 22.073971152246997], [72.24165165420052, 22.048759221660816], [72.27545273265756, 21.929620504782548], [72.32317590724242, 22.122436523826536], [72.30980885019844, 22.14885604337178], [72.3126015662094, 22.180420041152047], [72.29705810574708, 22.19101214379546], [72.31568694139932, 22.185013652258306], [72.31648993526247, 22.146838426951888], [72.35026395311903, 22.12675797939727], [72.35365557714331, 22.180246353286634], [72.37714886642706, 22.157129764826834], [72.39174914400795, 22.179486155461746], [72.36111593285412, 22.209416746985312], [72.36014974081795, 22.22496724104539], [72.37093126766402, 22.242606043634055], [72.35654175249996, 22.2709306474315], [72.37747883757837, 22.260780453655087], [72.37766313564529, 22.226580977330343], [72.39719164407919, 22.206007242640226], [72.41678106809198, 22.228027224776667], [72.4151753186861, 22.29274940446149], [72.37254714973128, 22.316908240622865], [72.40429604092961, 22.35218262712661], [72.36555111399278, 22.373110651535427], [72.37652373328368, 22.38503932930169], [72.41251242161107, 22.357967138472702], [72.39402365716612, 22.30739235847065], [72.4347033504794, 22.30123937149986], [72.47082281102402, 22.238430142437124], [72.49323713778372, 22.24736607068772], [72.47463071323685, 22.200700044671407], [72.48732531031484, 22.197289824465884], [72.53289782997095, 22.277038216840282], [72.54494905475516, 22.243964314901234], [72.63528144328413, 22.284511208925267], [72.6919567581979, 22.236915707493978], [72.75257205965286, 22.230776548498966], [72.84407997091395, 22.28233635413949], [72.86700046040303, 22.242474317236002], [72.90439605713235, 22.25229883232538], [72.91379010632838, 22.27795684373342], [72.91981470608388, 22.269364476289553], [72.91038095991351, 22.24319672554853], [72.87783074399371, 22.223764777322742], [72.80994701384364, 22.246155023835314], [72.75892436516736, 22.17452216126881], [72.61519014810696, 22.217564344818697], [72.5553618667569, 22.166713118615576], [72.50738835329, 21.993926048348527], [72.50513982784085, 21.909812211864164], [72.51629304898503, 21.8745490309131], [72.57016634979735, 21.880662679738947], [72.5244654420267, 21.862473965101486], [72.52776217498453, 21.84773755084737], [72.59352052205449, 21.860511422264352], [72.61019706714094, 21.884670853776953], [72.51798951660297, 21.714242457923177], [72.52556526702355, 21.678192854017084], [72.54927122618616, 21.658568501235436], [72.59530091260714, 21.679369569250326], [72.73668134217021, 21.68942284578779], [72.79484295853584, 21.661643743763875], [72.86856174462898, 21.68886554221109], [72.97952270490904, 21.680274128947957], [73.06723177462683, 21.740786314137182], [73.1027877334673, 21.73221433162618], [73.13610494158982, 21.754885912155117], [73.12833702583308, 21.842259168725747], [73.14139246958686, 21.866101145851303], [73.20151150265386, 21.827038049566426], [73.2401592731321, 21.840409040245106], [73.24365770783712, 21.866834879326348], [73.22388875486232, 21.89160251604335], [73.21995174867433, 21.908063650117413], [73.22300374552654, 21.92030775519879], [73.24454390967375, 21.9354890586732], [73.2637051340848, 21.9341137407566], [73.33611476448485, 21.87564110735127], [73.34456384204768, 21.91836035244836], [73.35631811608826, 21.92927491690395], [73.37571597101535, 21.929817318714356], [73.40795731567763, 21.911623358331383], [73.43369305099353, 21.922457813877088], [73.44200062742706, 21.93769121148034], [73.43634247802302, 21.9582746030905], [73.44445753119024, 21.981276511801667], [73.46409034749163, 21.98443281652129], [73.50547301746579, 21.963842153892415], [73.53668701619293, 21.981055379302347], [73.54678821580367, 21.978605151206807], [73.56864166238287, 21.956406355069333], [73.59306263922949, 21.94749355288522], [73.60040175913397, 21.905653953567196], [73.58893704430929, 21.944874406029015], [73.56999123091074, 21.952437878005753], [73.54356145819483, 21.977124929172163], [73.50826323066363, 21.961495518703316], [73.45276164973043, 21.98155534300477], [73.4419480566576, 21.973353743580446], [73.44402265592086, 21.93926441711926], [73.43084120725601, 21.916748165695367], [73.40762567538471, 21.908511638401478], [73.36936867202675, 21.928798079268006], [73.35204815839595, 21.922382354462087], [73.34666705144335, 21.877066969864842], [73.33042013677996, 21.872797250492738], [73.24539053414597, 21.93311774698654], [73.22358942001583, 21.911926031461235], [73.24966716750586, 21.865669965896274], [73.24586451013917, 21.842490553496276], [73.20148026919921, 21.820899963462608], [73.1377704140734, 21.85184144962321], [73.17748820781466, 21.784499645542297], [73.15952277145882, 21.763327479479642], [73.11080491521469, 21.71965503665072], [73.04851472357572, 21.711905360044398], [72.98342072998278, 21.67692577850198], [72.89210772519144, 21.65939974819986], [72.842506527854, 21.671252608621103], [72.78680300685338, 21.645139337010875], [72.71964335415757, 21.639279008319676], [72.7051371339717, 21.651859045258846], [72.62857341722949, 21.616595029736857], [72.59844851458737, 21.544809818418514], [72.6271313426374, 21.492233157434327], [72.67169451718829, 21.536906719269723], [72.70577251938639, 21.53217864063177], [72.67151534525706, 21.51450490927425], [72.64325034582694, 21.440001010538225], [72.68660044645353, 21.445730328691724], [72.62546515429355, 21.381031751714062], [72.63546574135088, 21.362172246252214], [72.58826577704409, 21.291285515214355], [72.60430991616985, 21.23698687554395], [72.63849604115947, 21.22537326806193], [72.61880016349679, 21.222690820624962], [72.62479817839326, 21.09199523898917], [72.65091800696061, 21.076790571128043], [72.65886485542885, 21.08777725671513], [72.65992283856818, 21.138671755597073], [72.66215205197565, 21.147745370952236], [72.6719635727608, 21.157589316793548], [72.73056197185767, 21.14097785924085], [72.77328801133282, 21.17494404333297], [72.81454694268726, 21.194662571320634], [72.79295194147895, 21.228830337550136], [72.79333424597874, 21.24176752585069], [72.8113043309302, 21.255549311551533], [72.8206193450068, 21.257357358955062], [72.84302711480959, 21.238534808434792], [72.85215961957081, 21.226233958830193], [72.86988723290952, 21.22580575922848], [72.85432553329687, 21.223822712748017], [72.81035017991698, 21.25275325815639], [72.79417204900099, 21.22977495215241], [72.81556427467169, 21.194075107180453], [72.74433660525025, 21.143071532225434], [72.72900867451077, 21.138943671912955], [72.71487224116115, 21.139690280082363], [72.7002650495925, 21.10085511247354], [72.70749354389207, 21.073254943161203], [72.76871871969328, 21.06860923792604], [72.76073825366748, 21.051621556189872], [72.7233388420141, 21.04880392536097], [72.76985323423949, 20.917968750057867], [72.77917492398367, 20.940353870434848], [72.80658686159441, 20.936408042796955], [72.82222986261817, 20.955283522916318], [72.8352966306351, 20.95753526703905], [72.84728395948716, 20.945694446741356], [72.82235622366088, 20.950907945245547], [72.80438375460673, 20.93283343281678], [72.7883869414043, 20.931728959224188], [72.78540492080052, 20.922648429881235], [72.83757162133341, 20.78024816552042], [72.86703705831363, 20.748087048478567], [72.88505411125831, 20.742187500352884], [72.89182925191855, 20.75076091278595], [72.9027960301128, 20.745757817869105], [72.8957011696734, 20.73917782289834], [72.86991345893907, 20.732323646219413], [72.85212361791068, 20.73396074779035], [72.897643565898, 20.586848378549917], [72.88487195987315, 20.499783754017074], [72.83279275887887, 20.44560134452655], [72.82028973088646, 20.366783857489025], [72.77584385850733, 20.333057642196508], [72.74091267577947, 20.24401402442774], [72.73836684255585, 20.114559053957294], [72.7080328466387, 20.070553302592884], [72.71659100027452, 19.97319364577021], [72.7332248689327, 19.96081852925174], [72.73583006820323, 19.9480657577286], [72.71305024617206, 19.969544649266226], [72.66458857080599, 19.933175205971096], [72.68135726492599, 19.86513185515109], [72.65435266534328, 19.858777642174502], [72.65081477198422, 19.83961784858495], [72.69124174141328, 19.794654131283238], [72.68757081044456, 19.747937679380513], [72.73079252205733, 19.60801815981027], [72.71276164023763, 19.595445513499726], [72.72908437224604, 19.528937220876102], [72.76497125641836, 19.504241109040038], [72.8274384733069, 19.511257768031655], [72.8468837737673, 19.539963841757896], [72.86310327079943, 19.53899908054325], [72.88322365274948, 19.52462053261158], [72.83796715755844, 19.517944812902826], [72.82236611800195, 19.49087333703497], [72.7770025729105, 19.491060852876146], [72.7452764507477, 19.4635863305448], [72.76026260853271, 19.37234175246992], [72.80789387240438, 19.32563650611995], [72.84691381472092, 19.34235477435338], [72.86022865802627, 19.339564919085788], [72.9034060240688, 19.29217040533993], [72.96326184265999, 19.304329633306025], [72.98836755791658, 19.287890553306454], [73.03064513246701, 19.19995641745477], [73.06096303501621, 19.205353856095684], [73.02757060489964, 19.195730447402298], [72.98723900317756, 19.27950584921568], [72.96296894516084, 19.29505884608892], [72.89971923805243, 19.287630558403606], [72.85625696138979, 19.318072437892795], [72.78440797284983, 19.301818609241522], [72.78442525871881, 19.19232082344729], [72.82900130706477, 19.246086954749202], [72.78242564222964, 19.16791105305272], [72.79393804090799, 19.130132436862596], [72.80174565273981, 19.150243759042297], [72.82893812699311, 19.176795840455767], [72.80361592783291, 19.140819549282867], [72.82624387775277, 19.09805607822547], [72.81616246682447, 19.04225945491001], [72.83461177351458, 19.049529671457194], [72.83834636209494, 19.03513443480641], [72.79178595515785, 18.947623252810928], [72.82154667374007, 18.946298957031317], [72.82567226866027, 18.91949784794737], [72.80474305175059, 18.899481654254984], [72.84438264404386, 18.92899775544207], [72.86515986923266, 19.004430770763534], [72.91852867645738, 18.99943804772782], [72.95562255423752, 19.027989149379792], [72.95711481549634, 19.101434230405502], [72.9793527123579, 19.160156250310806], [72.98201477486211, 19.0628242494396], [72.99857401867612, 19.048463344407878], [73.00344276387258, 19.00127601647506], [73.05756604653592, 19.022262334938816], [73.06699430953987, 19.00311815717727], [73.05939865082715, 18.995014547883088], [73.0325638054754, 19.0011928085014], [72.98160612562233, 18.963488102194205], [72.95361292379746, 18.97096347838186], [72.98013651378918, 18.942754745035515], [72.94969165304744, 18.96264994124192], [72.93941342818724, 18.94599127737561], [72.96126008038848, 18.923144340738816], [72.95720267296511, 18.90808021982636], [72.91029167162341, 18.904262542882094], [72.92625594105894, 18.851374745248393], [72.98586881139661, 18.858424425546843], [72.98329353346983, 18.80904495695927], [73.00997483756882, 18.801589131133554], [72.97887694851252, 18.80480074865571], [73.00100886836466, 18.781369924482462], [72.98782157860299, 18.750205635781526], [73.02061951188105, 18.712862252790842], [72.98655235730556, 18.74037587674536], [72.98345017468583, 18.753663659450353], [72.99595832791456, 18.77805292620161], [72.94335365304866, 18.82761645273719], [72.91636800757763, 18.792631149707844], [72.86922550185548, 18.804068446002077], [72.85533380551087, 18.697089433730397], [72.8668062688943, 18.646728515208864], [72.92448735230957, 18.5455249545131], [72.96720564322592, 18.542569875799202], [72.97863554979088, 18.512415051813278], [72.9521217345305, 18.54098606085813], [72.91150045398288, 18.530501246435506], [72.8946455715359, 18.457031249692477], [72.92625975598301, 18.38623595272712], [72.91149961941207, 18.366766572019756], [72.91755437883168, 18.34852612028422], [72.9526277776499, 18.33381557502888], [72.99194955852536, 18.27687942974198], [73.00869464903897, 18.284568547800333], [73.02843260777868, 18.264269709779384], [73.05295193178628, 18.26854205157447], [73.03945970530125, 18.299099445383206], [73.05024516578189, 18.307551145369118], [73.0822726489636, 18.31214010698045], [73.08273565772444, 18.301143646662027], [73.04551255725883, 18.29526257510784], [73.08036053201303, 18.231010556492024], [73.0755083559259, 18.199820160472115], [73.05979371041153, 18.19046676153185], [73.08929467241128, 18.164231657864832], [73.05657053030578, 18.185497522492753], [73.06385695893167, 18.22691404834474], [72.98178517794375, 18.241979241249112], [72.9655481576215, 18.279523849346248], [72.93519663841423, 18.28069472348274], [72.93164384328887, 18.21944832817786], [72.95625185933594, 18.219316243849676], [72.98170125500897, 18.195352554276994], [72.98562240614925, 18.14355766765236], [72.97129178039145, 18.132267475263802], [73.0028872490474, 18.07554662227885], [72.99000191655537, 18.05497205301792], [73.0297143458404, 18.032335758288696], [73.00480794912764, 18.0186411141961], [73.02140605444598, 17.993538140972518], [73.08331441912529, 17.993520617682407], [73.11223185061945, 17.981457829415305], [73.13230288047365, 18.016523837605064], [73.17230486897463, 18.060184716951227], [73.19927763975139, 18.06963372191875], [73.22894585137001, 18.057786225953677], [73.29083383111654, 18.076444149278146], [73.30380511271588, 18.07642102231239], [73.31160044700309, 18.06231117292235], [73.33244824379156, 18.070870519059284], [73.30540621262665, 18.058904766741662], [73.29513955124943, 18.073450923121698], [73.22872281050931, 18.055155753934983], [73.17635726897291, 18.059260010641026], [73.11616551852401, 17.97697472610281], [73.06971001660415, 17.986295461666273], [73.02971947197611, 17.96721196206242], [73.0378651614482, 17.934311032128534], [73.06403350843973, 17.9314680098409], [73.05068063730167, 17.90650618071578], [73.07440555057585, 17.882154941797225], [73.12415313685787, 17.75231957428899], [73.13472330593586, 17.708833455699462], [73.11395180223391, 17.689651847255007], [73.14504921464962, 17.600475549806887], [73.1675465110628, 17.582234143890716], [73.2119283678999, 17.592604279464], [73.23834884162588, 17.572958708077962], [73.26833605806277, 17.60069394117251], [73.28684747193344, 17.605989337338073], [73.30076765969974, 17.600219010998657], [73.30480396722945, 17.58276224108461], [73.32679474388246, 17.58255565152217], [73.3427571058559, 17.570799470019566], [73.39942693670386, 17.58590722064183], [73.46235752118272, 17.579786658727386], [73.34326255362399, 17.566875458135968], [73.30417132384767, 17.577880501583962], [73.290909409242, 17.603720069026053], [73.24457252070542, 17.568170070892165], [73.2036112550555, 17.58647584938103], [73.13737297038634, 17.55681061721633], [73.17559421040457, 17.51705074329722], [73.19364094727203, 17.468236446454952], [73.18425464663468, 17.455750346401416], [73.19683027239924, 17.43711137808775], [73.16717135887117, 17.40576577167309], [73.21697676166835, 17.368997454768802], [73.22087204470918, 17.32691860161225], [73.24166655576707, 17.316209435117415], [73.2365776304533, 17.292451739756004], [73.29464852770744, 17.294110656181928], [73.30219984085002, 17.26974677998993], [73.33069837083329, 17.26811635498585], [73.34047114882449, 17.257773518333295], [73.33917415106632, 17.232352852402286], [73.32964205773479, 17.26617467372226], [73.29971683066722, 17.26603245763188], [73.29268324373683, 17.284407258188466], [73.25983035558656, 17.288126945901865], [73.25712537743433, 17.26981484877635], [73.22474944563058, 17.284150957700604], [73.2240580324524, 17.300369143521237], [73.19161784678633, 17.304764866905188], [73.24255895573137, 17.226063967078503], [73.23585295674869, 17.193876027756488], [73.25264513486522, 17.18926692043206], [73.26620984041196, 17.112300515156647], [73.28329646555952, 17.099924207036622], [73.28041875372261, 17.03234946685447], [73.2931102517368, 17.022163272317187], [73.28866064547256, 17.01216852635646], [73.26591002982403, 17.047380566460077], [73.25454354255058, 17.027245402353458], [73.28426027259363, 17.01069951077386], [73.26857852967552, 16.990501404016683], [73.31151998016307, 16.972902059182772], [73.30600905427454, 16.96312296435339], [73.29385995896999, 16.977810620963453], [73.28190791591769, 16.949064611942305], [73.27881336224695, 16.891625761819512], [73.30070090302442, 16.892578839941535], [73.28610312915615, 16.880729436514358], [73.29573404808795, 16.81621325014146], [73.31801974751343, 16.805771708397685], [73.30503582954006, 16.75054001850708], [73.33032596067463, 16.687518715816168], [73.32402610811843, 16.636306405516308], [73.3400564192684, 16.637802720019636], [73.33038377718961, 16.62077474595783], [73.36629366871787, 16.633613229167267], [73.39293563377251, 16.61914944619008], [73.37104082107717, 16.629966855086366], [73.31683516501087, 16.60113322691693], [73.35501456227226, 16.56567895442032], [73.3583098653082, 16.526257157242128], [73.41680395563813, 16.513249159021598], [73.3519606588574, 16.506664752876134], [73.36329305193297, 16.47962975530902], [73.37230491623896, 16.492654203928453], [73.38353085476527, 16.4907226562257], [73.36556446512807, 16.474963068890574], [73.34923875366567, 16.504714608092783], [73.3640328648249, 16.51577568020356], [73.3353824618313, 16.560724139607487], [73.31031811269085, 16.539220571572216], [73.36537086986985, 16.39870917758654], [73.40557873207288, 16.396955013063476], [73.36920785885562, 16.380606651275954], [73.36828517871808, 16.3647915128181], [73.38736701007954, 16.357262968711126], [73.45268774074671, 16.135525941568986], [73.45888245086454, 16.136483072935505], [73.46527004217884, 16.153795123046564], [73.47972524202643, 16.16416335115774], [73.45515036599673, 16.055136918933727], [73.48320877586443, 16.035845756876256], [73.51026141633136, 15.937018156462784], [73.54034042387158, 15.936177015157199], [73.59591865582141, 15.896337866899088], [73.64999091634778, 15.802698969781716], [73.65579915091016, 15.741194725356394], [73.67984354474387, 15.72103691092478], [73.71090114147464, 15.727841377577576], [73.6897468566323, 15.71655905245835], [73.7331695559304, 15.61686503889051], [73.77505314378757, 15.648093461843843], [73.75188064537556, 15.609460830552962], [73.73110711550103, 15.607899546327047], [73.76793301149937, 15.490585803891804], [73.86730194083194, 15.510952353668245], [73.89831316492078, 15.544810057038532], [73.90817046209716, 15.54940080650212], [73.93738520136597, 15.538533449259319], [73.92872452771493, 15.535340547528307], [73.93263447240312, 15.531663775462917], [73.93234670193888, 15.52724540265325], [73.92134237255257, 15.512416958975507], [73.90156400187729, 15.501981854579014], [73.81811225437704, 15.498971462163311], [73.80085063015255, 15.460690856098196], [73.9524759053389, 15.404911875682586], [73.95885181445973, 15.374284625235347], [73.98135995849535, 15.373590350414418], [74.00594544382719, 15.34844887271737], [74.01086342330845, 15.309345364497034], [73.99457633502996, 15.325088978073936], [74.00080406645455, 15.344008207512843], [73.95740950064797, 15.373049616846458], [73.94916403319374, 15.400532841917212], [73.78276205052836, 15.410948157631452], [73.80707550083386, 15.378466367528944], [73.83781957591285, 15.362192273554655], [73.87155270609261, 15.370461940865937], [73.89069891002671, 15.341645121924913], [73.95402014291537, 15.140126824793185], [73.91693115205115, 15.088977456244706], [73.958486318289, 15.069979071177258], [73.98311066602454, 15.049970150302329], [73.98913454991961, 15.020189046787152], [74.03294241446096, 14.99875080550531], [74.0489182473793, 14.960219740948375], [74.04301321518776, 14.918342828758625], [74.09464275875641, 14.898089647519313], [74.11690771621821, 14.843779444365936], [74.19874501247247, 14.879827022998754], [74.24568474265683, 14.872229814754206], [74.245624542039, 14.889950036564997], [74.25544011606857, 14.896569848120095], [74.25325763233403, 14.877952814270984], [74.24129903322395, 14.865244031287133], [74.20316433946286, 14.873608231734593], [74.12463426585876, 14.83723032491963], [74.12438750268123, 14.806584000751116], [74.09545111617618, 14.79872691631418], [74.125376344143, 14.774536370956838], [74.13909113394871, 14.779615401929263], [74.15096282977092, 14.748137473765482], [74.17925477019165, 14.749720930776405], [74.20535802875017, 14.718060851227364], [74.2035213712144, 14.7324826718379], [74.22757351360693, 14.744834423070301], [74.24981915992643, 14.739238977097159], [74.28175091747087, 14.677594899784879], [74.28073024720325, 14.609486222211444], [74.33425641060498, 14.607076049020549], [74.2909115557238, 14.595852374987189], [74.30966615706765, 14.520796537130536], [74.35498452201821, 14.521743417125037], [74.33745467679196, 14.568662047415657], [74.3541139360095, 14.542777776473287], [74.37123835066947, 14.572803616094063], [74.38901436372194, 14.505677699666165], [74.41558241799427, 14.47990345987688], [74.38929200152475, 14.473483443506169], [74.36918604380102, 14.50156664858207], [74.3817541602264, 14.511581301935607], [74.37218534937446, 14.527935743140091], [74.3610227105298, 14.519966244346762], [74.35382211230072, 14.503003120397793], [74.3925017115848, 14.418551802523766], [74.42088365525652, 14.299793243463427], [74.48712372777791, 14.25761246654217], [74.42724156354737, 14.274384260625226], [74.47087097201776, 14.18322515501697], [74.51474261288129, 13.986268639286308], [74.5865111354806, 13.919211744926201], [74.6650338175568, 13.643154859509252], [74.67532753953444, 13.680539131076102], [74.68378496190647, 13.650639653397306], [74.7003452777125, 13.653118372015314], [74.72388005272231, 13.636790871801324], [74.68852412738661, 13.639269113778653], [74.67713415611647, 13.612013578164166], [74.66782665227831, 13.62831270656622], [74.69046616568116, 13.461207747239769], [74.70969367012682, 13.4173498156415], [74.69703340556734, 13.41697025317471], [74.69380986663211, 13.446648835775193], [74.69796454922474, 13.351400256516726], [74.72987055738034, 13.287428856056906], [74.80379116572979, 12.938211560115462], [74.81771910205501, 12.930950761268676], [74.80717575525696, 12.919576168405527], [74.82407248046061, 12.846560835614142], [74.82554960253222, 12.88105714307278], [74.84884655452501, 12.84056282071765], [74.9239742751927, 12.862346410658404], [74.8792146446402, 12.835841774778132], [74.8332934380418, 12.832985043225221], [74.9734590049292, 12.49885141855819], [75.1490142343196, 12.169461250036719], [75.17271244492352, 12.112305403071986], [75.18507194561388, 12.044008135866818], [75.20141315419377, 12.009891271265232], [75.24274873746432, 12.014195441866221], [75.29525220352642, 11.942140460014329], [75.30288755921359, 11.95242762593432], [75.26279854781481, 12.002885342084966], [75.26499235671193, 12.016618251431282], [75.27112245593676, 12.0244865414208], [75.29395163096316, 12.020266056333512], [75.30711555453925, 12.03635931013413], [75.3097484115601, 12.002241611860995], [75.26818001269757, 12.020641207625687], [75.26548516720683, 12.007116556084313], [75.3079208137946, 11.949337720859234], [75.35713934870213, 11.931210636761563], [75.40548205365397, 11.999666571355277], [75.404824137524, 11.974239349366528], [75.37367725340258, 11.944520353931281], [75.39319717870697, 11.918234825277068], [75.37223994701603, 11.938426375077213], [75.36318194838836, 11.928234100223605], [75.2971620559841, 11.939102411647056], [75.35545790156104, 11.860272764876228], [75.40511214720797, 11.837747454581447], [75.45966887431914, 11.765642046843055], [75.49686312633227, 11.79923057593038], [75.47319245296947, 11.762820601089942], [75.5339467527406, 11.696915150114123], [75.58593750001577, 11.57449781891927], [75.60536885289034, 11.560315727888565], [75.59475553074324, 11.54840755466499], [75.6178569791164, 11.47641241550069], [75.68166184401892, 11.449204921669818], [75.7324519154237, 11.35328733943922], [75.74815881237939, 11.36333966269541], [75.74156904177792, 11.372291445993511], [75.75304937333001, 11.422792315213186], [75.75025153118335, 11.365525126783254], [75.733989715653, 11.334658145856807], [75.80244970349113, 11.162386656019464], [75.8225016596239, 11.178167461958893], [75.80393517037183, 11.155873059793961], [75.83568155785767, 11.126421332078849], [75.91368615669089, 10.792971253320758], [75.94996476216411, 10.79924654988848], [75.91325974494143, 10.785923003843635], [76.02334511268683, 10.536056280273215], [76.06779956819562, 10.544026374417697], [76.03464043121099, 10.525369524883715], [76.15992200329791, 10.1886464354847], [76.22114121929192, 10.20612454451225], [76.18742024884554, 10.262027263547466], [76.19162034989935, 10.265359043984787], [76.21629691137346, 10.21455883991861], [76.22256493602308, 10.236188054035509], [76.25316536419021, 10.241529941553623], [76.2305022480804, 10.20887804018949], [76.21569561925745, 10.200411915977242], [76.2246451380627, 10.186714529851727], [76.23705637495183, 10.183586836163599], [76.29351556299295, 10.138295650523915], [76.30561411370056, 10.145554542807972], [76.32378864333131, 10.152838706940827], [76.32949542987026, 10.151756167812977], [76.33804345174397, 10.142707347666018], [76.34117734445894, 10.12630343475577], [76.35070025930966, 10.125249147830004], [76.3594373465564, 10.115006923730675], [76.3501061204012, 10.113866210157568], [76.34478056457155, 10.093711972329672], [76.33128452316228, 10.081164717477847], [76.32009065176217, 10.082278966700969], [76.31502223009201, 10.077119708108171], [76.3043894771927, 10.075802445026895], [76.30068993609169, 10.077770471929853], [76.29545712464673, 10.09271264117558], [76.28527367124306, 10.09448361402768], [76.28672111029115, 10.081788540308935], [76.28068840494595, 10.048013210341423], [76.2667578461978, 10.028169154982578], [76.27030634885901, 9.989189624601522], [76.30404675005755, 9.934615850840927], [76.31480395833611, 9.911843657758695], [76.31790375685298, 9.902703046508478], [76.31720173347324, 9.894529342255396], [76.33962011347754, 9.884513855230338], [76.34022545793866, 9.919303655539352], [76.37734425053677, 9.864400148048489], [76.37168407406088, 9.842490554095889], [76.3842116598403, 9.844136237897118], [76.39065253778452, 9.816825151159819], [76.36807405957026, 9.790760516684543], [76.39088606833755, 9.741088151496996], [76.38286256795325, 9.703531861206528], [76.41495144335457, 9.690489172537355], [76.40273165684053, 9.647655010270611], [76.43012285248776, 9.610850453385794], [76.41841447354918, 9.559264540426199], [76.4400464296991, 9.560358524326475], [76.4981504678698, 9.528804421786731], [76.44306325946198, 9.527656436295615], [76.44284594098755, 9.512639642205798], [76.4340270756891, 9.527366161219376], [76.38250577452195, 9.515853047580208], [76.35737276034476, 9.52541184448107], [76.36407864061678, 9.598276972504365], [76.39084231811856, 9.65838956822408], [76.39107084304501, 9.679218768831149], [76.36387670054935, 9.70324587859453], [76.35990142820847, 9.798069476924866], [76.36961555511382, 9.814529776428103], [76.32076823696471, 9.870884061250479], [76.34701156583125, 9.744852662320596], [76.34145844015498, 9.731828331512347], [76.32193446160616, 9.807643174692842], [76.3194396496202, 9.875980019262585], [76.29831612069242, 9.889198422868944], [76.30291235422183, 9.853669047088914], [76.28483831843371, 9.832784175749211], [76.29720354061092, 9.853422403521222], [76.28639996058976, 9.90070760287361], [76.26985216154813, 9.866231680347823], [76.25849711904695, 9.89944350681246], [76.28675615777055, 9.902194261356158], [76.29722225640214, 9.894371867367866], [76.29639804393472, 9.913230538258816], [76.26533961263308, 9.934970736810072], [76.25984776046593, 9.962050079947332], [76.2369382382092, 9.962670564494985], [76.27972137923834, 9.776646256119875], [76.31063640104921, 9.524284958883783], [76.35227465655024, 9.37751317009679], [76.46060454856118, 9.140625000043784], [76.42284393320105, 9.245642543268815], [76.47101664560174, 9.142310142499142], [76.48075735556765, 9.152486323984704], [76.4839359517828, 9.12672376638875], [76.46363580255033, 9.13421571258516], [76.51786601550438, 9.0191999673047], [76.53705251176413, 8.937259674394554], [76.55355584652514, 8.946754336143727], [76.54408073423863, 8.9620894191914], [76.56630992925997, 8.953554272911433], [76.5832250114253, 8.991509914351127], [76.60693955461679, 8.988404035517888], [76.6092481610738, 8.960905432939512], [76.59836375718166, 8.973655342819924], [76.56645786773643, 8.923239231105711], [76.57279097991992, 8.907425045929216], [76.60313487017825, 8.918094277129256], [76.60128295384536, 8.906099200617717], [76.57056224315315, 8.904800057077068], [76.55366754502128, 8.941313743534494], [76.53921186943236, 8.931344509541589], [76.54701614388003, 8.901815057019263], [76.64051055951481, 8.825601458940255], [76.97897613034425, 8.381652712802506], [77.23957407448407, 8.1762913463686], [77.29682743583763, 8.149143338194577], [77.31631576975704, 8.120818972717515], [77.54989731341041, 8.077798962851858], [77.57604110261488, 8.13557255233151], [77.7420443294823, 8.1751784083569], [77.7825976608535, 8.202461361602658], [77.80321252333934, 8.239971518470895], [77.88873147947427, 8.27319014111221], [77.98231577875029, 8.34100902114946], [78.06657624249974, 8.370367526939901], [78.05512404443917, 8.383437037889024], [78.06554257882712, 8.420091747935885], [78.13035380848149, 8.497081637207827], [78.12252175847252, 8.521499753310962], [78.13867461664032, 8.58899092668996], [78.12111103514624, 8.622585177264213], [78.12486302830624, 8.60550630067533], [78.11034345588578, 8.60704445883475], [78.11292052256422, 8.585787415656796], [78.09662973897136, 8.58130824597879], [78.10077583753494, 8.63946342499716], [78.13093113906083, 8.663689016934711], [78.17229783527702, 8.745762944604309], [78.22336494913313, 8.74592864469129], [78.20096993441499, 8.752050280396219], [78.19940984269019, 8.787814855870977], [78.19042336984265, 8.76540505899635], [78.16043794125815, 8.77719390387567], [78.18602037454079, 8.922004342326645], [78.21898531911731, 8.969028949626406], [78.41106295609072, 9.111959338252944], [78.486925243905, 9.136439323216251], [78.57810962226128, 9.13120782388198], [78.65091252349427, 9.15942525906847], [78.64520180242127, 9.181284904674726], [78.67127633123786, 9.198305368497955], [78.7182523014026, 9.190071940267913], [78.7275184391248, 9.208499670423507], [78.85970342127595, 9.253039240468624], [78.90677845446211, 9.249646544452489], [78.98102521903874, 9.274842143350313], [79.09377431843009, 9.25979495037673], [79.1695604327679, 9.279546260451582], [79.0643998388816, 9.29987311325361], [79.01943194872555, 9.329314947526925], [78.92709755870553, 9.422620653920134], [78.898220062506, 9.488674044271818], [78.91481280336828, 9.49431991613126], [78.92736673388768, 9.586046218758042], [78.9804209474689, 9.68817675115622], [79.1196123363404, 9.85197854017757], [79.15533185038473, 9.932213544919193], [79.26728880443491, 10.03830564039309], [79.2286918159746, 10.091965556365395], [79.22871911489531, 10.137700557434798], [79.24250805380379, 10.182702541788885], [79.28116166627794, 10.213699817392694], [79.26799654930144, 10.231809377300976], [79.29488635042489, 10.260356426607913], [79.36599910267651, 10.292140841926368], [79.38261985742056, 10.3154597283838], [79.51209795485678, 10.309038639121908], [79.45742464053481, 10.324780106916492], [79.48634445703121, 10.335572243064618], [79.50078034393786, 10.320099830842594], [79.508018851289, 10.338280558600985], [79.52727603875834, 10.330197215529111], [79.51198697132182, 10.326186537778582], [79.52390801923977, 10.318295002112748], [79.54574513413078, 10.347866774032482], [79.59002470927302, 10.340008616704353], [79.58652031386148, 10.327845930845086], [79.56187331670034, 10.332800269017255], [79.5270098448286, 10.305370330576352], [79.67419731645307, 10.281000375866753], [79.73153495777214, 10.280282139509168], [79.57667315024585, 10.308623075894246], [79.61356103381482, 10.317416548834728], [79.62504935224595, 10.351267456927687], [79.63646292712255, 10.318219542697776], [79.68717813536281, 10.325305342467644], [79.75734567676162, 10.313586115906546], [79.78537833724047, 10.286690831616653], [79.75144636605697, 10.290112852725969], [79.744488119831, 10.274865746756902], [79.83538031564919, 10.275419950370477], [79.88297665075189, 10.302353620423304], [79.85327744489817, 10.65410006086914], [79.85581064264707, 11.181668400376452], [79.84763240850899, 11.242650747534071], [79.84012830257919, 11.229016423669123], [79.82956147178456, 11.23902487799576], [79.84641194305684, 11.244128346246256], [79.83789694338932, 11.356099247882028], [79.8013668056337, 11.363600253848688], [79.7668706177848, 11.381771921836815], [79.82735800776592, 11.363214731574672], [79.80728924240466, 11.444419145227386], [79.76140332250546, 11.537210941232047], [79.77200782320259, 11.702412248026889], [79.84975504865665, 11.987902045043398], [80.00718510141147, 12.254189610362303], [79.95762097862539, 12.212659120622021], [79.94537031658697, 12.21823191627], [80.01325404673688, 12.262973546891729], [80.0580724479851, 12.346171378906021], [80.0176856521712, 12.340586661845037], [80.04703187951773, 12.363786459177788], [80.06419873228575, 12.34999787819963], [80.05880844595308, 12.335633516173914], [80.15561354123199, 12.465779542791694], [80.1844892504786, 12.573847651148256], [80.16167223428627, 12.58537721608569], [80.16641795672334, 12.605964660940444], [80.18563711635997, 12.577893614698667], [80.25514924534147, 12.785385012808135], [80.24837863456642, 12.802007913334606], [80.23237955597185, 12.784482240962674], [80.2480808492518, 12.805145502263187], [80.26402425801311, 12.963892340559156], [80.32954275589358, 13.228268623498224], [80.31093776216804, 13.222599029321785], [80.3339507577214, 13.239517569380382], [80.34696567082906, 13.311994552706494], [80.32827305795533, 13.429461121433633], [80.32572925090435, 13.390162348813433], [80.31649518030846, 13.427850246791508], [80.2854472395986, 13.43240976369971], [80.26213765123171, 13.472919344852002], [80.16199457648852, 13.489469766316702], [80.12897431821037, 13.516813039790037], [80.11567401874103, 13.507563233756287], [80.05126035238337, 13.58881354341041], [80.07499027218344, 13.608356476070554], [80.07940173190448, 13.655689716307378], [80.09668815133719, 13.664744972902255], [80.08889961232737, 13.654321670308946], [80.10163545591158, 13.652688979912554], [80.10619890645452, 13.6702671052428], [80.12608182421698, 13.66959595648828], [80.10898220566438, 13.642128109824512], [80.1385066507614, 13.612932443377588], [80.13917982568856, 13.726084947162647], [80.14217245559442, 13.704377651207679], [80.18720614914449, 13.669734835194589], [80.19100642240855, 13.641368269929771], [80.26432216203827, 13.560894608499439], [80.29306244867323, 13.44710314269598], [80.31599342785447, 13.436728000596844], [80.23606336073559, 13.641714811089727], [80.24455976512112, 13.81978464114836], [80.13995647391218, 14.068975210337754], [80.12880921347451, 14.063958049124778], [80.12009084201881, 14.074953556161745], [80.09454727203908, 14.019003748624186], [80.06323564021264, 14.000287651753723], [80.04429233052676, 13.99723935111524], [80.01670503590881, 14.010573148532103], [79.9107744694663, 13.943487047789077], [79.89559555009467, 13.947105050058056], [79.89509224900817, 13.923123121335095], [79.87217092494834, 13.887864351558633], [79.82374274752985, 13.87326884308277], [79.86684393919651, 13.890766859503017], [79.89244401447976, 13.94871795177211], [80.01339471329547, 14.011381030210458], [80.0209385153004, 14.011968255130967], [80.05379545669498, 13.999186515545375], [80.09282684288465, 14.019754410038104], [80.11266052726162, 14.076795458543643], [80.13861215112993, 14.072841763636532], [80.13462424241501, 14.241780042215225], [80.1101231575577, 14.249029516798885], [80.10903370354262, 14.240731715995963], [80.097787618404, 14.231166243427452], [80.07918047889606, 14.226315856091944], [80.10322642316098, 14.255983352749595], [80.13778913026417, 14.253814816600539], [80.16864597762978, 14.353096842645257], [80.19777655564357, 14.58275330062439], [80.17072641888913, 14.568431854246782], [80.18606436268036, 14.600415825529964], [80.08873915708656, 14.81141102280047], [80.04852962484247, 15.09439980970356], [80.08538651507561, 15.200524806874384], [80.0851584676893, 15.274648666502841], [80.11060214007685, 15.346689105417937], [80.20776665210937, 15.479805349937038], [80.21178662795066, 15.49514710865219], [80.20074820526557, 15.494820832815265], [80.27047300322667, 15.672851443439455], [80.33982503399827, 15.747149825504152], [80.41024827963443, 15.79350614569212], [80.53773200542778, 15.854853033940458], [80.64435696630105, 15.877503871606507], [80.71184575557723, 15.88001525360113], [80.79057371600427, 15.856807350678764], [80.81188666823525, 15.831840753348175], [80.81037032583001, 15.815703868938485], [80.79398071753619, 15.81630575640564], [80.81436216817966, 15.743749022099749], [80.82978165170195, 15.746207237074344], [80.85729527475726, 15.823342204079495], [80.88976442848562, 15.878371953902587], [80.8918931480504, 15.926726817688547], [80.90044653438011, 15.939744353219396], [80.89165794835569, 15.955186128237358], [80.88150286676395, 16.029557705223993], [80.8890171053553, 16.05640840562353], [80.86958420294869, 16.092449664720263], [80.86280465111392, 16.132526517285015], [80.84549522432522, 16.136775850824904], [80.83786153777984, 16.14749753498336], [80.83361244166096, 16.16978621476207], [80.83896243566798, 16.181488632994032], [80.82244086265572, 16.225860238459305], [80.82269394357078, 16.252671956845404], [80.76923274989159, 16.292247653206687], [80.7613955737468, 16.314851879910435], [80.74600625078793, 16.318296670954666], [80.75393235639328, 16.324633955992383], [80.72798204463581, 16.345091700621566], [80.7112641334331, 16.379344701896557], [80.7142523530637, 16.397777080647785], [80.69625675704387, 16.41258704685478], [80.67913567976794, 16.43736696201576], [80.67119574528758, 16.462296366983836], [80.63132512525439, 16.474248647457173], [80.60682570953898, 16.50136506514569], [80.56707000757481, 16.508779167824414], [80.51333761254082, 16.56741440315224], [80.48514890709649, 16.56145644226102], [80.41299426597274, 16.577268004115155], [80.40494644612167, 16.563205838578696], [80.39753615836716, 16.56205725683698], [80.3217934372174, 16.59256827800371], [80.24784076174191, 16.58596742145943], [80.20467662832388, 16.601520657552328], [80.13784420474636, 16.65153872932899], [80.14194703063109, 16.731878041938202], [80.11498045888109, 16.819445371306912], [80.07513296581376, 16.814981580035905], [80.05309784449, 16.739323735102346], [80.03586590328885, 16.730142951136315], [80.05377364184025, 16.74483215817763], [80.07051074547465, 16.816931963139638], [80.0989533664048, 16.82452011071463], [80.12271904954466, 16.817910671040664], [80.15257871153838, 16.691270112725633], [80.14119160191106, 16.669456720151615], [80.2087235451556, 16.602982640436593], [80.40988326100378, 16.590929508190357], [80.46590113642841, 16.572062969130798], [80.51168763627552, 16.58224117768829], [80.60075592964259, 16.516621947644836], [80.63167703176973, 16.4778430461198], [80.64136481303578, 16.471940874671688], [80.64780497511967, 16.472505569776317], [80.6567614079128, 16.467210531540886], [80.66697347144864, 16.46513545473752], [80.67701065551742, 16.459372520825227], [80.71749413024995, 16.399425626091855], [80.73069596294843, 16.34498321989973], [80.75265645942821, 16.333400368332434], [80.75532555553005, 16.32321524578707], [80.75040853022952, 16.31777465317775], [80.76247727830386, 16.315546512661484], [80.82581067092585, 16.255840063368296], [80.84275293330134, 16.183823824310082], [80.84145116823689, 16.146321058070484], [80.85717475391189, 16.141453862405854], [80.88282966625619, 16.11676526080818], [80.89937162420111, 16.059209943084483], [80.89227485629968, 16.006711960188866], [80.90835654751677, 15.989264965006157], [80.91243815389785, 15.97128903895802], [80.89967095814833, 15.834478616894785], [81.01122772737787, 15.768701314813924], [80.99805808051613, 15.829065441916654], [81.13062024103138, 15.971297860408], [81.11900794476097, 15.999412655969408], [81.07064640530743, 15.998942255680646], [81.06336915516246, 16.005626201488056], [81.07174861440708, 16.052509427268333], [81.04589760309202, 16.057228446135923], [81.01673483834222, 16.09118974241271], [81.04753530001418, 16.05786430819137], [81.07243013414345, 16.05705761901396], [81.06724965604681, 16.004383802470613], [81.11864280741972, 16.002481460251303], [81.14315497911915, 15.97294414045983], [81.1413333411609, 16.01858854292702], [81.19087553038153, 16.107035278855136], [81.21823191686954, 16.209681749613097], [81.26542234386622, 16.2808134559763], [81.39243805437278, 16.341964840605044], [81.37958872354082, 16.359466552339583], [81.35361695306008, 16.337850809167577], [81.36553454398407, 16.359553933167575], [81.38323855371632, 16.360722780232138], [81.40608811367557, 16.34379482247313], [81.48476636407653, 16.3528695107194], [81.47552525988286, 16.39462077592816], [81.48380732524802, 16.389498948917463], [81.49426650989162, 16.37156605722781], [81.5227340456398, 16.38331973591717], [81.54753553823465, 16.379984140555734], [81.55266535302368, 16.373046755903133], [81.56249999987526, 16.34542405587554], [81.71556675430227, 16.31959104539048], [81.71826612967831, 16.367507457303404], [81.69745635982324, 16.411419272681343], [81.71048390840573, 16.443502426595785], [81.7256010767284, 16.44382262211637], [81.75369000419042, 16.42098057239552], [81.79818594452573, 16.47597706349076], [81.81949532015298, 16.48833000632473], [81.84578955154663, 16.495520472791597], [81.84509885332952, 16.531086444683808], [81.85730445393753, 16.547541379730973], [81.84293830405963, 16.64750194515868], [81.79359745955517, 16.701087712927674], [81.79543912451615, 16.734297871149877], [81.74708032619625, 16.791727542791932], [81.75638473007135, 16.8386700150093], [81.72669518023841, 16.916834115801876], [81.74291455766078, 17.00443863843249], [81.6996159549125, 17.08320772665536], [81.70367395858639, 17.10342347631247], [81.67735362077306, 17.109532832674162], [81.64017617708905, 17.20672213991486], [81.63822054823979, 17.22779202428258], [81.65710413484803, 17.297278761805458], [81.60958123208829, 17.337210059097046], [81.60201477975843, 17.370319008515494], [81.61367213745919, 17.40195131340242], [81.58149981486466, 17.40786933899892], [81.5632901190439, 17.438363671446368], [81.54105150722128, 17.435517430485135], [81.52641153356555, 17.441697359345696], [81.49880623811751, 17.4798482660847], [81.47544443601205, 17.465605736115876], [81.43986594645631, 17.45985090689392], [81.40659165398174, 17.464636921656734], [81.3899189238193, 17.472200513243195], [81.36662566624167, 17.49839985357046], [81.3181319237494, 17.486886143680692], [81.29595756488973, 17.493891239189423], [81.25884616381947, 17.5701104400448], [81.26080024223748, 17.58023953482676], [81.28124535049258, 17.592579245935497], [81.28447806790857, 17.640778064755978], [81.32518506014256, 17.70151674779973], [81.341190337764, 17.706677675534408], [81.36745357492268, 17.708512902248742], [81.38445293885215, 17.732765555685916], [81.36794924706012, 17.70589864230857], [81.33104383930177, 17.70199751817097], [81.31566846392863, 17.683459758661044], [81.28646051903777, 17.634068131239346], [81.28179764754341, 17.588857412439708], [81.26239144780718, 17.57753956320039], [81.29525637608103, 17.49774253369104], [81.32090055951326, 17.491658925818825], [81.34941780528763, 17.501047849778544], [81.38011062170798, 17.497401356987083], [81.4104125495995, 17.466274023227655], [81.47315144538302, 17.468558072796952], [81.49678397220268, 17.48358643036957], [81.53346371667729, 17.441561460093396], [81.56301462612416, 17.44215822232414], [81.590811133627, 17.40727937204541], [81.61423635502385, 17.409678817223693], [81.61717927490363, 17.330955625002147], [81.6394748686703, 17.32769441616449], [81.68007195026044, 17.301482439463072], [81.6806471350574, 17.28971123658441], [81.65991651993161, 17.27033984690648], [81.66723930814769, 17.226562499959513], [81.65861403900672, 17.186208009592065], [81.67047953580206, 17.139707326631864], [81.71318221089038, 17.099007249285208], [81.72204577878969, 17.11354565620718], [81.7324705122044, 17.110058069124676], [81.73669075987075, 17.081993221909784], [81.73014533483936, 17.072690963816996], [81.76429760485067, 17.040043950268085], [81.7892310621638, 16.90503370743977], [81.83864474276069, 16.80180954907155], [81.91758537306666, 16.738480567624208], [82.01269304744633, 16.72019660488951], [82.06273686861167, 16.680846213881722], [82.09453845018939, 16.725720047542197], [82.12131345285357, 16.71582245804008], [82.190719604826, 16.72917604413918], [82.29408884092729, 16.708176732270417], [82.34155464213316, 16.735795855694278], [82.36582148057701, 16.901965141478186], [82.35751831531812, 16.964711308280357], [82.32456243051192, 16.98843014213743], [82.35938012599209, 16.943954825055187], [82.34852325934096, 16.851193547544312], [82.313323259361, 16.85147380866937], [82.27066183077895, 16.875399947049956], [82.24907255195686, 16.929979443196757], [82.2718131545536, 16.940381645896323], [82.28595614396093, 17.009902477617317], [82.33164846860208, 17.0721342564908], [82.47788071632206, 17.204722643035595], [82.60124564157312, 17.286199927184995], [82.99449181584467, 17.474248647257312], [83.03401911249213, 17.513718962859897], [83.21302831140761, 17.59086501580788], [83.38477444608398, 17.777286649159635], [83.45154762232502, 17.89992654367515], [83.52946627115156, 17.94924807523857], [83.56471574283736, 18.010676503218164], [83.71132814927475, 18.109449267469785], [84.13016712691152, 18.315447449240423], [84.1274602412972, 18.34077811281972], [84.15047276020985, 18.373203158399107], [84.3562730551574, 18.556639552473413], [84.36299240547524, 18.588276744276357], [84.43212342245815, 18.654521703713783], [84.46612942223513, 18.71316957451633], [84.55456054233522, 18.796347260817527], [84.58655560046068, 18.870429277689084], [84.74593842042188, 19.048111438791935], [84.78239774735826, 19.110563158562996], [84.75845587264055, 19.087600827216505], [84.72284364681698, 19.089728474789396], [84.70301425490405, 19.119432926388455], [84.72105181239138, 19.136760354007237], [84.75044834601451, 19.136299729349076], [84.7265624999595, 19.104073643483915], [84.73160982173593, 19.097422957303735], [84.74606323283209, 19.117493748837475], [84.77659964545742, 19.109457850399508], [84.8968219761534, 19.246569156841232], [85.06432294834545, 19.363968849283054], [85.04208290570162, 19.38076591521491], [85.06685435734275, 19.371758222863775], [85.18501412889904, 19.476255059523467], [85.41921234127662, 19.62301731100014], [85.78177046733325, 19.782163143414394], [86.1349948644216, 19.871028662143132], [86.36377501490514, 19.953154444721974], [86.29449355573306, 20.024540066570893], [86.2231842278699, 20.025977254246953], [86.17277085818861, 20.06532216028947], [86.14917564424061, 20.118747234497334], [86.15839147568622, 20.17078471144538], [86.1216777566232, 20.168805837819235], [86.09198760964048, 20.18045747313397], [86.03913164171203, 20.204520106118082], [86.02765226344135, 20.22247755559482], [86.01303315135894, 20.253108977997016], [86.01646137239445, 20.264657258725606], [86.02359390273651, 20.27411794678585], [86.02603685891401, 20.285301208883737], [86.03503477563456, 20.295363306871167], [86.04004573782063, 20.28248322012459], [86.06191873566124, 20.268020153007683], [86.07323312790666, 20.24947202161661], [86.14378798033104, 20.22206854842483], [86.15062820942447, 20.213867068610426], [86.14650261360484, 20.189910053806017], [86.16657507428036, 20.159681319936993], [86.1505454780914, 20.118829846220507], [86.17652451959103, 20.06484043573758], [86.22916281201427, 20.027675032177115], [86.25049614917796, 20.05562591550364], [86.27395987504829, 20.061633467710436], [86.32530057436205, 20.033364653356102], [86.34718155818237, 19.982187152215374], [86.38335645203878, 19.976004361712057], [86.41090142725918, 19.999782800835646], [86.41453874067051, 20.040733814214263], [86.53834402525669, 20.185809612024002], [86.49502527679513, 20.146456241562362], [86.48469305034408, 20.144621729809103], [86.48233091803755, 20.171133041356853], [86.7170753480489, 20.292541146157077], [86.6886068581201, 20.297179341153765], [86.64835727187065, 20.327816367231634], [86.5842843055764, 20.33574795690282], [86.6103346345358, 20.34197175469285], [86.59207665951035, 20.364317655635375], [86.58849263182967, 20.399995923173407], [86.57577204704236, 20.404061913726366], [86.56321096421479, 20.391815423642925], [86.52337133841664, 20.39062500004377], [86.51542711237138, 20.398746370948345], [86.5072964433763, 20.39062500004377], [86.49893259995955, 20.388465165734942], [86.49271035170139, 20.392803310924165], [86.49805247753997, 20.403737067811505], [86.46577107887228, 20.413532853158728], [86.42207860904071, 20.451792359329943], [86.39286291559122, 20.443388819838276], [86.38289690027185, 20.44484925229122], [86.38144624255008, 20.454767942586614], [86.37426543210407, 20.45456445208785], [86.36058485520707, 20.461012959880208], [86.3535909652509, 20.455458640803727], [86.34126305594535, 20.460957049928], [86.34051716363635, 20.455620646475722], [86.32883596400862, 20.453403949832506], [86.30822432019633, 20.462641120391424], [86.30587005605841, 20.466502547554597], [86.29551613346294, 20.470338463649227], [86.23113524919248, 20.453046560150653], [86.17176854578187, 20.449405312205442], [86.11394214631312, 20.45761990503459], [86.09343850568254, 20.466747641590445], [86.02372026467859, 20.43636035904339], [85.93851017980111, 20.46543777003717], [85.91198670851995, 20.493645071662826], [86.03042614495078, 20.442398667164838], [86.09174323056564, 20.470066905263593], [86.17195916158616, 20.45207595783924], [86.289244413499, 20.472377062151793], [86.34091174568064, 20.471509933136957], [86.34833252402686, 20.47009336961341], [86.35265064221343, 20.464285731301544], [86.36894690987211, 20.46755623822986], [86.41570591949275, 20.45570647687245], [86.4496951100414, 20.439702630072418], [86.46995615944931, 20.41296637020193], [86.49920535084638, 20.40744674247327], [86.51664125918691, 20.41816616034012], [86.54864966864736, 20.41592860212336], [86.56979143582615, 20.410945057568483], [86.57528507674496, 20.40600717069441], [86.59027755226734, 20.402963280331193], [86.6171256302438, 20.337998867353917], [86.66125822109004, 20.334370255782773], [86.70809864993285, 20.29759716977364], [86.76918315917547, 20.331241249983776], [86.78945934777082, 20.359240174194724], [86.77686631652742, 20.394204974480033], [86.73281037849623, 20.40281415025285], [86.73328137413623, 20.454719305451675], [86.75312387906379, 20.497130036322147], [86.7082319258628, 20.566406249748724], [86.7122129205899, 20.594650507215164], [86.7302434444795, 20.604558110668393], [86.72547662214842, 20.62107992200086], [86.73324930701003, 20.64251732871179], [86.74617242811516, 20.651067018827945], [86.7437256579129, 20.660406828112656], [86.70495045170205, 20.635331630450395], [86.6820305584636, 20.64338290729546], [86.66289603672274, 20.603977680125894], [86.61538851237, 20.607950568364117], [86.62301933727261, 20.585786700096207], [86.61660265918553, 20.574337005748305], [86.60737133062244, 20.567099571288196], [86.59983146225218, 20.566264748619346], [86.58675587188608, 20.60117566602426], [86.55782628065842, 20.623293757001335], [86.53784012791968, 20.599821448001478], [86.52978622955092, 20.59971654388346], [86.52205562576668, 20.61304783848709], [86.49551630033713, 20.616285920358962], [86.46895635165444, 20.6038614508453], [86.4499632123325, 20.60103392567521], [86.40676534174727, 20.62604606107692], [86.37938356380059, 20.5977566243688], [86.36731612693782, 20.596167921612334], [86.33207213841857, 20.606033563598174], [86.32501494878099, 20.611116528205343], [86.3203840257024, 20.6255090237226], [86.29771983580193, 20.637585401645055], [86.32174527642351, 20.62864720800232], [86.32837915427464, 20.609202503792602], [86.37800455056967, 20.598529457668462], [86.40329527885419, 20.630050659410472], [86.45088267289711, 20.60298895827387], [86.49203252817867, 20.61807155575781], [86.51207590118193, 20.619542956342457], [86.52260613406591, 20.615784049194616], [86.53409421417675, 20.599974512613755], [86.55510687827987, 20.624985456413782], [86.56449782841221, 20.62231624160131], [86.58854222314508, 20.60172712760493], [86.6054400203407, 20.56772720814419], [86.6202651266344, 20.589379429617026], [86.60938096016335, 20.608458757265936], [86.65964615304759, 20.6094031335478], [86.67316246067904, 20.64081442374666], [86.68342375760048, 20.645295858816894], [86.70898771251294, 20.639025330454672], [86.74484550991238, 20.664567828442557], [86.68971204757301, 20.682497620169073], [86.67166757609786, 20.700583457760445], [86.62574481996754, 20.685576319691506], [86.61472642428518, 20.68782222271747], [86.59601438065923, 20.700538039299204], [86.58810555912439, 20.691105127699558], [86.58445954297363, 20.690210342733167], [86.57663702937552, 20.69693851450097], [86.57718455822081, 20.70092010457924], [86.58059203639348, 20.704657316482013], [86.56691074363604, 20.71786093703261], [86.54452621950955, 20.69515371367305], [86.5372816327413, 20.692550777996075], [86.52925074082904, 20.69486820680237], [86.52472484147827, 20.68934345203874], [86.51905262487875, 20.698363900373778], [86.51186227802188, 20.686451077655164], [86.48774492758648, 20.678321361941386], [86.42851233467658, 20.684460759256723], [86.42067754263454, 20.690682649584744], [86.41987562166267, 20.71363294080757], [86.39993464906487, 20.718499302800694], [86.39267694928193, 20.72533404782814], [86.39123344386846, 20.734218716520616], [86.37935912652259, 20.731658577781218], [86.35007691381858, 20.742187500352884], [86.3301365374713, 20.756059050984504], [86.32751071494764, 20.77370452924066], [86.31806397447295, 20.77458310122924], [86.31329631847044, 20.776505350841347], [86.30444753182817, 20.785046457827832], [86.29913735350621, 20.794296503081227], [86.28901827357456, 20.788105726598133], [86.27019298102138, 20.80650305786986], [86.2652677296222, 20.828240156458094], [86.21983420828215, 20.824203967639107], [86.21580004653507, 20.83664727255365], [86.19438195186572, 20.856518149293237], [86.19060695134979, 20.86534166318725], [86.17899215226603, 20.85319030249059], [86.16104793541396, 20.854265570599637], [86.14564263779758, 20.868595958037133], [86.14087176312145, 20.88062477081658], [86.12959194171484, 20.878509521297474], [86.09852170950936, 20.89008545887691], [86.08298003689927, 20.882004022367767], [86.03656554226612, 20.876674056262743], [85.98734593356815, 20.886211753269862], [85.95640325580578, 20.84644365325201], [85.91420495469495, 20.836804032480188], [85.75983762770451, 20.874467849311856], [85.75300467052912, 20.86599910267651], [85.73714482767181, 20.867503047028066], [85.6987812519533, 20.824527144412258], [85.62624442593952, 20.806036472505212], [85.60566222683039, 20.748980760553735], [85.575855255216, 20.74082195716761], [85.51974034294258, 20.746077179718156], [85.42968749967847, 20.77901780572728], [85.40646684167146, 20.80032670471377], [85.36928975591755, 20.801687121763337], [85.32865965391997, 20.818170905263116], [85.31619000426534, 20.82423233945093], [85.29886007293405, 20.844757437905457], [85.28417551538783, 20.85176062595218], [85.28931045541336, 20.88348793971676], [85.24743616564669, 20.8940496443756], [85.23990964861147, 20.905305147214875], [85.23774445074585, 20.964699744897388], [85.25462126765748, 20.98869967445043], [85.16659235944988, 21.045533538042406], [85.1569932702233, 21.070874333383813], [85.1122566461274, 21.067595958286887], [85.10445725949498, 21.075290441700616], [85.10231924094032, 21.092829227087293], [85.15211904006176, 21.146053552829216], [85.1251610514415, 21.1843222383807], [85.09697210767669, 21.18160104725058], [85.06428885504673, 21.19255185168663], [85.05932664870588, 21.197944164191853], [85.05847775974095, 21.22515690286889], [85.06687271610312, 21.19450461889315], [85.1239874361714, 21.189445733633733], [85.1560783386445, 21.151255130819692], [85.11108434206889, 21.075928807468586], [85.15393674348607, 21.077103853560033], [85.16058814552659, 21.068040967117042], [85.16735494137745, 21.04885435124737], [85.24889385696608, 21.001731514597793], [85.2599407431708, 20.983791828530116], [85.23959636707869, 20.960925817272766], [85.24322974685546, 20.90733015516261], [85.28688383092421, 20.888392806183163], [85.29426681975801, 20.878457427168627], [85.29747080833121, 20.866920948243234], [85.29701793223185, 20.849463224148536], [85.3152722119431, 20.82800221473053], [85.3650764231385, 20.806113123521868], [85.40340626258902, 20.804051280242476], [85.45391225794438, 20.777416229175714], [85.48139095313005, 20.77894604162657], [85.51757144886338, 20.751638174462215], [85.5782519574619, 20.745450257823222], [85.60816645651684, 20.75630295251929], [85.6138252021714, 20.80224716647359], [85.64157962769767, 20.822683453278813], [85.69543361646825, 20.82607936886791], [85.72867321939364, 20.866471767458222], [85.75744593108496, 20.877605318630685], [85.90984380214982, 20.83987295637192], [85.95025134082684, 20.846054315154618], [85.98402321380038, 20.88927555102589], [86.04765582075962, 20.879472375050113], [86.09685051463961, 20.892299056456352], [86.14083266239746, 20.882081747174965], [86.16134715065064, 20.856149435348186], [86.19359672051226, 20.866566657625242], [86.22525787385186, 20.824777245873236], [86.26541364192613, 20.830885648953654], [86.29005837459434, 20.78964042686431], [86.30010986327963, 20.795407056990143], [86.33376085747764, 20.77248776000215], [86.3346753124159, 20.75424456623378], [86.39365756554437, 20.734353303662147], [86.42654752734657, 20.711308359693135], [86.42922162997436, 20.68572103949441], [86.49022185835221, 20.680868864306717], [86.5115126368988, 20.69714105171829], [86.52009856699536, 20.699323534553542], [86.52374303361418, 20.69238495829927], [86.52906012502481, 20.69554877325737], [86.54132997949503, 20.694177746905552], [86.56116592926426, 20.72011554279817], [86.568242549654, 20.718441367575082], [86.58142125628606, 20.70809316646654], [86.59642994388687, 20.71764826805321], [86.62691295117182, 20.68836653198997], [86.67785954508204, 20.702813625348654], [86.69477462724726, 20.683284759883833], [86.70355105443767, 20.686075806753166], [86.72679865343517, 20.684487938567543], [86.74142587200654, 20.675968647335253], [86.75159144418987, 20.659715771965324], [86.7439687248768, 20.63634014098477], [86.75619304217528, 20.616079330796538], [86.82771193995413, 20.77167511011831], [86.88169252898697, 20.797183513908067], [86.95529222505624, 20.78457582011805], [86.97020387670764, 20.82330584528856], [86.82335376776231, 21.138128757536265], [86.82255220382129, 21.193318843889642], [86.89284884919519, 21.317049503631722], [86.98054873953285, 21.41021370889564], [87.07397961626637, 21.47127592574347], [87.12050545236482, 21.52099823927736], [87.13055646440941, 21.513235569266214], [87.19963431347296, 21.54743194562792], [87.3842897412787, 21.549195766171778], [87.33664333821955, 21.575756669035115], [87.31127703180968, 21.570106148579924], [87.30261993386299, 21.57377886740082], [87.3016197681379, 21.59671175494364], [87.32971525165769, 21.60689330088519], [87.34298431857152, 21.635714054360164], [87.300199746721, 21.667088151297207], [87.30717206014256, 21.69101977374362], [87.28484225256798, 21.67808914150072], [87.23663306276578, 21.68808340992149], [87.22370052306078, 21.713418722096435], [87.21047663718716, 21.712641119692023], [87.19461524479786, 21.721965074828432], [87.2063200471326, 21.749356150865708], [87.17416465247678, 21.749749541308347], [87.16362285610998, 21.76253533323913], [87.15901041050213, 21.77501153985071], [87.16326534771778, 21.788369655835083], [87.20263791061123, 21.794673204604777], [87.21049344551616, 21.845121503055026], [87.22526335681854, 21.858846545132025], [87.2456599475486, 21.857900857638555], [87.24976527714588, 21.868719458136496], [87.23325931996172, 21.900382757258512], [87.24484384067082, 21.9186991450496], [87.20568370843657, 21.99976170054208], [87.20520424837744, 22.03196835475586], [87.25190210319957, 21.926604747910858], [87.2418801788273, 21.90801334384085], [87.25516331203724, 21.87252283136371], [87.25227630121046, 21.861493348839076], [87.24048054234319, 21.853029966659733], [87.21403801454275, 21.845301508657798], [87.21700155767579, 21.802382469275614], [87.2029397491701, 21.791604757353753], [87.1666845080837, 21.78290104844467], [87.16501486274572, 21.76526546452959], [87.21342694769558, 21.75310206370935], [87.20316827319735, 21.720049142953684], [87.22735023542518, 21.715093255249627], [87.24145305121735, 21.692945718670103], [87.31123244791925, 21.693732261234942], [87.30700826661823, 21.671353221174314], [87.34418571030236, 21.647408842744], [87.34743130241279, 21.62811076669857], [87.31379735486419, 21.582407474825203], [87.37553775316493, 21.571380615622957], [87.402671575433, 21.55628991165011], [87.46572887888468, 21.60679185376108], [87.68167603022462, 21.655163050134774], [87.75805842835385, 21.699613452398978], [87.80431067899471, 21.702380180700914], [87.97573375740703, 21.851072073317624], [88.05214977309359, 22.014702677286778], [87.98180735132834, 22.09859454670098], [87.95373845086894, 22.097964644452844], [87.8943661455813, 22.135276436958094], [87.95669436415366, 22.099919915371885], [87.99438810322849, 22.099841833533816], [88.061932802457, 22.01331734631853], [88.186471462588, 22.09505760662327], [88.19341015845211, 22.112599611582937], [88.1353931422797, 22.18468069985451], [88.07518637135402, 22.186749935561124], [88.03450727429137, 22.209431171211634], [88.00798904875566, 22.20165514986536], [87.94066750999767, 22.25940310956591], [87.94211053877049, 22.366072416009217], [87.92883694197135, 22.404446363608855], [87.89435946901435, 22.423609375872076], [87.87471842751339, 22.454548716250287], [87.89221131779814, 22.47624385337113], [87.88316285648077, 22.492127418545635], [87.88625514475919, 22.50690555594673], [87.90292513378799, 22.487859606635624], [87.88480401039683, 22.439196824873676], [87.9232721332024, 22.43465554711591], [87.94906175139866, 22.399505257161906], [87.95848464994677, 22.285275817025394], [87.99397313625136, 22.238292574942392], [88.0489735600818, 22.22011947613305], [88.08995521066456, 22.3054287436417], [88.08936214464737, 22.371587156821846], [88.13753223462501, 22.414760828449573], [88.11462581143209, 22.468035817498986], [88.23719775677117, 22.52772331268085], [88.24113035178445, 22.564174056487616], [88.31766366964266, 22.551628470777416], [88.3585380320047, 22.611174225610114], [88.35008990772323, 22.657325029126838], [88.35825884377076, 22.736647963932427], [88.32993972313986, 22.7811405659844], [88.35544490825603, 22.826117515910624], [88.36995506297583, 22.83013355721795], [88.37198805780272, 22.861002445606402], [88.40418136158073, 22.88802027691426], [88.39851570103892, 22.918685555194315], [88.4068421128733, 22.996588945223778], [88.42152821995151, 23.01496493828128], [88.44139623684694, 23.02110815052083], [88.46531343416771, 23.079687953436377], [88.48473596559248, 23.068953275873014], [88.51048541107295, 23.111462354803933], [88.50200843833878, 23.12421321886498], [88.47115206761393, 23.124649643666174], [88.4583555458718, 23.128141045672777], [88.44837784745985, 23.134664654949916], [88.44712066628577, 23.174353242308285], [88.47337985020008, 23.19771492480399], [88.469460964452, 23.219206571426156], [88.41042947793815, 23.20706903960459], [88.36262166455825, 23.22795617543727], [88.32907354830567, 23.266803026138803], [88.34745824320342, 23.297852278060247], [88.32692503915936, 23.350009322572305], [88.33143496475199, 23.355986117965045], [88.34202825989635, 23.353053926997234], [88.37738156280889, 23.33443295951355], [88.35576641588747, 23.350863933923506], [88.35459566136072, 23.362496852547707], [88.38258004173568, 23.422331809565435], [88.36788344406582, 23.430056452643242], [88.34867155544796, 23.478849529981858], [88.3485691550425, 23.486791849464396], [88.35577905136219, 23.490858673688876], [88.37189924705277, 23.48847794520111], [88.37408733086576, 23.503203927319447], [88.37572622298686, 23.488217950298264], [88.34947991376711, 23.48292565319636], [88.38661992586904, 23.424656152359603], [88.35795414446827, 23.36059212712499], [88.3814208506918, 23.332174420113517], [88.33030796044412, 23.350833416329095], [88.35659170124612, 23.302945256618358], [88.33260607720885, 23.265670419054686], [88.37015926843557, 23.227149963799803], [88.42160677932944, 23.210063338652247], [88.47311425252084, 23.222308158694602], [88.47915613634669, 23.202779411940412], [88.45274925227628, 23.17229282895093], [88.45314884174573, 23.13222932772132], [88.5033538340123, 23.131945848821942], [88.51370465754403, 23.107543826086783], [88.49162626264203, 23.069581151049306], [88.47995114333062, 23.06565630459488], [88.46527993711956, 23.074661374522833], [88.4456259013144, 23.01691603634609], [88.4121835228514, 22.999941110593852], [88.41183805458272, 22.88512003436219], [88.37353312995006, 22.85645115389775], [88.37877774229904, 22.83052814016162], [88.36131644249988, 22.82568991166022], [88.35370790999221, 22.792604446238272], [88.33355724786875, 22.77819132836717], [88.36395406682684, 22.751314401938203], [88.35585045843206, 22.660635947990727], [88.36872851810679, 22.610969662220242], [88.32353341603445, 22.54998374025746], [88.24872362639425, 22.55879700188018], [88.24456262606444, 22.524939418119743], [88.12257862060702, 22.46584677680744], [88.14776754383709, 22.418747544663518], [88.10704827315934, 22.375080227970273], [88.1041853425796, 22.292604446338203], [88.06995117670559, 22.21646714224491], [88.17607307391327, 22.193995118579892], [88.21052360498052, 22.149413943198994], [88.22409594037546, 22.077565669619986], [88.2081325055108, 22.023051142296396], [88.15358114285547, 21.956859946129697], [88.17720532396655, 21.925488710835396], [88.16353440309038, 21.879078746087345], [88.21721720680873, 21.764387369181804], [88.27392733088178, 21.754711151398595], [88.27259373701142, 21.73099184000145], [88.28177905086264, 21.764887571204525], [88.26334655250147, 21.788468360926203], [88.2584452626389, 21.8007122276872], [88.25975191551865, 21.80936694153118], [88.27690553656137, 21.82165753796511], [88.30637180811257, 21.830738544848003], [88.31037950550981, 21.853064059958484], [88.31576216199434, 21.859056353368146], [88.3254420759911, 21.862085341964985], [88.33978760261593, 21.86058640503856], [88.35494947443877, 21.855460524783467], [88.36362314239412, 21.79851067023131], [88.38141441334463, 21.792026042967592], [88.39744877773907, 21.884285211893115], [88.41709935655015, 21.904046058378924], [88.45787417925001, 21.91778433308059], [88.45558035405011, 21.900263905554823], [88.47433292832207, 21.89568114297049], [88.4834783077778, 21.910053253554878], [88.50230562650361, 21.91489243533772], [88.51653814342072, 21.91331934930855], [88.49429082885868, 21.87848770624271], [88.52820384503147, 21.85335254628302], [88.54806852364354, 21.88130891367544], [88.54781711097101, 21.890117168772406], [88.53981745251357, 21.898638248756242], [88.54067122929385, 21.903904557249604], [88.544934749639, 21.90617966665829], [88.56118071102108, 21.899024963531275], [88.57027542627, 21.903120755818293], [88.57832527139428, 21.88951575794593], [88.60053384316237, 21.90524220436427], [88.61473143131062, 21.93768143674899], [88.60211884970525, 21.990160107602975], [88.63674783684334, 22.044571518660717], [88.61912870422643, 22.10928845439875], [88.67236125426862, 22.204966545369814], [88.64181995382788, 22.207401752089282], [88.63095057041252, 22.22251117185317], [88.67884910110521, 22.293450951200498], [88.67409312729612, 22.325782657044044], [88.68168413651378, 22.28495204490099], [88.63456285029545, 22.218103766275874], [88.69480740983423, 22.210585832370327], [88.73371577236512, 22.19567286950732], [88.7472189660825, 22.232227206220642], [88.77242565182254, 22.251212477374025], [88.79067993153373, 22.259506940792704], [88.7931939359515, 22.276817560082463], [88.80461883509125, 22.283085823052375], [88.80276405801496, 22.329443454451933], [88.8156948089684, 22.357687115667943], [88.82173681240411, 22.36078464969188], [88.83357024207314, 22.35912537533582], [88.84951984896199, 22.364323019691625], [88.86257064322078, 22.358170747681925], [88.85234236760621, 22.386905551150306], [88.84840905673266, 22.429623365426067], [88.81642162755614, 22.431042552271975], [88.80228805584917, 22.443518161733834], [88.7798149583937, 22.49226093279586], [88.78006994767006, 22.503766655806572], [88.73275685314641, 22.510128736052394], [88.69039952761617, 22.52692520663311], [88.77165102977122, 22.513275146430942], [88.7921446564508, 22.500000000100016], [88.81234574356128, 22.480050206052283], [88.81455874399083, 22.45587420453103], [88.82667923006252, 22.450296521067656], [88.82980120226384, 22.442940831154488], [88.82813584849075, 22.435576319791437], [88.85212016131649, 22.432773113188688], [88.85760414621441, 22.483466863604974], [88.86502885819536, 22.487759352012546], [88.84356081517964, 22.501902222709504], [88.84293663531761, 22.50821804992316], [88.8551925422021, 22.51049864249839], [88.85835993286466, 22.51862192176435], [88.86685383353759, 22.52303791047123], [88.86921501166356, 22.545635819437535], [88.89658772983992, 22.563271641672998], [88.93773376929803, 22.571030378049585], [88.93564760655184, 22.587751149995626], [88.95784926433222, 22.61716496948779], [88.93885612501023, 22.615854501683913], [88.93253421748031, 22.618332863271064], [88.90906894207816, 22.675781249804913], [88.88262951334141, 22.66552102577478], [88.86343586477349, 22.66381025354042], [88.86138403454564, 22.691624045113713], [88.86443126229292, 22.664777636278956], [88.91134154777424, 22.67679727057765], [88.93470341912823, 22.618725422740283], [88.95408605123063, 22.62014056443573], [88.95767438936215, 22.618978569305852], [88.9597657852635, 22.614591588231605], [88.93844565464397, 22.591411238737862], [88.93993698420488, 22.569249905659007], [88.92677892151082, 22.56496984318406], [88.93423982760643, 22.557000270646256], [88.95637870281533, 22.5527965273383], [88.96167416822894, 22.548264704153155], [88.9970654018471, 22.46995393112951], [88.99889353470931, 22.427783958663184], [88.98995913890346, 22.423662122009745], [88.98157442132307, 22.415622414943016], [88.97241355734027, 22.411199671428193], [88.99388010928041, 22.39169441136829], [88.99497471820942, 22.38430472708177], [88.9849888638453, 22.325978055443386], [89.00094833899536, 22.323356064031657], [89.01054995711505, 22.314745056339518], [89.0169534592354, 22.305525697753012], [89.02332031937763, 22.30026887620801], [89.02375372875204, 22.29416798336598], [89.00023701302834, 22.29663870970913], [88.99747575260434, 22.28306805154969], [89.0168679391048, 22.271123294804653], [89.01922389396773, 22.265102149345097], [89.01433497248169, 22.257628413520763], [89.03386629039747, 22.25811643332719], [89.04223217527536, 22.225098340616398], [89.07198522443892, 22.195666747822486], [89.06887359713951, 22.152268995718003], [89.07766550705836, 22.148054331042715], [89.08958446045514, 22.15954780168994], [89.09850796906815, 22.155570360184186], [89.09189518211733, 22.142685614050322], [89.0559336766984, 22.12194454520497], [89.0396709897249, 22.09236957079949], [89.08646765935546, 21.98050411737148], [89.06973128237328, 21.924184611131324], [89.02788111602129, 21.920144662246855], [89.0201874177159, 21.889482072939757], [89.04531680852463, 21.851862529732415], [89.0322088452622, 21.77819728657579], [89.09446270069387, 21.701362980017933], [89.1500134124897, 21.666097116389295], [89.23236111087724, 21.129111111488953], [89.37354884720165, 18.009049085546962], [89.28405037932171, 17.974008054228335], [88.76976059277726, 17.498897120205967], [88.48508633336772, 17.272929942962605], [86.91125776643278, 16.27181969951957], [86.46373569814412, 15.827189989426543], [85.65332994022472, 15.18757652813433], [84.90814772144026, 14.350151170839936], [84.62721483329793, 14.077353142533568], [84.20697849985791, 13.765331699398473], [83.76414435997438, 13.526286311164398], [83.76471507064403, 13.145865815555041], [83.72087490425358, 12.749214830500094], [83.57044804224344, 11.999227395527939], [83.40247227567514, 11.448824809717323], [82.40666666623403, 11.266666667033192], [81.93333333306711, 11.045000000149997], [81.04166666698333, 10.69499999995017], [80.76666666663343, 10.549999999700304], [80.08333333316713, 10.096666667033247], [79.58333333326706, 9.95000000000013], [79.37666666653385, 9.66916666680838], [79.51166666698347, 9.363333333666517], [79.53333333336687, 9.216666666633486], [79.52166666678332, 9.000000000100144], [79.48833333291734, 8.896666666733438], [79.3033333334669, 8.666666666833365], [79.0783333330173, 8.519999999800248], [78.92333333296719, 8.370000000100092], [78.76166666668351, 7.588333333616646], [78.2033333329671, 6.513333333066967], [77.8449999997504, 5.8983333332168115], [77.02333333316713, 4.7899999997003135], [76.72083333359151, 5.093055555469718], [75.69277777762531, 6.470555555575032], [75.42944444452505, 6.851666666675058], [75.27194444438092, 7.257499999625381], [74.93583333353749, 7.858333333474974], [73.32722222222807, 7.6505555553946465], [72.70722222212513, 7.71500000007498], [70.25222222212616, 8.093888889070357], [69.47833932370096, 7.933370530325817], [69.15729076195922, 8.639636241419495], [69.04022324310827, 8.930243340058169], [68.96088652978958, 9.19048962859354], [68.72651209885433, 10.2692432734584], [68.52650819349847, 10.821813568041762], [68.41389868777426, 11.197212788039806], [68.33376057239255, 11.67284542777432], [68.31920691656595, 11.953612354126946], [68.32653979337678, 12.205558346240736], [68.3718942211415, 12.57166140644884], [68.45967374644633, 12.935875268928555], [68.6794835507254, 13.60303938825723], [68.88167588883127, 14.027967363403135], [69.09708869898438, 14.359722337915642], [69.38561310266257, 14.700621632482452], [69.73021140233439, 15.012898617976916], [70.06329272128212, 15.24431897024435], [69.90540426609405, 15.906260808289801], [69.82482079294525, 16.445654785739862], [69.74104395311608, 16.797857561976997], [69.56777323824448, 17.304703006138894], [69.49048655111355, 17.580939971802295], [69.0101826042438, 17.7858389167327], [68.58723635267566, 18.00221987404808], [68.08982286593258, 18.32859069740286], [67.6521793610888, 18.685800359199305], [67.21246693979751, 19.13238594275711], [66.63708968254284, 19.650460834599897], [66.18396063807305, 20.13018234723762], [65.88229284953539, 20.53134024785419], [65.63914950074926, 20.98033993194244], [67.16814325380878, 22.251081571157584], [67.47056477944128, 22.71384825429351], [67.71381102326066, 23.2300354116052], [68.11152128031719, 23.636339298030293], [68.18269820176127, 23.67854519720322], [68.17882378568939, 23.72985269174862], [68.2059873764168, 23.7846271618142], [68.20883788286258, 23.875812833395628], [68.25036451990704, 23.89268927439079], [68.28921026534195, 23.9330403806093], [68.33149129508789, 23.923964478278293], [68.33931857059602, 23.96253867072332], [68.36698744181732, 23.987590336724878], [68.37693152716875, 23.990036324517007], [68.40072803927907, 23.968404483135032], [68.3869340423723, 23.965189934168194], [68.3761241437144, 23.984040379859692], [68.35977745016933, 23.976995825696832], [68.34241104143658, 23.924429655304436], [68.2774349453666, 23.914596557984822], [68.25370824334087, 23.857818245515688], [68.23495256910584, 23.836468219632735], [68.21082913835411, 23.828134178849382], [68.22534835374367, 23.76097774482716], [68.20509123797032, 23.753567218752238], [68.19526732003092, 23.726120114052094], [68.25593316518356, 23.67944002173965], [68.26727080310522, 23.69527697595177], [68.25427460668786, 23.71915721923031], [68.26092565079827, 23.7250806092828], [68.2634240384887, 23.764733672521004], [68.27443456690187, 23.796930670713976], [68.29561805722759, 23.804151177235127], [68.28936314559272, 23.814432620768912], [68.29155385452688, 23.819182873091165], [68.30395150176051, 23.824348807351612], [68.31422317056294, 23.82409334143466], [68.3195228573941, 23.808447360957047], [68.33789002900167, 23.819301247254884], [68.34433102565637, 23.899095416020685], [68.41074490565293, 23.925262450901442], [68.43437219960813, 23.968310141832177]], [[68.23323237917108, 23.842401743245887], [68.25147843368282, 23.86202836052047], [68.2506623268051, 23.87952625733101], [68.21645641313299, 23.866882443170255], [68.21624040587008, 23.84766912463047], [68.23323237917108, 23.842401743245887]], [[68.21509444745081, 23.758457660992292], [68.22409105295989, 23.763751506726692], [68.21547734730174, 23.778252243746124], [68.21509444745081, 23.758457660992292]], [[68.2802062035536, 23.662477851072026], [68.23569953430612, 23.641250967558193], [68.20421802953845, 23.64718961730705], [68.18783497820183, 23.61061513398127], [68.2308541534965, 23.58885777007012], [68.24323594568241, 23.605328917195806], [68.26408600786309, 23.602028370213247], [68.2702959776773, 23.62469422835605], [68.28597080750691, 23.610682129876494], [68.27706825759415, 23.585897565220534], [68.29487240323888, 23.57869005210432], [68.34667611131366, 23.597841500884584], [68.40637862697216, 23.692245364032402], [68.4262484308205, 23.79410147640209], [68.39812493341904, 23.784627556616527], [68.3504532576118, 23.79988205411354], [68.34911024604114, 23.78287494162535], [68.33509814756158, 23.756247043766137], [68.33576846084591, 23.725838780035758], [68.2802062035536, 23.662477851072026]], [[68.27373313887333, 23.70541143429034], [68.32428705730186, 23.734255552152092], [68.31303524977696, 23.821121573102175], [68.29052555531027, 23.81665265569555], [68.29823207884752, 23.803838968593595], [68.27331793267652, 23.79111850251695], [68.26624155060713, 23.730468749832994], [68.25858914827072, 23.714567541758726], [68.27373313887333, 23.70541143429034]], [[68.3315974474643, 23.787157177761628], [68.3558337692132, 23.810762643980837], [68.41104900870491, 23.795693159511757], [68.43931484180658, 23.838789463363128], [68.42458272001656, 23.86463534854255], [68.37666606888413, 23.871983170287137], [68.37068307356512, 23.855785965649858], [68.34434044335686, 23.839102864505662], [68.3315974474643, 23.787157177761628]], [[68.35034203485716, 23.846106767513362], [68.37759292097664, 23.87617814520533], [68.3934421536326, 23.88018035853682], [68.44199264064801, 23.87035655930788], [68.4529391526199, 23.93660700281106], [68.3531947131655, 23.900548815775267], [68.35034203485716, 23.846106767513362]], [[68.45545101125529, 23.807276248500074], [68.45645332366203, 23.773525357609202], [68.43705976029972, 23.741537571401892], [68.47117936603505, 23.74002516263124], [68.47681641554524, 23.752819657301472], [68.49477243420054, 23.737165212404733], [68.51713514347219, 23.75526511629215], [68.51239240138833, 23.787017345773933], [68.52279114709384, 23.80371606364551], [68.50800085085874, 23.826115846569138], [68.45545101125529, 23.807276248500074]], [[68.46433746780005, 23.739669442091184], [68.45967233181275, 23.724764704427656], [68.48402643237407, 23.72763740973869], [68.47800505129223, 23.73375010528318], [68.46433746780005, 23.739669442091184]], [[68.34010195743949, 23.782220244169025], [68.34727346889557, 23.781399369085648], [68.34744596515932, 23.799458861037664], [68.34010195743949, 23.782220244169025]], [[68.48093211612442, 23.62576770771355], [68.46739435156823, 23.596331715436378], [68.48013174558375, 23.59099853065777], [68.49099361876054, 23.621510744325434], [68.48093211612442, 23.62576770771355]], [[68.47970485719341, 23.590103029831027], [68.43432104587967, 23.55381822623019], [68.4320249561869, 23.520568967284078], [68.4855594634985, 23.57570421657644], [68.47970485719341, 23.590103029831027]], [[68.47955060008027, 23.55515384717239], [68.457452774426, 23.542235731693722], [68.46018135528547, 23.53254175230012], [68.47955060008027, 23.55515384717239]], [[68.45248854191274, 23.5951081518198], [68.46176075905183, 23.576551437299088], [68.46600127204121, 23.597885131493655], [68.45248854191274, 23.5951081518198]], [[68.45210731030417, 23.60264694729881], [68.46656405968363, 23.60086584088586], [68.46460652337245, 23.622592926422442], [68.43688750235643, 23.619005441747788], [68.43887746372414, 23.589193343997692], [68.45210731030417, 23.60264694729881]], [[68.48563754533657, 23.49515414244985], [68.47417771832718, 23.480847835259453], [68.48138344269185, 23.47783672788279], [68.48563754533657, 23.49515414244985]], [[68.49766850479776, 23.479509830214568], [68.48217630389334, 23.477874517395094], [68.48517334497396, 23.47628402678646], [68.48762631420314, 23.47322380563415], [68.49766850479776, 23.479509830214568]], [[68.50474274198396, 23.452550768703134], [68.50564777832236, 23.436812758801807], [68.52092421028416, 23.436821580251774], [68.51908552657588, 23.448764204704332], [68.50474274198396, 23.452550768703134]], [[68.49060904976798, 23.444358706589128], [68.47249364876293, 23.480218648871585], [68.42961132510274, 23.43999266622859], [68.41176486006034, 23.441616058534322], [68.42465531868808, 23.42656791227938], [68.46192026101139, 23.452625155226826], [68.45860254776946, 23.417743444204632], [68.48537170843767, 23.40443706531832], [68.49060904976798, 23.444358706589128]], [[68.53723180310536, 23.404729008636906], [68.55991697328975, 23.375969171640037], [68.55883967900806, 23.362617373393107], [68.56659293131881, 23.376199006878693], [68.53723180310536, 23.404729008636906]], [[68.61116874224379, 23.357424020602167], [68.56975543506533, 23.373363852759667], [68.61889410028252, 23.329014420079517], [68.61116874224379, 23.357424020602167]], [[68.53583431240364, 23.316536426514887], [68.50282967085266, 23.340044737174964], [68.50252115752542, 23.32376790026848], [68.53583431240364, 23.316536426514887]], [[68.61843395226524, 23.29871845289435], [68.5873929264425, 23.31895005669986], [68.58274054553985, 23.315709352404724], [68.61843395226524, 23.29871845289435]], [[68.60218715631228, 23.29969310755098], [68.55602180985866, 23.312175631899976], [68.56414484990503, 23.278520703167914], [68.54075407973707, 23.284765362531488], [68.54083395032669, 23.266011119117877], [68.57990646341264, 23.252155542244566], [68.57289850716055, 23.260891079959436], [68.61511182784866, 23.27213561556627], [68.60218715631228, 23.29969310755098]], [[68.45969927280336, 23.479186534730843], [68.47292697450044, 23.49065256076713], [68.4638029332589, 23.496283054219674], [68.45969927280336, 23.479186534730843]], [[69.64711785300656, 22.755237579250974], [69.66270542161791, 22.750596403901], [69.66303932640395, 22.75493097338577], [69.64711785300656, 22.755237579250974]], [[69.94926440732658, 22.598918080405156], [69.96397507219191, 22.599799275716094], [69.95625030950427, 22.604295134113215], [69.94926440732658, 22.598918080405156]], [[70.02493584191566, 22.586040258151428], [69.9657629729829, 22.577915072322753], [69.95734882328972, 22.550641178847428], [69.98493134970212, 22.54624056854746], [70.02731335172993, 22.568441152537275], [70.02493584191566, 22.586040258151428]], [[69.94989466660573, 22.53558373450184], [69.94447684303205, 22.551060318678793], [69.93892180899437, 22.538683772238386], [69.94989466660573, 22.53558373450184]], [[69.94149041215283, 22.517827153100768], [69.9190962311063, 22.552646279402353], [69.90056645847537, 22.545898675983153], [69.89496874800946, 22.52285110959116], [69.86504745457646, 22.524857759677957], [69.9154735802417, 22.511748075113644], [69.94149041215283, 22.517827153100768]], [[69.36381447335933, 22.512421846291232], [69.35129284828636, 22.526326775260543], [69.31589925304817, 22.51994276054998], [69.35165035757805, 22.504732846943455], [69.36381447335933, 22.512421846291232]], [[72.81250822547426, 19.503588437756264], [72.81281125563495, 19.49254965804036], [72.82320773594839, 19.50496685473665], [72.81250822547426, 19.503588437756264]], [[72.7283345463023, 19.461517572378156], [72.73667395154175, 19.465618133769937], [72.73040187364771, 19.46823084327886], [72.7283345463023, 19.461517572378156]], [[72.87352323510922, 19.32464730762723], [72.85933411138026, 19.335816025889017], [72.83555424233455, 19.332925677677935], [72.85786402200702, 19.329746603922672], [72.87352323510922, 19.32464730762723]], [[75.14905262008241, 12.12890625042317], [75.14171624221083, 12.16446626160868], [75.12739956403877, 12.195031404875465], [75.12372910971075, 12.19182503219956], [75.14905262008241, 12.12890625042317]], [[75.13522744209288, 12.181747555805131], [75.1435623165477, 12.167852044536303], [75.1469817161333, 12.153243541756055], [75.15189242369647, 12.159411072563003], [75.13522744209288, 12.181747555805131]], [[75.15848422047051, 12.121148467327956], [75.16200041768522, 12.13298320730921], [75.14981710947208, 12.139405131141928], [75.15848422047051, 12.121148467327956]], [[75.16061961660213, 12.113522052700588], [75.16920447380753, 12.103944420398761], [75.16996204830994, 12.111471057043715], [75.16061961660213, 12.113522052700588]], [[72.70676064498784, 11.684623121959575], [72.71596074099548, 11.690713525109118], [72.71335434922392, 11.701079011187474], [72.70676064498784, 11.684623121959575]], [[73.00937223424128, 11.485795259143984], [73.00736725329622, 11.471611738191228], [73.01162910449963, 11.471662044467891], [73.00937223424128, 11.485795259143984]], [[72.76209914645855, 11.190679073080787], [72.77709984807959, 11.214640378550698], [72.78600060924086, 11.25674951098118], [72.77813243886109, 11.240578532373448], [72.76209914645855, 11.190679073080787]], [[72.72033166917126, 11.110627413124746], [72.73416292657797, 11.131282329615871], [72.7305166721068, 11.136189937215917], [72.71624541239592, 11.124900341077975], [72.72033166917126, 11.110627413124746]], [[72.29105365260406, 10.936487555656228], [72.28701925253662, 10.945870518909345], [72.28421211229929, 10.935669302996018], [72.29105365260406, 10.936487555656228]], [[72.17138767220345, 10.81725943087811], [72.20369005205433, 10.868684053126614], [72.20011055425883, 10.876780152182391], [72.19435501097499, 10.87010002129901], [72.17138767220345, 10.81725943087811]], [[73.70047926880338, 10.817308664263564], [73.66231286494693, 10.80845415613446], [73.70104682465129, 10.812947153788215], [73.70047926880338, 10.817308664263564]], [[72.61734843288392, 10.540567040436656], [72.6469769475282, 10.55972695363613], [72.64591455501281, 10.576516509329508], [72.63904607281816, 10.576290846045794], [72.61734843288392, 10.540567040436656]], [[76.1759901048595, 10.182813763644347], [76.22395157820281, 9.97815465891044], [76.23493170773227, 9.97256684278561], [76.23892021179839, 10.0302734372694], [76.1759901048595, 10.182813763644347]], [[76.17722725903084, 10.182734727625643], [76.23928225007589, 10.075507879285226], [76.23104166953757, 10.109708070571045], [76.26646292252602, 10.069038629529246], [76.2602777479199, 10.04743707136383], [76.2406983378581, 10.070451617348269], [76.25966954271539, 10.042747020558593], [76.28459107861542, 10.095860719796391], [76.29322063932116, 10.096494436069449], [76.29838097080525, 10.088745951964171], [76.3010262249804, 10.078522801586104], [76.3115749362344, 10.076757550220847], [76.31956076581676, 10.083139419149006], [76.3300004000985, 10.081976532790776], [76.34835255122928, 10.114069819366705], [76.3561699386918, 10.116567253775756], [76.35216116930255, 10.122935056407783], [76.34229254696359, 10.124702334844983], [76.33897364122063, 10.127910732794163], [76.32862746718402, 10.150733828403574], [76.29288685324585, 10.135602712495256], [76.20932555213264, 10.19349801532124], [76.17722725903084, 10.182734727625643]], [[76.26850581169387, 10.05709636210753], [76.27881944196369, 10.047316670128268], [76.27904844263153, 10.058943867265725], [76.26850581169387, 10.05709636210753]], [[76.26916444278496, 10.036915540319995], [76.2498303650793, 10.02998733504748], [76.25841891759913, 10.010374545748718], [76.26916444278496, 10.036915540319995]], [[76.25999152698753, 9.981419920992579], [76.24152851103204, 10.006953954561453], [76.24665236511467, 9.976659655618704], [76.25999152698753, 9.981419920992579]], [[73.65149581398069, 10.104480743191829], [73.63553667068092, 10.071556330160604], [73.64217054853205, 10.056926965806895], [73.64774084046749, 10.060872435514554], [73.65149581398069, 10.104480743191829]], [[76.25787615785842, 9.968381762208594], [76.2675652503361, 9.93926513178046], [76.29411804671062, 9.92608213448301], [76.27481365202854, 9.965971946947832], [76.25787615785842, 9.968381762208594]], [[73.06479990439212, 8.296982645632639], [73.04128360775243, 8.274203538562531], [73.0189807411684, 8.27165246049276], [73.04929530633345, 8.266770601382191], [73.06479990439212, 8.296982645632639]], [[79.43960762019563, 9.158230543005232], [79.32602095610233, 9.261819720004155], [79.31664621804859, 9.285220504123046], [79.33494424797877, 9.312251210125282], [79.32112944097108, 9.32474541666771], [79.20536053146347, 9.280184149578886], [79.22123384436648, 9.267144918803055], [79.21461927855702, 9.256344079915436], [79.29895305593894, 9.246436357751762], [79.43960762019563, 9.158230543005232]], [[79.08572745365913, 9.191738843572821], [79.06662785978793, 9.20745956940371], [79.06037962472001, 9.202417015832737], [79.08572745365913, 9.191738843572821]], [[80.83826828045679, 15.709014415882606], [80.92400026350137, 15.721871256953051], [80.87148845173081, 15.786587715151029], [80.86459195655365, 15.820312499622219], [80.83448040524658, 15.736535549176324], [80.83826828045679, 15.709014415882606]], [[80.83076620069974, 15.737194180267238], [80.80679476256833, 15.741108655739978], [80.78618454957743, 15.767731308752943], [80.82492279994742, 15.711964249750437], [80.83076620069974, 15.737194180267238]], [[80.86868011989165, 15.81337273086693], [80.93927705249402, 15.718378663344765], [81.00108647376189, 15.751849055689476], [80.95684480684244, 15.798249841057427], [80.90069484708962, 15.827383756455276], [80.88746893414415, 15.849088907527133], [80.86868011989165, 15.81337273086693]], [[81.71935474912246, 16.315588474128845], [81.86316561719954, 16.377760648635103], [81.94428634623799, 16.395074606208183], [81.96524107421632, 16.51353240049997], [81.93072783971817, 16.565885901013615], [81.9171940087966, 16.558719635302992], [81.92358875241914, 16.539611219981836], [81.91130781200602, 16.523170948380596], [81.88935577904599, 16.541993022260257], [81.89173686546414, 16.57211196419587], [81.87279534363037, 16.59149157997254], [81.87179231626246, 16.553001642311983], [81.85161364115677, 16.50887632338366], [81.85389900193755, 16.487941145767294], [81.79524970031352, 16.464962601443005], [81.75568294501196, 16.41462826688104], [81.71224272242384, 16.440648317465957], [81.7062206272802, 16.41138851676672], [81.72792744659446, 16.352688550935895], [81.71935474912246, 16.315588474128845]], [[81.84394121181762, 16.489899873680315], [81.8314820527547, 16.489604353757997], [81.81425726386178, 16.484126806207172], [81.82890760939878, 16.479661226184703], [81.84394121181762, 16.489899873680315]], [[81.8529657124977, 16.52194511847253], [81.84802091163587, 16.53213465219251], [81.84718847306968, 16.523041248155195], [81.8529657124977, 16.52194511847253]], [[81.87008655055396, 16.59546232242826], [81.8608858582958, 16.5891704558519], [81.85889005673076, 16.542866111082205], [81.87066984183988, 16.55803382400181], [81.87008655055396, 16.59546232242826]], [[81.84104454496989, 16.67810237422526], [81.89332914392494, 16.5785932540755], [81.90111064933708, 16.534905075808624], [81.91564381141282, 16.52929675604048], [81.91265130021745, 16.564198136135175], [81.93240034579944, 16.56745791415149], [81.97399437444088, 16.51347506062561], [81.96043705952277, 16.40387415856563], [82.28590714889592, 16.557140350247096], [82.26795184610094, 16.564098119832465], [82.29959952849552, 16.59145033346624], [82.27809202682565, 16.636001109963388], [82.24803030515457, 16.645031451740223], [82.19091105430178, 16.601468563423495], [82.16880965204385, 16.607365012485403], [82.1582617762601, 16.61318874326595], [82.15617883218741, 16.6203031540674], [82.1639815571032, 16.62554335614101], [82.15903413291906, 16.637901068079913], [82.15797507778777, 16.6574847697064], [82.16091752012758, 16.66946804531412], [82.14168083630162, 16.684140920667062], [82.11853337321676, 16.688992142573383], [82.10573065244782, 16.674995660821125], [82.08267176179251, 16.66267454589368], [82.07561671703789, 16.66325533346692], [81.92926764468606, 16.70972931375691], [81.92404854340558, 16.724706530482052], [81.85765171095781, 16.762654542972882], [81.82143104071, 16.796476960543373], [81.7502267356754, 16.929292201973624], [81.74128150933436, 16.900638818626632], [81.77014434298715, 16.837213754511254], [81.75998067826575, 16.792271256713192], [81.79603695873871, 16.746329545572152], [81.79962444341348, 16.70186924896676], [81.84104454496989, 16.67810237422526]], [[81.83122003077992, 16.677146912000453], [81.8225828411253, 16.673856616389813], [81.83152425254227, 16.666075825938677], [81.83122003077992, 16.677146912000453]], [[81.75846874703515, 16.79980373355555], [81.7495717998988, 16.79554712809758], [81.75598895552602, 16.78743255157103], [81.75846874703515, 16.79980373355555]], [[81.75084686319232, 16.96581244448879], [81.76331865772997, 16.9694987538645], [81.76269721990084, 16.98430514346768], [81.75084686319232, 16.96581244448879]], [[81.76475572579622, 16.950625777457745], [81.76355564617623, 16.934838652881595], [81.77237284143357, 16.939529776577942], [81.76475572579622, 16.950625777457745]], [[81.79610550416575, 16.863851308391247], [81.77806341679329, 16.893246055061496], [81.78124332422018, 16.923879146605415], [81.7689784762758, 16.906079769166084], [81.79610550416575, 16.863851308391247]], [[81.79759383179001, 16.86256384884267], [81.80506324727108, 16.86771714672895], [81.79900395886565, 16.876644849780092], [81.79759383179001, 16.86256384884267]], [[81.85326373613262, 16.768841743751537], [81.87765204870314, 16.762513280163787], [81.85273885761225, 16.775336503676783], [81.85326373613262, 16.768841743751537]], [[81.90598487859941, 16.746655464378307], [81.89095890512951, 16.74842727180122], [81.90310680883229, 16.742431641007514], [81.90598487859941, 16.746655464378307]], [[81.9797927137628, 16.71145093451308], [81.94804954495063, 16.719337463653048], [81.94615626340098, 16.712361931557993], [81.97181034117446, 16.70381426851378], [81.9797927137628, 16.71145093451308]], [[81.99126040894086, 16.702414035779128], [82.00605630885164, 16.6897618768092], [82.00346457962681, 16.700427055664107], [81.99126040894086, 16.702414035779128]], [[82.01672494380117, 16.69005131731454], [82.03771925004352, 16.69094455274896], [82.0145677328147, 16.696316957861384], [82.01672494380117, 16.69005131731454]], [[82.05716145054063, 16.67485547090331], [82.08940625219694, 16.666882157185867], [82.11624324333113, 16.693153500833418], [82.14667725555105, 16.692092656950635], [82.1564681530829, 16.70803952180654], [82.11231374738159, 16.708416461850334], [82.05716145054063, 16.67485547090331]], [[82.17630004870844, 16.72183120274792], [82.18882167378135, 16.71335113005071], [82.19638347661626, 16.717276811975395], [82.17630004870844, 16.72183120274792]], [[82.1973222492226, 16.710379361718225], [82.14261722570453, 16.684820413331508], [82.16186094312818, 16.67211616023266], [82.16638040513166, 16.629595756139324], [82.16097235718868, 16.612542748549117], [82.19126725238195, 16.60267853738469], [82.22822880751355, 16.643492817839316], [82.2345740794303, 16.64188945253629], [82.24265635051026, 16.645539403220923], [82.25876533974863, 16.64527165886001], [82.25403845271254, 16.652154326061336], [82.25535631204426, 16.66028821462953], [82.26146185438111, 16.66805434253395], [82.24739015063497, 16.705530047273925], [82.1973222492226, 16.710379361718225]], [[82.3103109594833, 16.701142907019545], [82.25794208056263, 16.701593756946366], [82.26591587092085, 16.673967480315056], [82.25638115426696, 16.65809214123938], [82.31259334081008, 16.603067040011922], [82.32675635811958, 16.668163061576067], [82.35879015903876, 16.712156414886664], [82.34008443315017, 16.71817600721704], [82.3528921604449, 16.709791660157123], [82.33694934883349, 16.69118344775798], [82.34478414087553, 16.70483446124142], [82.32758605465287, 16.72380757356079], [82.3103109594833, 16.701142907019545]], [[82.15749645229945, 16.695927501053433], [82.1568135026412, 16.70590174157219], [82.15170180829196, 16.69957244431292], [82.15749645229945, 16.695927501053433]], [[86.80370950668848, 20.371411919824368], [86.81450426615905, 20.403041243458688], [86.8130650523104, 20.413937210833637], [86.80078971377438, 20.411133527590295], [86.80370950668848, 20.371411919824368]], [[86.84178817268608, 20.57705152031147], [86.99976801877906, 20.6769733429455], [87.0276881452917, 20.69651842138805], [86.93404316875737, 20.710788250277602], [86.9025590415666, 20.697773218459275], [86.87106144433031, 20.66760635345051], [86.85099053408598, 20.653218745748575], [86.84039914640366, 20.651988625174994], [86.82588207679649, 20.673494219382746], [86.79939317725345, 20.673475503591703], [86.81139731443463, 20.665713548541532], [86.81662714462718, 20.66001594048339], [86.82279694082624, 20.647731065536277], [86.82002341724703, 20.63878202427111], [86.81565785442646, 20.636583805098553], [86.79431247713913, 20.645304918587158], [86.7712569238681, 20.642385006063307], [86.76865494237185, 20.62233245367986], [86.71512115002113, 20.594865918227583], [86.71057474612778, 20.56521666072038], [86.7637548450102, 20.5033065081889], [86.84178817268608, 20.57705152031147]], [[86.72871255913745, 20.609899758966833], [86.73765063317026, 20.629008412608187], [86.74144363361697, 20.64446353896119], [86.72871255913745, 20.609899758966833]], [[86.77414524590651, 20.648386359243148], [86.79444575306908, 20.646139145005606], [86.80562984973787, 20.64529895788067], [86.81884765619449, 20.638772844890923], [86.7948081492768, 20.66870963544136], [86.79665100583932, 20.672301530391366], [86.80364441915472, 20.676588773952858], [86.81723141709622, 20.676867842576968], [86.82988584055917, 20.672588228863788], [86.85152745272987, 20.655177116630654], [86.89384317382351, 20.695823550316618], [86.93137574179715, 20.715613722795155], [86.99947512127991, 20.71258079966421], [86.99467635143256, 20.76855373416754], [86.8474674228834, 20.773123740768057], [86.83028185342496, 20.759875058786974], [86.80164361016458, 20.68287157985958], [86.77414524590651, 20.648386359243148]], [[86.79833316794148, 20.70055544387867], [86.78944444690379, 20.68083333928726], [86.79305553428551, 20.679166555592104], [86.79763317073426, 20.68922710404766], [86.79833316794148, 20.70055544387867]], [[86.86520397638256, 20.78275442137945], [86.94022595926074, 20.77211511152322], [86.94141221090487, 20.779790043675604], [86.86520397638256, 20.78275442137945]], [[87.00941550771958, 20.71782171759824], [87.00253152840733, 20.70861506463362], [87.01715707783697, 20.714413643175135], [87.00941550771958, 20.71782171759824]], [[87.00250005753165, 20.832222223177126], [87.00743341452059, 20.80713975449615], [87.01650965229865, 20.802825212913376], [87.01858043663796, 20.822875618615], [87.00250005753165, 20.832222223177126]], [[88.51570367778262, 21.539692759613217], [88.52849435842799, 21.583925843403023], [88.49654936825888, 21.60019433460093], [88.48154294515089, 21.55481255035903], [88.51570367778262, 21.539692759613217]], [[88.28775143598003, 21.563652753871537], [88.30584680998234, 21.580207943541893], [88.2885906698236, 21.62300145645213], [88.3114730118701, 21.67224347625543], [88.26148021194231, 21.73220610642673], [88.27148032145968, 21.754583954885703], [88.21754765550006, 21.762164353901937], [88.22096800836695, 21.701442956727192], [88.1998791698878, 21.681148052340802], [88.23286044615278, 21.669261455651736], [88.2370058297553, 21.64442122026321], [88.21682465093701, 21.615594864011854], [88.24547565018119, 21.591055631712095], [88.24370634557155, 21.567990660740463], [88.28775143598003, 21.563652753871537]], [[88.17810916870329, 21.600592136218182], [88.17363154855727, 21.568495750578506], [88.18697392910369, 21.559955358552997], [88.18649280080214, 21.578886866435766], [88.17810916870329, 21.600592136218182]], [[88.22616124154811, 21.670469045510174], [88.19967734853091, 21.67504703988905], [88.19431984428545, 21.68848717224523], [88.21496522436567, 21.698884129199286], [88.20316004779804, 21.72180926818325], [88.18127465280313, 21.689027905813305], [88.2116857763776, 21.601894855463286], [88.21065175567404, 21.61820244828445], [88.23158454918772, 21.643599271389263], [88.22616124154811, 21.670469045510174]], [[88.12481462929182, 21.62854015790205], [88.15495777108427, 21.650688648662225], [88.17010235793751, 21.738480448813704], [88.16352880031403, 21.79687500038108], [88.1647969487203, 21.80531287149188], [88.17210805384374, 21.81039631363899], [88.13473987564478, 21.877470731289293], [88.07263422039298, 21.77913677684083], [88.03660154352647, 21.674302935432223], [88.0568456649955, 21.640471935631354], [88.12481462929182, 21.62854015790205]], [[88.16556477549412, 21.79687500038108], [88.1702406403933, 21.790674328657445], [88.16717576974608, 21.806742429319712], [88.16556477549412, 21.79687500038108]], [[88.27749514558465, 21.738282322771113], [88.30216324353901, 21.709499955058902], [88.28915894063269, 21.778503775528833], [88.27749514558465, 21.738282322771113]], [[88.28273475140773, 21.76966571779866], [88.28532433485034, 21.78782284284995], [88.26347160323203, 21.79254221874848], [88.27317511993598, 21.776667952563997], [88.28273475140773, 21.76966571779866]], [[88.29365324949802, 21.775774240488886], [88.30580317937327, 21.717488050033552], [88.33235442621591, 21.710409880111882], [88.34310400464616, 21.759863734323886], [88.35667252511709, 21.766801833937564], [88.3781284092988, 21.769236921946487], [88.38002204877867, 21.78793191892302], [88.36087036167785, 21.796384215159435], [88.35180127620802, 21.8204475640039], [88.35255992450104, 21.85420966134683], [88.32444417475895, 21.86046147301863], [88.30851924436777, 21.831016540580947], [88.26284015145191, 21.81109142303083], [88.26491594321621, 21.79384732209627], [88.28493666679387, 21.789849400329643], [88.29365324949802, 21.775774240488886]], [[88.38298976386656, 21.780048846776936], [88.42275106950629, 21.72002065153191], [88.42055225408339, 21.762447238349438], [88.4426498414172, 21.799638152079183], [88.43074774761052, 21.798861145925173], [88.4174903628901, 21.809056043201878], [88.38298976386656, 21.780048846776936]], [[88.41841936076506, 21.811633109880148], [88.46440041095033, 21.795042514800286], [88.45504701111079, 21.799038052464198], [88.44772374625396, 21.814553618654628], [88.47662913762471, 21.837298631526693], [88.48852646322584, 21.837857246314883], [88.48218274084084, 21.887723445980328], [88.45933592291462, 21.894040942335693], [88.4520771502404, 21.904920458412448], [88.41852498074334, 21.901599526497023], [88.3924604658778, 21.832452654466437], [88.40390300791765, 21.79799425613004], [88.41841936076506, 21.811633109880148]], [[88.48207390308826, 21.906734346912657], [88.49877774709537, 21.896114230387525], [88.50808620421506, 21.912515759194974], [88.48207390308826, 21.906734346912657]], [[88.52563083159768, 21.84964704537495], [88.51610863170802, 21.83913803109536], [88.52394831156542, 21.835155010195592], [88.52563083159768, 21.84964704537495]], [[88.53075194364729, 21.84932494149288], [88.55418634442427, 21.819486022362042], [88.57268452656982, 21.857855200856903], [88.57084894192522, 21.90080261205094], [88.56258463817059, 21.897394180597075], [88.54638981853546, 21.904367327690068], [88.54071795896678, 21.900334954694472], [88.54929494890294, 21.891833901713255], [88.55014693693161, 21.88017535241059], [88.53075194364729, 21.84932494149288]], [[88.62035751358852, 21.897687911767747], [88.59655964371265, 21.8511048554048], [88.61883997958145, 21.833675742341683], [88.61867463562604, 21.800202011713537], [88.63882720431204, 21.784879803360326], [88.65347015832126, 21.867555380176782], [88.64108300167933, 21.871796250196837], [88.63511204738316, 21.869222521801987], [88.63183784514061, 21.871459365057746], [88.62035751358852, 21.897687911767747]], [[88.62316954164115, 21.90130937103072], [88.64148342571966, 21.87355136890062], [88.65170705273832, 21.87200582011255], [88.66706752814397, 21.9133634565583], [88.63527834372067, 21.91839611488882], [88.62316954164115, 21.90130937103072]], [[88.7188887595087, 21.9091665741781], [88.7488888506401, 21.89722216097408], [88.77916657957408, 21.870277643298635], [88.81444442307182, 21.901388764080252], [88.80277764767041, 21.916111112038237], [88.73222208028486, 21.919722079810242], [88.723854541554, 21.931700945142524], [88.7188887595087, 21.9091665741781]], [[88.74068355590148, 21.92194736048242], [88.79170322422456, 21.920494675688815], [88.80516016490972, 21.932880163189026], [88.80258440944303, 21.939415335949036], [88.77525162656147, 21.941470146530094], [88.75033271308436, 21.955197453100055], [88.74821412528175, 21.979483246554707], [88.72520625586415, 21.978337406845895], [88.72202336808405, 21.942623257257623], [88.74068355590148, 21.92194736048242]], [[88.67831921605912, 21.942772149914845], [88.71531295792673, 22.00091361966787], [88.65328466865256, 22.019267201620153], [88.62833881418501, 21.959768533491058], [88.67831921605912, 21.942772149914845]], [[88.66337442439024, 22.02429664127706], [88.72333455084899, 22.005790948893235], [88.74012935138862, 22.020737648024067], [88.68827426414609, 22.05964112273972], [88.68287634886448, 22.080199837852234], [88.78938090760298, 22.169130563724565], [88.76867365866255, 22.179985642523434], [88.76647174327636, 22.19101786618168], [88.73268222830225, 22.19386577628464], [88.68415224582961, 22.207577467026567], [88.65310931164552, 22.16343915469332], [88.63415026652174, 22.106187820411606], [88.66337442439024, 22.02429664127706]], [[88.74845004083673, 22.196994424153417], [88.76932501783537, 22.191743851097954], [88.79354500789591, 22.17092144486884], [88.80985963341536, 22.18324387100796], [88.83614873867347, 22.16781032118945], [88.82694137074779, 22.19546055755879], [88.8181910517757, 22.195587754071653], [88.80551135556468, 22.208342551767373], [88.79867827877965, 22.225748658373988], [88.82566595042331, 22.240883231276115], [88.826393366161, 22.263875365255956], [88.81525814494748, 22.264207958830326], [88.81435704224381, 22.28227055074538], [88.79507780070006, 22.276333331817852], [88.79296243157106, 22.26050555698592], [88.75137186082279, 22.22784495378167], [88.74845004083673, 22.196994424153417]], [[88.81517767900678, 22.283203125224077], [88.82738721414873, 22.26516675933854], [88.82821238079683, 22.241237759315226], [88.80116581884747, 22.226630449036094], [88.80688285855709, 22.208682656479482], [88.81927084887073, 22.196301460544078], [88.8295147421118, 22.210044503451144], [88.83620190659278, 22.207580566090314], [88.84865784608277, 22.19174754641213], [88.85020530233291, 22.20247745487069], [88.86066031412227, 22.20465946196464], [88.88573885006801, 22.167791247468188], [88.8991843459809, 22.177544951738213], [88.92148160978857, 22.172065973366074], [88.90442085274023, 22.19717633721828], [88.91615235774518, 22.23083937153976], [88.91946935692536, 22.232913374552652], [88.95385825655339, 22.225605845133742], [88.92998027776773, 22.260805964723545], [88.93495965036763, 22.302084445540828], [88.86945962905864, 22.357844948485678], [88.8205300571166, 22.359567165492365], [88.812378406938, 22.346671104088188], [88.80502235909469, 22.295215010964114], [88.81517767900678, 22.283203125224077]], [[88.89837563063085, 22.33690333352203], [88.8976649045118, 22.36366736895394], [88.88445806528753, 22.371158838509643], [88.85916006598441, 22.399439811698016], [88.8624423738166, 22.36819231502332], [88.89837563063085, 22.33690333352203]], [[88.88232851025256, 22.40325605872013], [88.8862402436923, 22.37254047416363], [88.89792335078212, 22.386182426977513], [88.92141270643143, 22.402576208125566], [88.9047098157055, 22.41138434451196], [88.89230334792128, 22.46536362143405], [88.89503657827552, 22.500739931702498], [88.9056663517209, 22.521674275647342], [88.88824665545891, 22.553651332942735], [88.86827898019081, 22.52265727511326], [88.86001026616097, 22.518921017391108], [88.85621476200183, 22.50950264962765], [88.84546303778913, 22.50846004489523], [88.86149215733732, 22.49902343708203], [88.86686265498767, 22.48577761674366], [88.85609686357944, 22.422571062704463], [88.88232851025256, 22.40325605872013]], [[88.8264895675396, 22.43194913904165], [88.82335102532963, 22.43303573141398], [88.82737171613192, 22.446043849244347], [88.81237757236718, 22.454101442927282], [88.81108474746324, 22.478966951063995], [88.78038561330547, 22.49958145651908], [88.80316352877392, 22.446314454348624], [88.81586027163436, 22.433356046544418], [88.8264895675396, 22.43194913904165]], [[88.89594054262201, 22.56064415000762], [88.9144523144229, 22.510343075072967], [88.89465844663013, 22.466099262371188], [88.92774152794928, 22.393427967926414], [88.89696133160024, 22.38193547754031], [88.90767919993513, 22.33517873331192], [88.94206964999447, 22.30975377581612], [88.96468985045627, 22.41003692176659], [88.99859786010322, 22.43002045118297], [88.99514925503414, 22.467332959548486], [88.9598652125097, 22.548707604072746], [88.93269515026103, 22.556100248927407], [88.92013704778665, 22.5650975702967], [88.89594054262201, 22.56064415000762]], [[88.97053635117183, 22.408790826535494], [88.94718527797826, 22.25546276599394], [88.9716440443373, 22.21019923720513], [89.01961815315533, 22.205562830060586], [89.02292740377678, 22.166476846029724], [89.06215155155294, 22.128381252093163], [89.09570825093513, 22.152737855467706], [89.09171962725915, 22.157313823674116], [89.08419024948049, 22.148437499790816], [89.07219398046792, 22.145018339424865], [89.06762135054495, 22.148437499790816], [89.06709206084994, 22.19823062414403], [89.03962600203843, 22.222862958758554], [89.03259468050018, 22.256886959365715], [89.01496994510703, 22.251069545423235], [89.01149117947446, 22.258446336129595], [89.01789295669462, 22.267667650741572], [88.99645733873533, 22.282376051114], [88.99981164898853, 22.297796249597354], [89.02231645563998, 22.299267768892463], [88.98359370238748, 22.325424552401216], [88.98839390305633, 22.392466426284642], [88.97053635117183, 22.408790826535494]], [[89.01298666030627, 22.19571447394395], [88.9729249478282, 22.193475842835994], [88.99675083158562, 22.140145659694497], [88.96247124635104, 22.060717702060344], [88.97849655187443, 22.03990674060364], [88.98512434940923, 22.056733727879305], [89.01794135550918, 22.061479807347297], [89.03822875055644, 22.052940130282792], [89.03118395807323, 22.093458772104725], [89.04842424408375, 22.126212954264503], [89.02213203886251, 22.148437499790816], [89.01298666030627, 22.19571447394395]], [[89.04200077071906, 22.047311305972045], [88.98494827744119, 22.054695606017447], [88.96796584145059, 22.015190958795785], [88.97852194333305, 22.00615286846019], [88.97447252278883, 21.994656443540038], [88.98934125879222, 21.985744118896065], [88.99246835712913, 21.97378146654151], [89.00575923889781, 21.984766244666474], [89.01433491672319, 21.984337210493948], [89.00496494777425, 21.94338846250764], [89.04692494832787, 21.928553223552484], [89.06357347953261, 21.93451476104744], [89.07561147169216, 21.998112916777814], [89.04200077071906, 22.047311305972045]], [[89.01146197309154, 21.981665849899173], [88.99037444582407, 21.97060465817856], [88.97261667282126, 21.98756217935116], [88.96514201159468, 22.017157673587803], [88.97708272948452, 22.038429855953154], [88.93781924266395, 22.060347914324893], [88.94681751731466, 21.991210937534845], [88.92528975032181, 21.96327435972401], [88.93180584936053, 21.94156014888182], [89.00820827449238, 21.902358531820852], [89.0213432309055, 21.921468258353514], [88.99090945700593, 21.952223658595017], [89.01146197309154, 21.981665849899173]], [[88.92424142320326, 21.923644543061243], [88.85801482162682, 21.910743832162154], [88.82166421373259, 21.918915152312536], [88.8541432618022, 21.889410614608238], [88.85847985745951, 21.857139706532337], [88.8778853413356, 21.853914141424525], [88.88574802854882, 21.81334841289899], [88.91410827607618, 21.82735681516499], [88.92422556905487, 21.82811534384814], [88.92289936581315, 21.835598826524688], [88.94014930694502, 21.85265004626271], [88.94686543948845, 21.840900659138157], [88.97615814188478, 21.869147777348076], [88.96731960751399, 21.886073947254886], [88.96800911412944, 21.901010155794125], [88.92424142320326, 21.923644543061243]], [[88.9552992582542, 21.84778010856516], [88.9563347097791, 21.82703506921314], [88.97516846675146, 21.82587516320831], [88.97978806466759, 21.818177222800614], [88.97633171103965, 21.804509043957296], [88.9683964251549, 21.79945874182755], [88.95407593205877, 21.803197026621547], [88.94531250007194, 21.784319042789633], [88.97338151924188, 21.775978803878758], [88.99189627139592, 21.81004154638032], [88.99791300298276, 21.81493866428795], [89.0228064062907, 21.820451020997893], [89.03086137755056, 21.863191723919016], [88.97857153374943, 21.89334273298084], [88.9767898319852, 21.86450541039642], [88.9552992582542, 21.84778010856516]], [[89.00843632187886, 21.81031751594068], [88.99504840416054, 21.81215274355438], [88.99027931733676, 21.78991782704611], [89.01255476449089, 21.781479120465065], [89.01103365388016, 21.776414632429436], [88.99865734576005, 21.769893765185145], [88.99963295459733, 21.766016840904513], [89.01817977387762, 21.773026466298404], [89.00843632187886, 21.81031751594068]], [[89.00481474390537, 21.76507925989992], [89.01755404448372, 21.71766710325423], [89.05786085099751, 21.728615164758082], [89.0253591535022, 21.756948947935626], [89.00481474390537, 21.76507925989992]], [[89.06078767750941, 21.72175455073196], [89.00967133026776, 21.704647302331153], [89.02242875128601, 21.699645161594958], [89.02601635467104, 21.68948936504225], [89.02858042704511, 21.63498437412963], [89.06254672984787, 21.618336200855083], [89.09074068103766, 21.63403844831575], [89.09226143371833, 21.665798545066878], [89.06078767750941, 21.72175455073196]], [[89.03642487510805, 21.621093749776833], [89.02130174607882, 21.638807058499026], [89.02362740008456, 21.65233623992566], [88.99320745506017, 21.649024606100795], [88.98836123967962, 21.65222907041533], [88.98941314250268, 21.701587557819636], [88.98500370985337, 21.705565929224292], [88.97319710246447, 21.697309613248052], [88.95099794839669, 21.7005223036615], [88.96389412851138, 21.660205721516917], [88.96524465121982, 21.643531441822688], [88.99051475535171, 21.645444750374992], [88.99387180763793, 21.641240954006918], [88.99811983086559, 21.622576355914134], [88.9999706743072, 21.60180521014243], [89.02936065187262, 21.605428815187764], [89.03642487510805, 21.621093749776833]], [[88.83423900582554, 21.60747754545241], [88.82877182925657, 21.575672268560425], [88.84261357815419, 21.554022907830955], [88.90014481563085, 21.552358626949143], [88.89295840240848, 21.578940749316246], [88.83423900582554, 21.60747754545241]], [[88.56535971128179, 21.570205926562352], [88.58620727064917, 21.60685205437889], [88.54201614832672, 21.634863138323254], [88.52489936351495, 21.653038978266324], [88.51019334814461, 21.60290384263834], [88.53651714295185, 21.588589549468168], [88.54373955693515, 21.566946744796553], [88.56535971128179, 21.570205926562352]], [[88.4076087471461, 21.616248130646795], [88.43187701731065, 21.626927017867615], [88.41173768034972, 21.65590035931416], [88.41152155437632, 21.685369133678705], [88.42837953588699, 21.701736450476858], [88.39396846257458, 21.752618431695367], [88.3855651614032, 21.733009457320634], [88.37052535995755, 21.729142427381248], [88.40157473058949, 21.720562815921312], [88.37991964837309, 21.680762052526745], [88.40188574762917, 21.59588074719872], [88.4076087471461, 21.616248130646795]], [[88.3066953419166, 21.616232037278735], [88.35686242596032, 21.645939350520706], [88.35113775730181, 21.67786574360926], [88.3295004366959, 21.704687952587022], [88.30388712878798, 21.70756280457985], [88.31661140888954, 21.664905429242197], [88.3066953419166, 21.616232037278735]], [[88.34745466749891, 21.69746434700204], [88.3654427532804, 21.687159419471726], [88.3977104426829, 21.713721156006613], [88.36503851431607, 21.72278320787879], [88.35977911981067, 21.74621593951406], [88.37088227299856, 21.763144850554426], [88.34268140782072, 21.7540431026072], [88.34745466749891, 21.69746434700204]], [[88.36372470822877, 21.73182725892093], [88.3874229188327, 21.7418663504518], [88.3814362290988, 21.766882419488155], [88.36152195917114, 21.747095227362905], [88.36372470822877, 21.73182725892093]], [[88.42299795139436, 21.766115545995717], [88.44064724457482, 21.709396958402976], [88.45561444734895, 21.71094286422189], [88.46726894340705, 21.73702716866896], [88.47255480316167, 21.79331827162102], [88.44919073566408, 21.797347426842407], [88.42299795139436, 21.766115545995717]], [[88.51341187965463, 21.78701174249801], [88.50434756239022, 21.75038695379496], [88.5187946557489, 21.719703674684837], [88.54162097003174, 21.737388252765697], [88.57242417373672, 21.735375642871674], [88.56255745885974, 21.760182976563215], [88.56939840291412, 21.793962359775207], [88.54251873535142, 21.81046164039242], [88.51341187965463, 21.78701174249801]], [[88.50022184875948, 21.812600373908225], [88.48899614855347, 21.834976434514942], [88.44959807369227, 21.812031149817784], [88.48634004585656, 21.798983574232665], [88.50022184875948, 21.812600373908225]], [[88.58210885503976, 21.808203100992387], [88.61418497535644, 21.79824352302029], [88.6164288522099, 21.830598473640663], [88.59082806106628, 21.852023601907746], [88.58210885503976, 21.808203100992387]], [[88.60163235694782, 21.78973185983756], [88.5872812275467, 21.754829645172038], [88.61671710021412, 21.744111060976735], [88.6231385465068, 21.736469268841716], [88.61913776399663, 21.725493550487016], [88.5991139413554, 21.713961839767194], [88.60918235797945, 21.708283662461156], [88.63064384493762, 21.740372062121025], [88.62301516491803, 21.773273349085855], [88.60163235694782, 21.78973185983756]], [[88.70804834325648, 21.70618724834293], [88.74764895443579, 21.65843164960097], [88.75484156578577, 21.66590750242929], [88.73138082026881, 21.68139004731296], [88.7294862266082, 21.686749458121085], [88.74154996905597, 21.690437913279197], [88.760461449936, 21.68483567202864], [88.75852775555157, 21.709597945189046], [88.7745877506243, 21.718300342886607], [88.75084614773166, 21.73683166504935], [88.75886237619787, 21.75937604906548], [88.7270579338767, 21.780662775266933], [88.71233582513835, 21.807275772259118], [88.69491255317192, 21.74380600464346], [88.70804834325648, 21.70618724834293]], [[88.72611105478146, 21.794722080060012], [88.74972224248754, 21.816388845368948], [88.76388883550149, 21.78750002400693], [88.77722215627759, 21.82166671734521], [88.764999866051, 21.826666713198307], [88.76388883550149, 21.833611130549315], [88.77166664559925, 21.856111049385476], [88.78055560585662, 21.85944438025396], [88.71784341364273, 21.907189368794434], [88.6958333249481, 21.84111094491425], [88.72611105478146, 21.794722080060012]], [[88.76944434617965, 21.826666713198307], [88.78222215213074, 21.826666713198307], [88.78972220391668, 21.821388840322754], [88.79444444145796, 21.81249999967531], [88.79555547200746, 21.801666617020885], [88.788888931679, 21.795833348929932], [88.79472208016003, 21.791388750090817], [88.82972204663528, 21.862222075788253], [88.79027771964113, 21.86361110207079], [88.78805553893207, 21.878055453396485], [88.76944434617965, 21.826666713198307]], [[88.80638885466206, 21.867777824786884], [88.83361113064925, 21.868610978314052], [88.8374998567331, 21.892222046410353], [88.81666672249142, 21.90111112627747], [88.80638885466206, 21.867777824786884]], [[88.84638893570096, 21.858055472681997], [88.8350000382213, 21.781666636306312], [88.8619358540565, 21.777912259043546], [88.91333317738437, 21.727777719666165], [88.91611111123896, 21.74777781999049], [88.89305555796764, 21.750833272937314], [88.89694440366137, 21.781666636306312], [88.88222205660273, 21.797222256501982], [88.87722206074957, 21.851666570156112], [88.84638893570096, 21.858055472681997]], [[88.89583325350193, 21.788055538832083], [88.90555560560685, 21.751666546074375], [88.91925334966245, 21.77022445219677], [88.91777765751291, 21.791666627113187], [88.93499994269322, 21.82249987087235], [88.8855555061817, 21.810277819865547], [88.89583325350193, 21.788055538832083]], [[88.94138884521917, 21.84722220873803], [88.93499994269322, 21.824444412879416], [88.93888890709749, 21.816666722391403], [88.91972207991014, 21.791944504135557], [88.92138874489476, 21.766111135720365], [88.9544444085827, 21.766944408857427], [88.94027781466949, 21.793055534685266], [88.95416665117008, 21.808055520446032], [88.9700000287784, 21.80277764757048], [88.97638893130429, 21.82111096419976], [88.95388877414771, 21.825277805626314], [88.94138884521917, 21.84722220873803]], [[88.95138967059697, 21.758186578747683], [88.96659636463065, 21.75009334043537], [88.97145450142418, 21.740615368304674], [88.98380875546982, 21.747828721618276], [88.98869454821497, 21.73971986747796], [88.9766699073904, 21.728689074641096], [89.01479244231749, 21.71875202648488], [88.99668157119768, 21.768488049284116], [89.00902271312785, 21.78259456129001], [88.98988711849589, 21.78910076598757], [88.95138967059697, 21.758186578747683]], [[89.01606535892924, 21.717340827417303], [88.97067427659661, 21.721165656669825], [88.99238634075712, 21.701084255833848], [88.99297320864676, 21.651508569564953], [89.01795446852404, 21.661371469517803], [89.02419233350955, 21.687207936996742], [89.00753426589378, 21.70457696905197], [89.01606535892924, 21.717340827417303]], [[88.9693379397942, 21.72277331353763], [88.98419153661021, 21.746064305723195], [88.97390282115842, 21.74001574533048], [88.96730577953824, 21.739429712011713], [88.92347872256514, 21.762486815714027], [88.92268192772892, 21.720322847121707], [88.94994235025942, 21.70243787760603], [88.98324537247598, 21.70566535017585], [88.9693379397942, 21.72277331353763]], [[88.94194436094361, 21.689722061024383], [88.88222205660273, 21.745277643548434], [88.8713889122686, 21.70500004251801], [88.8877778056013, 21.65805554412816], [88.9177603725432, 21.63307321046034], [88.94194436094361, 21.689722061024383]], [[88.93967211227832, 21.646673441026508], [88.98780632020558, 21.61302256553907], [88.99506986108523, 21.6259610650512], [88.99211573565285, 21.642666578200107], [88.96541285501931, 21.64165008078666], [88.95502805689941, 21.676849722836494], [88.93967211227832, 21.646673441026508]], [[88.7735524178099, 21.621504544798995], [88.76959860329296, 21.655568242380554], [88.74818444225824, 21.645584821582332], [88.73620677032633, 21.64478147068843], [88.72975122893618, 21.64014971213956], [88.73614501927736, 21.612025618487564], [88.75454354305012, 21.603766322158123], [88.7579574585699, 21.597235322252374], [88.7496478559639, 21.57796382926739], [88.79801750190634, 21.592235446009113], [88.7735524178099, 21.621504544798995]], [[88.73425805546495, 21.612809300309067], [88.7286553384732, 21.637325167322672], [88.71283435801931, 21.624850869072418], [88.7073725459064, 21.59287810334189], [88.7229281661021, 21.573721766746218], [88.74083304390993, 21.573220730152684], [88.75649654857702, 21.5975972418193], [88.73692011796916, 21.60940837819419], [88.73425805546495, 21.612809300309067]], [[88.59528446170859, 21.620654225012515], [88.59374999976282, 21.653738856762914], [88.58617651473443, 21.65769767780563], [88.57689285282297, 21.691553473713896], [88.567592978833, 21.690826177586132], [88.57120084754118, 21.666743040059316], [88.55352735540325, 21.640268445132676], [88.59528446170859, 21.620654225012515]], [[88.5657967332327, 21.70131254154063], [88.5905504223642, 21.69030284859761], [88.57084155039732, 21.730502248180244], [88.55365610144807, 21.735007524277933], [88.51727163767609, 21.711717844203235], [88.5306476357799, 21.6507977247353], [88.551675915711, 21.636287450405575], [88.5657967332327, 21.70131254154063]], [[88.4646866318827, 21.67282271429687], [88.45302033402126, 21.709553122078916], [88.41927313844465, 21.688985109775018], [88.44073283665116, 21.615697980277616], [88.4646866318827, 21.67282271429687]], [[88.59273433692024, 21.718801974831308], [88.62043535710612, 21.73721683029251], [88.58675622941658, 21.75224125423054], [88.57841765874812, 21.77644610420441], [88.5689212082473, 21.769083022763397], [88.59273433692024, 21.718801974831308]], [[88.69401705234512, 21.699463843881404], [88.68721473237414, 21.682860017076223], [88.71297264137436, 21.65190625157237], [88.72591304744932, 21.638589620414677], [88.7357860800636, 21.64531672019058], [88.7459831240221, 21.64593374684506], [88.69401705234512, 21.699463843881404]], [[88.79612541195834, 21.655555606006487], [88.80999994294316, 21.70416665067046], [88.75750005258553, 21.68222224755874], [88.73138892675772, 21.687222242512547], [88.79612541195834, 21.655555606006487]], [[88.76469671717976, 21.705258846718465], [88.80379426469366, 21.71666765249023], [88.81948685613358, 21.70180428004352], [88.81512641944877, 21.62929427630985], [88.8514211173908, 21.62660264949278], [88.83998000617245, 21.715298413990666], [88.86414134514709, 21.760808110605865], [88.8316551447692, 21.765859842657648], [88.81487715255864, 21.751493334849556], [88.80338656873525, 21.746960401901077], [88.79080510097467, 21.749029755418945], [88.7927086356951, 21.735217452123806], [88.76469671717976, 21.705258846718465]], [[88.77585315699767, 21.731067538636097], [88.78326296811159, 21.757200240998344], [88.78232324132458, 21.76685524017725], [88.79582595840137, 21.787110925129184], [88.78808105000061, 21.794287443111102], [88.79321670498703, 21.81035876244698], [88.78085553605419, 21.824118971613302], [88.76360714445426, 21.782807111559038], [88.74970281083611, 21.76969003636617], [88.76425254381988, 21.75736486909352], [88.75598442514118, 21.734015345431914], [88.77585315699767, 21.731067538636097]], [[88.75350821023588, 21.78333973863809], [88.74943065619996, 21.80619561633469], [88.72729384943167, 21.793688178067015], [88.73609304385892, 21.775015473485354], [88.75350821023588, 21.78333973863809]], [[88.79617333413213, 21.748504042327767], [88.8277273179614, 21.769515156899075], [88.82408034763009, 21.820950865989772], [88.7859301567515, 21.76900017271987], [88.79617333413213, 21.748504042327767]], [[88.64034104390421, 21.678359627894622], [88.63164794429727, 21.669089675248415], [88.62738347067071, 21.652505159585502], [88.63415813469024, 21.65111875572606], [88.64034104390421, 21.678359627894622]], [[88.60611617522144, 21.680077433726694], [88.58034050461075, 21.682879567438164], [88.58687937268505, 21.659179568082692], [88.59770226474788, 21.663187027159637], [88.60611617522144, 21.680077433726694]], [[88.85531854621402, 21.919084668222922], [88.90683090722067, 21.92895257470161], [88.90295910817642, 22.011187552963264], [88.81353402137805, 22.019334554546134], [88.80208361116988, 22.029772043045398], [88.77968955063236, 22.015798449938615], [88.76202905189936, 22.014855742798346], [88.75167572465503, 21.959071755856883], [88.85531854621402, 21.919084668222922]], [[88.74236357222125, 21.99031293389484], [88.75824487200325, 21.995251774949566], [88.75952613342437, 22.005473017865512], [88.74236357222125, 21.99031293389484]], [[88.791335821491, 22.03142654919597], [88.77919673923819, 22.036710620199045], [88.77144575142037, 22.051308870707913], [88.7515506748239, 22.05006074930418], [88.76110374933873, 22.021896362427242], [88.791335821491, 22.03142654919597]], [[88.74838721779602, 22.059990048002362], [88.77296650410105, 22.0542105440814], [88.78072524047755, 22.04843842988973], [88.78776586100574, 22.06205356132284], [88.79849374329169, 22.0564136501699], [88.8029443028374, 22.064546346236966], [88.81783390041434, 22.063004613272284], [88.82396697999215, 22.069718242103306], [88.83074355147389, 22.07060194022739], [88.83645880243185, 22.06933975252761], [88.82741105517621, 22.0861972573976], [88.81533825385745, 22.080788373984348], [88.80675065551841, 22.08236897025182], [88.79864227801872, 22.097817420937332], [88.80045497401787, 22.10473740101031], [88.79593074290952, 22.10912525622564], [88.78445005432664, 22.106996536660944], [88.74838721779602, 22.059990048002362]], [[88.73874366249007, 22.056717156971274], [88.80338740330606, 22.129822611724194], [88.8464019300051, 22.14114475252839], [88.84323513469386, 22.16722762615413], [88.86781775928225, 22.17601311221543], [88.8596471549923, 22.204119562967463], [88.84761357310808, 22.189475774387518], [88.8260477782824, 22.204650640514643], [88.83907854553851, 22.167737245877248], [88.82976615388506, 22.165210723795923], [88.80666506254263, 22.177999854010153], [88.74672114816255, 22.13274705413332], [88.70514953152573, 22.064269065465112], [88.73874366249007, 22.056717156971274]], [[88.71907866035193, 22.095736860967435], [88.69082403190365, 22.084154725260476], [88.69377803772633, 22.078005075673758], [88.71907866035193, 22.095736860967435]], [[88.85290706181152, 22.170137524727068], [88.85795974714469, 22.13999354836369], [88.83216345328086, 22.126050710272125], [88.84159112003422, 22.124296069108397], [88.87183940426522, 22.08801460289169], [88.91740357911195, 22.091264248246546], [88.92360901814178, 22.10642802753148], [88.88678157351094, 22.16421067678138], [88.85290706181152, 22.170137524727068]], [[88.89575827162699, 22.17153882945354], [88.9314347504135, 22.10556125644689], [88.90125584618036, 22.064117669994545], [88.9214272502675, 21.981361508526874], [88.93507194511429, 21.99314057867477], [88.92505157027384, 22.064709306089696], [88.96678602715357, 22.078519940243126], [88.98507785805677, 22.148437499790816], [88.95898067981469, 22.190213561106958], [88.91892993456892, 22.16102361704634], [88.89575827162699, 22.17153882945354]], [[88.93215584751445, 22.177008151804813], [88.96025824502212, 22.192647218294553], [88.95443201052902, 22.221111774588792], [88.91984283907593, 22.230720043195504], [88.90816283194928, 22.195453047320314], [88.93215584751445, 22.177008151804813]], [[88.90308785422118, 22.049888372650315], [88.8919793365773, 22.049657225300706], [88.89042723173142, 22.04570174254141], [88.85381591307399, 22.038141250918073], [88.89244067709572, 22.01481735703541], [88.90308785422118, 22.049888372650315]], [[88.85062551505555, 22.043080210683257], [88.88869810073678, 22.046813130121876], [88.87029826665176, 22.06287646257877], [88.87058854082866, 22.079112171689417], [88.81954503057884, 22.062459349819164], [88.8340766431227, 22.050042033513108], [88.84312427076853, 22.02207195775469], [88.859160542625, 22.025182246863267], [88.85062551505555, 22.043080210683257]], [[88.82339417929805, 22.02731430561076], [88.83106064793068, 22.05071985703586], [88.80575740378131, 22.064126014803747], [88.80123961002002, 22.05666100959803], [88.79463076569735, 22.054205656266078], [88.78794276754482, 22.05951297294547], [88.77999365368427, 22.03797841067521], [88.82339417929805, 22.02731430561076]], [[88.83712065219649, 22.0734168290235], [88.86703765406449, 22.08883297426243], [88.84713614012091, 22.116933941848032], [88.80632984654525, 22.12515890565905], [88.80649316342883, 22.084245443472525], [88.82511794583664, 22.08718252225563], [88.82074534851907, 22.092902779739518], [88.82217371474528, 22.099996924318674], [88.83712065219649, 22.0734168290235]], [[88.87213790454066, 22.079337358332452], [88.87099885921006, 22.06396853901694], [88.89102351642228, 22.06031990044309], [88.90412330664535, 22.084249973357714], [88.87213790454066, 22.079337358332452]], [[88.13005530800618, 21.899088859463376], [88.14466810235106, 21.915490031239983], [88.13304555380941, 21.927557706423045], [88.11608326443118, 21.917551637098455], [88.13005530800618, 21.899088859463376]], [[88.0818599461796, 21.931724548748974], [88.14342927903814, 22.02064144574618], [88.14112901649102, 22.0260583160385], [88.07668554750009, 21.998995303690407], [88.04606556897087, 21.913018464930246], [88.0818599461796, 21.931724548748974]], [[88.16083335857266, 21.93027782466197], [88.16499984296846, 21.916388749840962], [88.17138874549434, 21.932222247059087], [88.16083335857266, 21.93027782466197]], [[87.90147173403332, 22.48753595322168], [87.88700675945447, 22.491210937434914], [87.89992904688816, 22.483049154594937], [87.90147173403332, 22.48753595322168]], [[87.30513703824383, 21.58677446846704], [87.3081691268039, 21.571738004405432], [87.31689417392707, 21.576252817813355], [87.30513703824383, 21.58677446846704]], [[86.7281546593102, 20.681583046520444], [86.71189486995243, 20.67943787565747], [86.730389953034, 20.676408052489734], [86.7281546593102, 20.681583046520444]], [[86.59630465483602, 20.716446280071807], [86.57716071629406, 20.69826316821073], [86.58375144017688, 20.691377044015496], [86.59526431549583, 20.702098012313513], [86.60559141671055, 20.697632551001504], [86.59630465483602, 20.716446280071807]], [[85.29459345352515, 20.86913132624983], [85.2874715324854, 20.85637915097709], [85.29366910424582, 20.85663294775233], [85.29459345352515, 20.86913132624983]], [[86.57247173748081, 20.406039714461286], [86.51699602644558, 20.41704344759708], [86.49482130965586, 20.391833662793402], [86.51427364371378, 20.400600433063573], [86.56340634822456, 20.39388895001514], [86.57247173748081, 20.406039714461286]], [[86.41324234006206, 20.454170942035404], [86.36886274771771, 20.465853452874654], [86.35530316830668, 20.4622433187742], [86.34518182298288, 20.469319105492417], [86.30802071098711, 20.463728427724845], [86.32922482456613, 20.45519614218827], [86.34153342272933, 20.463374614646824], [86.35215520839623, 20.456419229164226], [86.36077725886352, 20.462423443986808], [86.38326442261516, 20.455949426025256], [86.39076042205593, 20.44450771765713], [86.41324234006206, 20.454170942035404]], [[86.4985653159367, 20.17666983624406], [86.49124681928541, 20.16505610915212], [86.50711715183516, 20.173568129365776], [86.4985653159367, 20.17666983624406]], [[86.33145880707835, 19.99052667616526], [86.33689534644319, 19.99928522123598], [86.33383715146343, 20.006350040721856], [86.32640945912934, 20.003455043015933], [86.33145880707835, 19.99052667616526]], [[86.3213896754933, 20.010130762724515], [86.31489551091911, 20.03175151332175], [86.30290245968084, 20.02533054366978], [86.31607353646464, 20.021334529365078], [86.3213896754933, 20.010130762724515]], [[86.24559330978357, 20.037047266518158], [86.30775582826888, 20.0342619420351], [86.26182723014259, 20.054787755450633], [86.24559330978357, 20.037047266518158]], [[86.14706504331716, 20.2148437503389], [86.12331485729496, 20.218113541406836], [86.13281250029681, 20.173828125167915], [86.14647114272915, 20.177594900484365], [86.14329230819348, 20.196843743144257], [86.14706504331716, 20.2148437503389]], [[86.11945080770877, 20.2148437503389], [86.06950056549877, 20.24348497395249], [86.02981305103154, 20.288195967370058], [86.02530837028516, 20.27510440324565], [86.01421534975864, 20.254214048739414], [86.03668713600266, 20.20847284774382], [86.12315523662502, 20.170995115931902], [86.11945080770877, 20.2148437503389]], [[81.73412930991978, 17.020739674296564], [81.74634170490592, 17.026118636366107], [81.73466634727427, 17.028660535955055], [81.73412930991978, 17.020739674296564]], [[81.76228892769203, 17.028140902280924], [81.74425256270567, 17.055996656220756], [81.73469710318889, 17.05907034831796], [81.737262368064, 17.043454170473694], [81.76228892769203, 17.028140902280924]], [[81.72778105764976, 17.07649421653491], [81.73434245554003, 17.09249424931022], [81.72257280309245, 17.112661361832394], [81.71603047892356, 17.09756231305036], [81.72778105764976, 17.07649421653491]], [[81.6579810376949, 17.250857949434874], [81.64163935157498, 17.22442865335975], [81.6516704562267, 17.196267008515747], [81.66536784145282, 17.226562499959513], [81.6579810376949, 17.250857949434874]], [[81.67790305618118, 17.296258569077736], [81.65783286089791, 17.305571556082512], [81.66332840927876, 17.285351872790727], [81.67790305618118, 17.296258569077736]], [[81.54381334770792, 16.34830474896512], [81.52542436124534, 16.350754857450738], [81.52097785494416, 16.35429155830886], [81.51532065882142, 16.349601149573502], [81.54381334770792, 16.34830474896512]], [[81.49179005666585, 16.352101922265987], [81.5408715007193, 16.35873675339849], [81.55526339998605, 16.351913810174295], [81.54572904126238, 16.37977683513286], [81.49473082986404, 16.370455145388675], [81.47755920889054, 16.391014933392483], [81.49179005666585, 16.352101922265987]], [[80.90229165543562, 15.935664058049923], [80.89566576446347, 15.922160863433149], [80.9016941782439, 15.917637944435597], [80.90229165543562, 15.935664058049923]], [[80.89726340738045, 15.948947549190123], [80.9082250594391, 15.964614749171403], [80.89246380296228, 15.984256625243148], [80.89726340738045, 15.948947549190123]], [[80.89634954959214, 15.98402261715016], [80.8961445095616, 16.000527858473973], [80.88992810240003, 16.00099480176877], [80.89634954959214, 15.98402261715016]], [[80.89878213388843, 15.988489508384134], [80.9070091247714, 15.977709650679955], [80.90805304071532, 15.987907647919698], [80.89878213388843, 15.988489508384134]], [[80.89233982602227, 16.04148566712992], [80.88292050317878, 16.022181868698354], [80.89127814756856, 16.019980430852215], [80.89233982602227, 16.04148566712992]], [[80.88630175622123, 16.088085413111457], [80.8843721150811, 16.07017993905299], [80.8938908579768, 16.047510504306445], [80.89703917491815, 16.06024670582086], [80.88630175622123, 16.088085413111457]], [[80.87664461125993, 16.080537914892872], [80.87651312318215, 16.114137053282434], [80.870098352557, 16.114539742715067], [80.87664461125993, 16.080537914892872]], [[80.56306207185727, 16.52343750024056], [80.58978188042957, 16.51821005325141], [80.56656610933854, 16.530964135986153], [80.56306207185727, 16.52343750024056]], [[80.5557476284504, 16.5394486189587], [80.53927302343138, 16.542199253892477], [80.56085944151002, 16.51738882023791], [80.5557476284504, 16.5394486189587]], [[80.48489284492902, 16.56423366025527], [80.5199735165647, 16.57112014328007], [80.50283360478718, 16.579726457410132], [80.48489284492902, 16.56423366025527]], [[80.41713952996534, 16.58459341565367], [80.38790965061, 16.585966944818736], [80.36437654474182, 16.582711458367214], [80.39982724153404, 16.565336346894952], [80.41713952996534, 16.58459341565367]], [[80.10000824958118, 14.243088007205856], [80.0931351187908, 14.235564947164619], [80.10040545494789, 14.234235525249389], [80.10000824958118, 14.243088007205856]], [[80.15050995337165, 13.611292242742906], [80.12073671802526, 13.605031251690974], [80.12675297297133, 13.588596821186414], [80.14566576506311, 13.593636751435028], [80.12757992747183, 13.586590647740294], [80.14111602288622, 13.54529952964964], [80.16765630249645, 13.590140342902544], [80.15050995337165, 13.611292242742906]], [[79.69083154214204, 10.315109252689908], [79.71641945859128, 10.315091013539458], [79.69566631275026, 10.321187257785752], [79.69083154214204, 10.315109252689908]], [[76.31072330433707, 9.887241840738398], [76.31688606783783, 9.902855157839383], [76.30795776853634, 9.921387552893322], [76.30455124364508, 9.902766943339856], [76.31072330433707, 9.887241840738398]], [[76.34726095233125, 9.869282007158958], [76.34908914544778, 9.838705777949357], [76.37222707302115, 9.832417845906932], [76.36625444868392, 9.855315208430198], [76.34726095233125, 9.869282007158958]], [[76.32473230375294, 9.807268261720964], [76.32914841206966, 9.81734025494886], [76.3228200671924, 9.82339847046309], [76.32473230375294, 9.807268261720964]], [[76.38331365620039, 9.534954905944176], [76.42572283753898, 9.549726248067941], [76.41348505019496, 9.563124537667335], [76.38331365620039, 9.534954905944176]], [[76.43553745738782, 9.528593301439741], [76.46391594406558, 9.529870032975708], [76.46452355391901, 9.54153144392103], [76.43632304667133, 9.551376343043898], [76.43553745738782, 9.528593301439741]], [[76.46660065689494, 9.541044950264293], [76.47898542853474, 9.529854774178546], [76.47910201574555, 9.536925554370924], [76.46660065689494, 9.541044950264293]], [[76.43458044563116, 9.551339149781995], [76.40602314495229, 9.542270540952785], [76.4065370562403, 9.5278046130925], [76.43415617966409, 9.528599262146258], [76.43458044563116, 9.551339149781995]], [[76.4036076073053, 9.541702628073935], [76.38246405137497, 9.533906102184957], [76.38332200011033, 9.527323723111408], [76.4048830267304, 9.527622818738166], [76.4036076073053, 9.541702628073935]], [[74.7107938530539, 13.642387509376135], [74.69612884497027, 13.651536226215967], [74.68980860748135, 13.648094653845234], [74.7007553577736, 13.640247941289516], [74.7107938530539, 13.642387509376135]], [[74.39274215702497, 14.4982258083744], [74.38488972208305, 14.482963442708794], [74.41125106808246, 14.481413245325086], [74.39274215702497, 14.4982258083744]], [[74.37820875662894, 14.54539024856119], [74.36390244943865, 14.55185067686729], [74.36704182621932, 14.541148662680712], [74.37820875662894, 14.54539024856119]], [[73.88055717977014, 15.5044826272715], [73.91009354628025, 15.507099747955039], [73.93148231495698, 15.529956817253392], [73.91630506472697, 15.545479774072362], [73.88055717977014, 15.5044826272715]], [[73.90181660615158, 15.537506579964827], [73.90940952283134, 15.548856258009963], [73.89854490762153, 15.54244244066615], [73.90181660615158, 15.537506579964827]], [[72.92775845548849, 18.967332243488286], [72.93516945820406, 18.952126145705122], [72.9377795461892, 18.97238385682961], [72.92775845548849, 18.967332243488286]], [[73.0591913463036, 18.996277451443305], [73.06073296055777, 19.014179945148385], [73.05014061959409, 19.01413083047349], [73.04698562608584, 19.00613403275952], [73.0591913463036, 18.996277451443305]], [[72.86623907097638, 19.524146556618376], [72.8501839637191, 19.537426114124003], [72.84330987964736, 19.52558851249991], [72.86623907097638, 19.524146556618376]], [[72.8885499235403, 20.745938658942066], [72.89987051481242, 20.744690656248878], [72.89183771633768, 20.74993777231043], [72.8885499235403, 20.745938658942066]], [[72.85354995706493, 20.76112604183345], [72.84727895296137, 20.75365674506284], [72.85622334473172, 20.75199055671885], [72.85354995706493, 20.76112604183345]], [[71.51637875997196, 20.904519438321472], [71.51633286486995, 20.913976311457702], [71.50660312213645, 20.904101252670728], [71.51637875997196, 20.904519438321472]], [[72.65439963333651, 21.073767543237636], [72.6456785198479, 21.07161700701937], [72.65241301025233, 21.065340757170304], [72.65439963333651, 21.073767543237636]], [[72.69177413017204, 21.09726345494454], [72.71061432359224, 21.140424013557407], [72.66962182538694, 21.15342712396273], [72.67601215873421, 21.10470461822362], [72.69177413017204, 21.09726345494454]], [[72.36541092407501, 21.589928507794525], [72.34727179985376, 21.610150456478436], [72.35869133453755, 21.57976293561103], [72.36541092407501, 21.589928507794525]], [[72.60283446323999, 21.620348930358944], [72.59629797926848, 21.630170225875275], [72.58797717110971, 21.630123972843194], [72.59066092975812, 21.62061846257211], [72.60283446323999, 21.620348930358944]], [[72.72310197317765, 21.6432279350212], [72.7453986407348, 21.64641034616062], [72.75071036858864, 21.655686259513345], [72.72094965000647, 21.66607046138276], [72.71033930821253, 21.659464359093022], [72.72310197317765, 21.6432279350212]], [[72.845752001254, 21.67972791221345], [72.8960820433517, 21.66532135040009], [72.91290414371142, 21.676780700768774], [72.845752001254, 21.67972791221345]], [[73.09425747410327, 21.729453921061605], [73.07291114353453, 21.734933019043694], [73.05598580819859, 21.726099849128786], [73.08015000791667, 21.71666061889252], [73.09425747410327, 21.729453921061605]], [[73.15961587467294, 21.767050742897595], [73.15146350863412, 21.79832005532637], [73.1415281296195, 21.75495755664599], [73.15961587467294, 21.767050742897595]], [[72.28740453738962, 21.707440376272444], [72.28276121625723, 21.73360455040975], [72.27629804591814, 21.74479413024497], [72.26909410940576, 21.73323571685495], [72.28740453738962, 21.707440376272444]], [[72.57898366466455, 21.84238874934141], [72.55832815192284, 21.83464252972908], [72.57494592631352, 21.833991527587017], [72.57898366466455, 21.84238874934141]], [[72.34783315667497, 21.92816865455984], [72.35693943540676, 21.939034819301526], [72.35163474115055, 21.940133333086976], [72.34783315667497, 21.92816865455984]], [[72.37099504488557, 22.21414625644465], [72.3705309632335, 22.229518652363964], [72.36568737027605, 22.208400607502085], [72.37099504488557, 22.21414625644465]], [[69.73675477511293, 21.595550536827943], [69.73509073255141, 21.608962774012895], [69.72934615649993, 21.604731560013562], [69.73675477511293, 21.595550536827943]], [[69.0940157173516, 22.451562762011946], [69.09045124093214, 22.427603721934247], [69.1083655355412, 22.43725454825892], [69.11108636874101, 22.46389234045921], [69.15054595453225, 22.469059109290555], [69.12580072892067, 22.475651025674324], [69.0940157173516, 22.451562762011946]], [[69.29312253008075, 22.458888650191142], [69.32149064577683, 22.451456546682323], [69.32809674716728, 22.463244676600567], [69.29874420208333, 22.47083842785125], [69.29312253008075, 22.458888650191142]], [[69.62878656344915, 22.458955645186904], [69.5884572271195, 22.438726544194736], [69.60814762071627, 22.41746580570242], [69.6332564350366, 22.406916857027397], [69.65724277493419, 22.426627158916347], [69.62878656344915, 22.458955645186904]], [[69.34040987521573, 22.381607651272134], [69.3300918337712, 22.38330614596191], [69.32821214187689, 22.375026345089793], [69.34040987521573, 22.381607651272134]], [[70.36347925626276, 22.9354158635513], [70.39327633353608, 22.96267926733441], [70.39664864551864, 23.024339914655428], [70.36704444854249, 23.035744547572847], [70.3710341451098, 23.068477154097394], [70.38005185141193, 23.083006977889795], [70.36323416222686, 23.104881048621593], [70.30559265617629, 23.098269820196094], [70.28925514201123, 23.105947256061086], [70.23048365129952, 23.078874230661285], [70.23653245001262, 22.97954630861534], [70.29067814378132, 22.944827318226203], [70.36347925626276, 22.9354158635513]], [[70.2727849481669, 23.102591157056338], [70.2692507501221, 23.116145849551344], [70.24839985337067, 23.096745252591376], [70.21800160449058, 23.086089849367085], [70.2149430515806, 23.076259970721196], [70.2727849481669, 23.102591157056338]], [[70.30040967436705, 23.101679920791753], [70.34599614160865, 23.104905605509316], [70.34943401776573, 23.115162014615322], [70.31396222107972, 23.11516630618013], [70.30040967436705, 23.101679920791753]], [[70.35193383717686, 23.116760850033245], [70.38003492347306, 23.089668750912182], [70.38154375563991, 23.080430627071877], [70.37344777619407, 23.064593553250006], [70.4024802444678, 23.060946345497484], [70.40516042741191, 23.05279982055538], [70.40248012575731, 23.042524933978626], [70.39789354824879, 23.036358356453036], [70.40224504477314, 23.0291643142817], [70.43742585142198, 23.062075733908102], [70.48119604606077, 23.07209277136431], [70.5034831763077, 23.11531674836931], [70.55253231491449, 23.16113281252936], [70.50643897088187, 23.169031858433584], [70.4905339478835, 23.14934694800337], [70.44515252157166, 23.169324636322983], [70.37389552615767, 23.154127478700246], [70.35193383717686, 23.116760850033245]], [[70.47943270215754, 23.058150052882695], [70.45336902186298, 23.042819619330032], [70.44676053547047, 23.027343750114028], [70.47943270215754, 23.058150052882695]], [[70.4136581421096, 22.990154147595888], [70.44895064815395, 23.050622820886588], [70.41468250769171, 23.019189834543283], [70.4136581421096, 22.990154147595888]], [[70.43576025932859, 22.983319759599283], [70.43849754292731, 22.978039503520307], [70.45507752870512, 22.995169520057402], [70.43576025932859, 22.983319759599283]], [[70.44143307217863, 23.049324751136396], [70.42011094056747, 23.037180542747905], [70.42184805844127, 23.029289126691907], [70.42977714529903, 23.034804105824918], [70.44143307217863, 23.049324751136396]], [[70.38844585449274, 23.032736301838924], [70.38973116915818, 23.05878782240015], [70.3676303622515, 23.037752151840408], [70.38844585449274, 23.032736301838924]], [[70.39532971419501, 23.05288910884539], [70.40197384341823, 23.0442365407838], [70.40395593661734, 23.052418708556615], [70.39532971419501, 23.05288910884539]], [[70.43093073356661, 22.9276467561929], [70.44781064954199, 22.929981469968965], [70.45685374730274, 22.919195056206974], [70.44592392404999, 22.890368819565452], [70.4695625302866, 22.89350581134417], [70.48043894729969, 22.916113734261558], [70.47299897652161, 22.921763062215604], [70.47090172783263, 22.932769179454084], [70.4711960552539, 22.940945625740085], [70.43722903749025, 22.960904836589037], [70.43093073356661, 22.9276467561929]], [[70.4777381420017, 22.921061038835916], [70.48108541955648, 22.93336355668285], [70.47400414967186, 22.938661455661673], [70.4716433285769, 22.934727072796306], [70.4777381420017, 22.921061038835916]], [[68.59386980514742, 23.803207755133883], [68.60801255713383, 23.805903077265327], [68.60500180678807, 23.809360743003936], [68.59386980514742, 23.803207755133883]], [[68.52272665491134, 23.85979795461199], [68.54687011266569, 23.872802972479207], [68.58765947830236, 23.92124950865795], [68.55931830449626, 23.92286086084013], [68.55705964548642, 23.93155443708764], [68.54257225980197, 23.933712006004328], [68.53530740771086, 23.945788740957653], [68.5256525281417, 23.94058811624862], [68.53174471824431, 23.919039845612446], [68.4865969420953, 23.890319228050004], [68.49111306671475, 23.86610043049049], [68.52272665491134, 23.85979795461199]]], [[[68.75850570187669, 24.058594345653532], [68.80233764666568, 24.024274468092386], [68.82037711161487, 24.039892434688227], [68.87804460537475, 24.049694419062433], [68.79922544919563, 24.019321918671864], [68.75850570187669, 24.058594345653532]]]]}}, {"type": "Feature", "properties": {"type": "MPA", "name": "Sundarbans National Park"}, "geometry": {"type": "Polygon", "coordinates": [[[88.96709633299997, 22.192634499999997], [88.97312249999999, 22.165992500000016], [88.9940555, 22.146010999999987], [88.96455900000001, 22.049909500000012], [88.98168600000002, 22.04039449999999], [88.97121950000002, 22.012801000000024], [88.98073449999998, 21.99852850000002], [88.97788000000003, 21.989964999999984], [88.99500699999999, 21.97378950000001], [89.012134, 21.9852075], [89.01689149999999, 21.98045000000002], [89.00071600000001, 21.955711000000008], [89.0016675, 21.94714750000003], [89.03306700000002, 21.925262999999973], [89.01498850000002, 21.891008999999997], [89.0340185, 21.86056100000002], [89.02450349999998, 21.774925999999994], [89.03211549999997, 21.755896000000007], [89.059709, 21.726399500000014], [89.01023099999998, 21.715933000000007], [88.97883150000001, 21.731156999999996], [88.98929800000002, 21.740672000000018], [88.98549200000002, 21.747332500000027], [88.97026799999998, 21.73591449999998], [88.96360750000002, 21.753041499999995], [88.93030499999998, 21.764459499999987], [88.91888699999998, 21.72544799999997], [88.87892399999998, 21.7454295], [88.86084549999998, 21.771119999999996], [88.8303975, 21.77682900000002], [88.83610650000003, 21.804422499999987], [88.8303975, 21.842482500000017], [88.81802800000003, 21.84724], [88.77140450000002, 21.84057949999999], [88.772356, 21.85390050000001], [88.779968, 21.85580349999998], [88.77140450000002, 21.877687999999978], [88.71621750000003, 21.910990500000025], [88.72573249999999, 21.978546999999992], [88.74856849999998, 21.984256000000016], [88.7580835, 22.006140500000015], [88.76093800000001, 22.021364500000004], [88.74856849999998, 22.064182000000017], [88.7580835, 22.07845450000002], [88.78091949999998, 22.090823999999998], [88.783774, 22.105096500000002], [88.812319, 22.128884000000028], [88.84657299999998, 22.12412649999999], [88.87131199999999, 22.090823999999998], [88.92079000000001, 22.085114999999973], [88.93125650000002, 22.1089025], [88.928402, 22.119369000000006], [88.9103235, 22.13554449999998], [88.896051, 22.168847000000028], [88.92079000000001, 22.165040999999974], [88.92649899999998, 22.178361999999993], [88.9464805, 22.185973999999987], [88.943626, 22.193585999999982], [88.96709633299997, 22.192634499999997]]]}}, {"type": "Feature", "properties": {"type": "MPA", "name": "Chilika Lake"}, "geometry": {"type": "Polygon", "coordinates": [[[85.1893, 19.47007000000002], [85.14228000000003, 19.451819999999998], [85.11937999999998, 19.477649999999983], [85.13123999999999, 19.54858999999999], [85.15165999999999, 19.576739999999972], [85.15057000000002, 19.611649999999997], [85.18313999999998, 19.62659000000002], [85.17854000099999, 19.660630000000026], [85.20994999999999, 19.67903000000001], [85.20731, 19.71787999999998], [85.23205999999999, 19.75216999999998], [85.26792999999998, 19.78017], [85.33897999999999, 19.806519999999978], [85.36739, 19.839159999999993], [85.39981, 19.855669999999975], [85.4513, 19.91271999999998], [85.49158, 19.92014999999998], [85.53093999999999, 19.94461000000001], [85.56252, 19.928020000000004], [85.60093, 19.92649], [85.59091000000001, 19.81799000000001], [85.61131, 19.789379999999994], [85.59523000000002, 19.756579999999985], [85.53159, 19.72381999999999], [85.59163000000001, 19.71339999999998], [85.55786, 19.682900000000018], [85.37288999999998, 19.594400000000007], [85.1893, 19.47007000000002]]]}}, {"type": "Feature", "properties": {"type": "MPA", "name": "Sundarban Wetland"}, "geometry": {"type": "Polygon", "coordinates": [[[88.18853019700003, 21.423477131000027], [88.17481325400007, 21.456686571000034], [88.17048158800009, 21.497837399000048], [88.13943798100007, 21.551983225000072], [88.14250183100006, 21.637220383000056], [88.15389251700003, 21.655832291000024], [88.16903769900006, 21.67110404300007], [88.20008130600007, 21.59746571900007], [88.20777893100006, 21.60416412400008], [88.20083618200005, 21.620000839000056], [88.22029574800007, 21.650889601000074], [88.23110961900005, 21.645280838000076], [88.21630859400005, 21.627239227000075], [88.21945190400004, 21.61471939100005], [88.23055267300003, 21.60972023000005], [88.22679324700005, 21.58591461000003], [88.25422713200004, 21.60035349700007], [88.24416351300005, 21.580833435000045], [88.25666809100005, 21.560831070000063], [88.27361297600004, 21.559444427000074], [88.29104629400007, 21.575807389000033], [88.27371963000007, 21.602519330000064], [88.29682184900008, 21.666050432000077], [88.27916717500005, 21.716939926000066], [88.28250122100008, 21.767219543000067], [88.26484680200008, 21.756942749000075], [88.24772963300006, 21.774342085000058], [88.24487639300008, 21.811519433000058], [88.27086639000004, 21.830605837000064], [88.30010513600007, 21.834666774000027], [88.29029846200007, 21.823801041000024], [88.25056170500005, 21.80989505900004], [88.25443267800006, 21.791200638000078], [88.29287719700005, 21.774829865000072], [88.29766857400006, 21.727458038000066], [88.33015607000004, 21.720148352000024], [88.33249664300007, 21.702222824000046], [88.30829620400004, 21.70697021500007], [88.28944397000004, 21.70166778600003], [88.34454983500007, 21.677637298000036], [88.35807037400008, 21.64750099200006], [88.37538757500005, 21.642231004000053], [88.37470229200005, 21.60728156500005], [88.38589524900004, 21.60636785400004], [88.41627613400004, 21.62464207100004], [88.39868720100009, 21.654337672000054], [88.39823034500006, 21.685175412000035], [88.42455291700009, 21.709356308000054], [88.43990325900006, 21.70930481000005], [88.45190239600004, 21.78144499900003], [88.48510055500003, 21.810683745000063], [88.48181915300006, 21.835128784000062], [88.51007531800008, 21.803983199000072], [88.52225812900008, 21.824084837000044], [88.49454223400005, 21.841140772000074], [88.47741485600005, 21.893259890000024], [88.46563720700004, 21.896394730000054], [88.46614575600006, 21.904528990000074], [88.49386165100003, 21.927371761000074], [88.49386165100003, 21.945645977000027], [88.47893770800005, 21.95965621000005], [88.48655196400006, 21.97853956600005], [88.49903934500009, 21.986153823000052], [88.50401306200007, 21.98149108900003], [88.48716110500004, 21.963920193000035], [88.52281951900005, 21.93309974700003], [88.52188110400004, 21.92072105400007], [88.50389099100005, 21.904167175000055], [88.49694824200003, 21.87567901600005], [88.52614610000006, 21.860366301000056], [88.53436949700006, 21.89356446100004], [88.52827809200005, 21.902701569000044], [88.53223750500007, 21.90879297400005], [88.55394744900008, 21.902708054000072], [88.55751683800008, 21.90970668500006], [88.53558777800004, 21.924326058000077], [88.53041008400004, 21.97092531000004], [88.53750610400004, 21.978691101000038], [88.56025797000007, 21.958133358000055], [88.56604480500005, 21.984326402000022], [88.58645101400003, 21.991331518000038], [88.62873840300006, 22.05166053800008], [88.67816371000004, 22.06736657400006], [88.72232639900005, 22.06279802000006], [88.78750443800004, 22.127671488000033], [88.82362365700004, 22.130052567000064], [88.83897681400003, 22.10391500700007], [88.85968759200006, 22.089600204000078], [88.90385028200006, 22.099346453000067], [88.90628684400008, 22.11822981000006], [88.87491610600006, 22.176402732000042], [88.88070294100004, 22.181884997000054], [88.89842224100005, 22.17055511500007], [88.91201019300007, 22.185941696000043], [88.92284644200004, 22.185505999000043], [88.92528300400005, 22.196470529000067], [88.94264351000004, 22.199516231000075], [88.94112396200006, 22.22521019000004], [88.96122229700006, 22.20773962900006], [88.99858856200007, 22.210863113000073], [89.00447127500007, 22.170886626000026], [89.01756779700008, 22.14926213600006], [89.03682708700006, 22.140001297000026], [89.04010599700007, 22.12733307700006], [89.02016353800008, 22.097032721000062], [89.05319249200005, 22.013648149000062], [89.05427540800008, 21.976828987000033], [89.04194641100008, 21.945829391000075], [89.00608562300005, 21.915644204000046], [89.00500270700007, 21.88802983200003], [89.02754747900008, 21.864982576000045], [89.02088498800003, 21.82691119900005], [89.00717522400004, 21.802452688000074], [89.02342307900005, 21.750578090000033], [89.05484008800005, 21.724040985000045], [89.09497833300009, 21.651308060000076], [89.09922312900005, 21.620522712000025], [89.04130139900008, 21.575482545000057], [88.85253082600008, 21.493787717000032], [88.69152063100006, 21.53423855400007], [88.48133490900005, 21.492201410000064], [88.38377700800004, 21.549308474000043], [88.28225333800003, 21.516789173000063], [88.22673258100008, 21.47792464300005], [88.18853019700003, 21.423477131000027]]]}}, {"type": "Feature", "properties": {"type": "MPA", "name": "Gulf of Mannar Marine Biosphere Reserve"}, "geometry": {"type": "MultiPolygon", "coordinates": [[[[79.18611111100006, 9.166666666000026], [79.03472222300007, 9.166666667000072], [79.03472222200008, 9.218055556000024], [79.08527777700004, 9.234722222000073], [79.16805555500008, 9.218055555000035], [79.18611111100006, 9.166666666000026]]], [[[79.17916666600007, 9.194444444000055], [79.16805555600007, 9.243055556000058], [79.19305555500006, 9.25194444400006], [79.25000000000006, 9.251388889000054], [79.25000000000006, 9.223611111000025], [79.17916666600007, 9.194444444000055]]], [[[78.99583333300006, 9.222222222000028], [78.99583333300006, 9.166666667000072], [78.87500000000006, 9.166666666000026], [78.85833333300008, 9.155555556000024], [78.75000000000006, 9.123055556000054], [78.69444444500004, 9.125000000000057], [78.67222222200007, 9.154166666000037], [78.85833333300008, 9.205555555000046], [78.87500000000006, 9.223611111000025], [78.99583333300006, 9.222222222000028]]], [[[78.62222222200006, 9.104166667000072], [78.47500000000008, 9.041666666000026], [78.45555555600004, 9.093055555000035], [78.57777777800004, 9.120833333000064], [78.62222222200006, 9.104166667000072]]], [[[78.24166667000003, 8.81666666700005], [78.19166667000007, 8.81666666700005], [78.23333333000005, 8.950000000000045], [78.26250000000005, 8.975000000000023], [78.30833333000004, 8.925000000000068], [78.24166667000003, 8.81666666700005]]]]}}, {"type": "Feature", "properties": {"type": "MPA", "name": "Pichavaram Mangrove"}, "geometry": {"type": "Polygon", "coordinates": [[[79.78472285300006, 11.466763697000033], [79.80900543100006, 11.43512104000007], [79.80511204300007, 11.407245889000023], [79.78416592800005, 11.425660640000046], [79.78835211500007, 11.41540929200005], [79.77722276900005, 11.426576301000068], [79.76669872800005, 11.421518492000075], [79.77365279000009, 11.427224919000025], [79.78459479200006, 11.42972388000004], [79.77387549100007, 11.466479996000032], [79.78472285300006, 11.466763697000033]]]}}, {"type": "Feature", "properties": {"type": "MPA", "name": "Thane Creek"}, "geometry": {"type": "Polygon", "coordinates": [[[72.92146781000008, 19.08300580300005], [72.94301679700004, 19.116318427000067], [72.94044721100005, 19.12752454400004], [72.94351734900005, 19.12025150000005], [72.95557865300003, 19.120452928000077], [72.94328298100004, 19.132432116000075], [72.95510528900007, 19.151428064000072], [72.96274344500006, 19.14847010400007], [72.95801912600007, 19.140217197000027], [72.96420068600008, 19.142584184000043], [72.96286838100008, 19.148565509000036], [72.95527450400004, 19.151737834000073], [72.98599826300006, 19.188833155000054], [72.98452910500004, 19.171550384000057], [72.99100964000007, 19.17088898700007], [72.99317227200004, 19.156401622000033], [72.98492368500007, 19.15366524800004], [72.98376816100006, 19.137680400000022], [72.99586772100008, 19.14192482800007], [72.99630156400008, 19.135778435000077], [72.98665155500004, 19.119414368000037], [73.00127932400005, 19.110529341000074], [72.99230979700008, 19.095661679000045], [73.00539348900008, 19.09235973400007], [72.98181831100004, 19.065323298000067], [72.93689154800006, 19.051427344000047], [72.94189116500007, 19.05748087300003], [72.92940096000007, 19.05683646600005], [72.93708492300004, 19.059280904000047], [72.93393653900006, 19.069564031000027], [72.91750486600006, 19.079585017000056], [72.93093109900008, 19.075060534000045], [72.93604540000007, 19.080207509000047], [72.92146781000008, 19.08300580300005]]]}}]}